{
	"__comment": "Designed by Uran2471 with Cubik Studio - https://cubik.studio",
	"textures": {
		"particle": "blocks/particle",
		"texture": "blocks/texture",
		"f4u1-rightwing": "custom/f4u1-rightwing"
	},
	"elements": [ 	 
		{
			"__comment": "rightwing",
			"from": [ 8.375, 4.25, -1.5 ],
			"to": [ 8.875, 5.75, 8 ],
			"faces": {
				"down": { "uv": [ 4.75, 3.75, 5, 8.5 ], "texture": "#f4u1-rightwing" },
				"up": { "uv": [ 4.5, 8.5, 4.75, 3.75 ], "texture": "#f4u1-rightwing" },
				"north": { "uv": [ 16, 12.25, 15.75, 13 ], "texture": "#f4u1-rightwing" },
				"south": { "uv": [ 13.5, 0.25, 13.75, 1 ], "texture": "#f4u1-rightwing" },
				"west": { "uv": [ 1.25, 11.5, 6, 12.25 ], "texture": "#f4u1-rightwing" },
				"east": { "uv": [ 10.75, 11.5, 6, 12.25 ], "texture": "#f4u1-rightwing" }
			}
		},
		{
			"__comment": "rightwing1",
			"from": [ 8.375, 4.75, -2 ],
			"to": [ 8.875, 5.25, -1.5 ],
			"faces": {
				"down": { "uv": [ 14.5, 0.5, 14.75, 0.75 ], "texture": "#f4u1-rightwing" },
				"up": { "uv": [ 14.5, 1, 14.75, 0.75 ], "texture": "#f4u1-rightwing" },
				"north": { "uv": [ 14.75, 1, 14.5, 1.25 ], "texture": "#f4u1-rightwing" },
				"south": { "uv": [ 15.25, 1.25, 15.5, 1.5 ], "texture": "#f4u1-rightwing" },
				"west": { "uv": [ 15, 1.25, 15.25, 1.5 ], "texture": "#f4u1-rightwing" },
				"east": { "uv": [ 15, 1.25, 14.75, 1.5 ], "texture": "#f4u1-rightwing" }
			}
		},
		{
			"__comment": "rightwing2",
			"from": [ 8.375, 4.75, 8 ],
			"to": [ 10.375, 5.75, 8.5 ],
			"faces": {
				"down": { "uv": [ 9.5, 0.5, 10.5, 0.75 ], "texture": "#f4u1-rightwing" },
				"up": { "uv": [ 9.5, 0.5, 10.5, 0.25 ], "texture": "#f4u1-rightwing" },
				"north": { "uv": [ 10.5, 3, 9.5, 3.5 ], "texture": "#f4u1-rightwing" },
				"south": { "uv": [ 3.5, 8, 4.5, 8.5 ], "texture": "#f4u1-rightwing" },
				"west": { "uv": [ 13.75, 0.75, 14, 1.25 ], "texture": "#f4u1-rightwing" },
				"east": { "uv": [ 14, 1.25, 13.75, 1.75 ], "texture": "#f4u1-rightwing" }
			}
		},
		{
			"__comment": "rightwing3",
			"from": [ 8.375, 4.75, 8.5 ],
			"to": [ 9.375, 5.25, 9 ],
			"faces": {
				"down": { "uv": [ 15.25, 2.25, 15.75, 2.5 ], "texture": "#f4u1-rightwing" },
				"up": { "uv": [ 15.25, 2.75, 15.75, 2.5 ], "texture": "#f4u1-rightwing" },
				"north": { "uv": [ 15.75, 3.75, 15.25, 4 ], "texture": "#f4u1-rightwing" },
				"south": { "uv": [ 15.5, 5.5, 16, 5.75 ], "texture": "#f4u1-rightwing" },
				"west": { "uv": [ 13, 0.5, 13.25, 0.75 ], "texture": "#f4u1-rightwing" },
				"east": { "uv": [ 13.25, 0.75, 13, 1 ], "texture": "#f4u1-rightwing" }
			}
		},
		{
			"__comment": "rightwing4",
			"from": [ 8.375, 5.75, 1.5 ],
			"to": [ 18.875, 6.25, 5.5 ],
			"faces": {
				"down": { "uv": [ 5.25, 14, 10.5, 16 ], "texture": "#f4u1-rightwing" },
				"up": { "uv": [ 0, 16, 5.25, 14 ], "texture": "#f4u1-rightwing" },
				"north": { "uv": [ 9.75, 9, 4.5, 9.25 ], "texture": "#f4u1-rightwing" },
				"south": { "uv": [ 9.75, 9, 15, 9.25 ], "texture": "#f4u1-rightwing" },
				"west": { "uv": [ 14, 4.75, 16, 5 ], "texture": "#f4u1-rightwing" },
				"east": { "uv": [ 11.5, 4.5, 9.5, 4.75 ], "texture": "#f4u1-rightwing" }
			}
		},
		{
			"__comment": "rightwing5",
			"from": [ 8.375, 5.75, 5.5 ],
			"to": [ 18.375, 6.25, 6 ],
			"faces": {
				"down": { "uv": [ 4.5, 8.75, 9.5, 9 ], "texture": "#f4u1-rightwing" },
				"up": { "uv": [ 9.5, 9, 14.5, 8.75 ], "texture": "#f4u1-rightwing" },
				"north": { "uv": [ 9.5, 8.5, 4.5, 8.75 ], "texture": "#f4u1-rightwing" },
				"south": { "uv": [ 9.5, 8.5, 14.5, 8.75 ], "texture": "#f4u1-rightwing" },
				"west": { "uv": [ 13, 1, 13.25, 1.25 ], "texture": "#f4u1-rightwing" },
				"east": { "uv": [ 12, 1, 11.75, 1.25 ], "texture": "#f4u1-rightwing" }
			}
		},
		{
			"__comment": "rightwing6",
			"from": [ 8.375, 5.75, 6 ],
			"to": [ 17.875, 6.25, 6.5 ],
			"faces": {
				"down": { "uv": [ 5, 8, 9.75, 8.25 ], "texture": "#f4u1-rightwing" },
				"up": { "uv": [ 9.75, 8.5, 14.5, 8.25 ], "texture": "#f4u1-rightwing" },
				"north": { "uv": [ 15.25, 14, 10.5, 14.25 ], "texture": "#f4u1-rightwing" },
				"south": { "uv": [ 5, 8.25, 9.75, 8.5 ], "texture": "#f4u1-rightwing" },
				"west": { "uv": [ 15.75, 3.75, 16, 4 ], "texture": "#f4u1-rightwing" },
				"east": { "uv": [ 16, 4, 15.75, 4.25 ], "texture": "#f4u1-rightwing" }
			}
		},
		{
			"__comment": "rightwing7",
			"from": [ 8.875, 4.25, -1 ],
			"to": [ 9.375, 5.75, 8 ],
			"faces": {
				"down": { "uv": [ 5, 3, 5.25, 7.5 ], "texture": "#f4u1-rightwing" },
				"up": { "uv": [ 5.25, 7.5, 5.5, 3 ], "texture": "#f4u1-rightwing" },
				"north": { "uv": [ 13.5, 0.25, 13.25, 1 ], "texture": "#f4u1-rightwing" },
				"south": { "uv": [ 13.5, 1, 13.75, 1.75 ], "texture": "#f4u1-rightwing" },
				"west": { "uv": [ 1.25, 10.75, 5.75, 11.5 ], "texture": "#f4u1-rightwing" },
				"east": { "uv": [ 15.25, 11.5, 10.75, 12.25 ], "texture": "#f4u1-rightwing" }
			}
		},
		{
			"__comment": "rightwing8",
			"from": [ 8.875, 4.75, -1.5 ],
			"to": [ 11.375, 5.75, -1 ],
			"faces": {
				"down": { "uv": [ 8.25, 3.5, 9.5, 3.75 ], "texture": "#f4u1-rightwing" },
				"up": { "uv": [ 14.5, 3, 15.75, 2.75 ], "texture": "#f4u1-rightwing" },
				"north": { "uv": [ 14.5, 5.5, 13.25, 6 ], "texture": "#f4u1-rightwing" },
				"south": { "uv": [ 5.5, 0.25, 6.75, 0.75 ], "texture": "#f4u1-rightwing" },
				"west": { "uv": [ 9.25, 1, 9.5, 1.5 ], "texture": "#f4u1-rightwing" },
				"east": { "uv": [ 5.25, 0, 5, 0.5 ], "texture": "#f4u1-rightwing" }
			}
		},
		{
			"__comment": "rightwing9",
			"from": [ 8.875, 5.75, 0.5 ],
			"to": [ 18.375, 6.25, 1.5 ],
			"faces": {
				"down": { "uv": [ 4.5, 10.25, 9.25, 10.75 ], "texture": "#f4u1-rightwing" },
				"up": { "uv": [ 9.25, 10.75, 14, 10.25 ], "texture": "#f4u1-rightwing" },
				"north": { "uv": [ 14.5, 8, 9.75, 8.25 ], "texture": "#f4u1-rightwing" },
				"south": { "uv": [ 5, 7.75, 9.75, 8 ], "texture": "#f4u1-rightwing" },
				"west": { "uv": [ 15.5, 5.75, 16, 6 ], "texture": "#f4u1-rightwing" },
				"east": { "uv": [ 16, 10.25, 15.5, 10.5 ], "texture": "#f4u1-rightwing" }
			}
		},
		{
			"__comment": "rightwing10",
			"from": [ 8.875, 5.75, 6.5 ],
			"to": [ 17.375, 6.25, 7 ],
			"faces": {
				"down": { "uv": [ 9.75, 7, 14, 7.25 ], "texture": "#f4u1-rightwing" },
				"up": { "uv": [ 5.5, 7.25, 9.75, 7 ], "texture": "#f4u1-rightwing" },
				"north": { "uv": [ 9.75, 6.75, 5.5, 7 ], "texture": "#f4u1-rightwing" },
				"south": { "uv": [ 10, 7.25, 14.25, 7.5 ], "texture": "#f4u1-rightwing" },
				"west": { "uv": [ 4.5, 0, 4.75, 0.25 ], "texture": "#f4u1-rightwing" },
				"east": { "uv": [ 16, 9.25, 15.75, 9.5 ], "texture": "#f4u1-rightwing" }
			}
		},
		{
			"__comment": "rightwing11",
			"from": [ 9.375, 4.25, -0.5 ],
			"to": [ 9.875, 6.25, 0.5 ],
			"faces": {
				"down": { "uv": [ 4.25, 4.75, 4.5, 5.25 ], "texture": "#f4u1-rightwing" },
				"up": { "uv": [ 4.25, 5.75, 4.5, 5.25 ], "texture": "#f4u1-rightwing" },
				"north": { "uv": [ 4.75, 0.25, 4.5, 1.25 ], "texture": "#f4u1-rightwing" },
				"south": { "uv": [ 5, 2, 5.25, 3 ], "texture": "#f4u1-rightwing" },
				"west": { "uv": [ 15.25, 14, 15.75, 15 ], "texture": "#f4u1-rightwing" },
				"east": { "uv": [ 15.75, 15, 15.25, 16 ], "texture": "#f4u1-rightwing" }
			}
		},
		{
			"__comment": "rightwing12",
			"from": [ 9.375, 4.25, 0.5 ],
			"to": [ 10.375, 5.75, 7 ],
			"faces": {
				"down": { "uv": [ 1.25, 6.75, 1.75, 10 ], "texture": "#f4u1-rightwing" },
				"up": { "uv": [ 1.75, 10, 2.25, 6.75 ], "texture": "#f4u1-rightwing" },
				"north": { "uv": [ 16, 10.75, 15.5, 11.5 ], "texture": "#f4u1-rightwing" },
				"south": { "uv": [ 15.25, 11.5, 15.75, 12.25 ], "texture": "#f4u1-rightwing" },
				"west": { "uv": [ 12.25, 10.75, 15.5, 11.5 ], "texture": "#f4u1-rightwing" },
				"east": { "uv": [ 4.5, 10, 1.25, 10.75 ], "texture": "#f4u1-rightwing" }
			}
		},
		{
			"__comment": "rightwing13",
			"from": [ 9.375, 4.25, 7 ],
			"to": [ 9.875, 6.25, 7.5 ],
			"faces": {
				"down": { "uv": [ 4.25, 1.5, 4.5, 1.75 ], "texture": "#f4u1-rightwing" },
				"up": { "uv": [ 4.25, 2, 4.5, 1.75 ], "texture": "#f4u1-rightwing" },
				"north": { "uv": [ 5, 0.25, 4.75, 1.25 ], "texture": "#f4u1-rightwing" },
				"south": { "uv": [ 15.75, 13, 16, 14 ], "texture": "#f4u1-rightwing" },
				"west": { "uv": [ 15.75, 14, 16, 15 ], "texture": "#f4u1-rightwing" },
				"east": { "uv": [ 16, 15, 15.75, 16 ], "texture": "#f4u1-rightwing" }
			}
		},
		{
			"__comment": "rightwing14",
			"from": [ 9.375, 4.75, -1 ],
			"to": [ 11.875, 5.75, -0.5 ],
			"faces": {
				"down": { "uv": [ 12, 2.5, 13.25, 2.75 ], "texture": "#f4u1-rightwing" },
				"up": { "uv": [ 12, 2.5, 13.25, 2.25 ], "texture": "#f4u1-rightwing" },
				"north": { "uv": [ 9.25, 0, 8, 0.5 ], "texture": "#f4u1-rightwing" },
				"south": { "uv": [ 6.75, 0.25, 8, 0.75 ], "texture": "#f4u1-rightwing" },
				"west": { "uv": [ 4, 7.25, 4.25, 7.75 ], "texture": "#f4u1-rightwing" },
				"east": { "uv": [ 4.5, 5.75, 4.25, 6.25 ], "texture": "#f4u1-rightwing" }
			}
		},
		{
			"__comment": "rightwing15",
			"from": [ 9.375, 4.75, 7.5 ],
			"to": [ 11.375, 5.75, 8 ],
			"faces": {
				"down": { "uv": [ 12, 0, 13, 0.25 ], "texture": "#f4u1-rightwing" },
				"up": { "uv": [ 13.25, 2.75, 14.25, 2.5 ], "texture": "#f4u1-rightwing" },
				"north": { "uv": [ 15.5, 5.5, 14.5, 6 ], "texture": "#f4u1-rightwing" },
				"south": { "uv": [ 15, 9.75, 16, 10.25 ], "texture": "#f4u1-rightwing" },
				"west": { "uv": [ 4.25, 6.25, 4.5, 6.75 ], "texture": "#f4u1-rightwing" },
				"east": { "uv": [ 14, 0.25, 13.75, 0.75 ], "texture": "#f4u1-rightwing" }
			}
		},
		{
			"__comment": "rightwing16",
			"from": [ 9.875, 4.75, -0.5 ],
			"to": [ 12.375, 6.25, 0.5 ],
			"faces": {
				"down": { "uv": [ 5.5, 0.75, 6.75, 1.25 ], "texture": "#f4u1-rightwing" },
				"up": { "uv": [ 0, 0.5, 1.25, 0 ], "texture": "#f4u1-rightwing" },
				"north": { "uv": [ 3.5, 7.75, 2.25, 8.5 ], "texture": "#f4u1-rightwing" },
				"south": { "uv": [ 2.25, 8.5, 3.5, 9.25 ], "texture": "#f4u1-rightwing" },
				"west": { "uv": [ 9.5, 2.25, 10, 3 ], "texture": "#f4u1-rightwing" },
				"east": { "uv": [ 10.5, 2.25, 10, 3 ], "texture": "#f4u1-rightwing" }
			}
		},
		{
			"__comment": "rightwing17",
			"from": [ 9.875, 4.75, 7 ],
			"to": [ 11.875, 6.25, 7.5 ],
			"faces": {
				"down": { "uv": [ 14.25, 2, 15.25, 2.25 ], "texture": "#f4u1-rightwing" },
				"up": { "uv": [ 13.25, 2.25, 14.25, 2 ], "texture": "#f4u1-rightwing" },
				"north": { "uv": [ 4.5, 8.5, 3.5, 9.25 ], "texture": "#f4u1-rightwing" },
				"south": { "uv": [ 3.5, 9.25, 4.5, 10 ], "texture": "#f4u1-rightwing" },
				"west": { "uv": [ 5.25, 0, 5.5, 0.75 ], "texture": "#f4u1-rightwing" },
				"east": { "uv": [ 5.25, 0.5, 5, 1.25 ], "texture": "#f4u1-rightwing" }
			}
		},
		{
			"__comment": "rightwing18",
			"from": [ 9.875, 5.75, -1 ],
			"to": [ 17.375, 6.25, -0.5 ],
			"faces": {
				"down": { "uv": [ 5.5, 4.5, 9.25, 4.75 ], "texture": "#f4u1-rightwing" },
				"up": { "uv": [ 5.5, 5, 9.25, 4.75 ], "texture": "#f4u1-rightwing" },
				"north": { "uv": [ 9.25, 4.25, 5.5, 4.5 ], "texture": "#f4u1-rightwing" },
				"south": { "uv": [ 5.5, 5, 9.25, 5.25 ], "texture": "#f4u1-rightwing" },
				"west": { "uv": [ 15, 0.5, 15.25, 0.75 ], "texture": "#f4u1-rightwing" },
				"east": { "uv": [ 15.25, 1, 15, 1.25 ], "texture": "#f4u1-rightwing" }
			}
		},
		{
			"__comment": "rightwing19",
			"from": [ 10.375, 4.75, 0.5 ],
			"to": [ 12.875, 5.75, 6.5 ],
			"faces": {
				"down": { "uv": [ 0, 6.25, 1.25, 9.25 ], "texture": "#f4u1-rightwing" },
				"up": { "uv": [ 0, 12.25, 1.25, 9.25 ], "texture": "#f4u1-rightwing" },
				"north": { "uv": [ 13.25, 5.5, 12, 6 ], "texture": "#f4u1-rightwing" },
				"south": { "uv": [ 9.5, 5.5, 10.75, 6 ], "texture": "#f4u1-rightwing" },
				"west": { "uv": [ 1.25, 5.75, 4.25, 6.25 ], "texture": "#f4u1-rightwing" },
				"east": { "uv": [ 4.25, 6.25, 1.25, 6.75 ], "texture": "#f4u1-rightwing" }
			}
		},
		{
			"__comment": "rightwing20",
			"from": [ 10.375, 4.75, 6.5 ],
			"to": [ 12.375, 5.75, 7 ],
			"faces": {
				"down": { "uv": [ 9.5, 0.75, 10.5, 1 ], "texture": "#f4u1-rightwing" },
				"up": { "uv": [ 12, 0.5, 13, 0.25 ], "texture": "#f4u1-rightwing" },
				"north": { "uv": [ 10.5, 4, 9.5, 4.5 ], "texture": "#f4u1-rightwing" },
				"south": { "uv": [ 9.5, 3.5, 10.5, 4 ], "texture": "#f4u1-rightwing" },
				"west": { "uv": [ 4.25, 7.25, 4.5, 7.75 ], "texture": "#f4u1-rightwing" },
				"east": { "uv": [ 9.5, 0, 9.25, 0.5 ], "texture": "#f4u1-rightwing" }
			}
		},
		{
			"__comment": "rightwing21",
			"from": [ 10.375, 5.25, 8 ],
			"to": [ 12.375, 5.75, 8.5 ],
			"faces": {
				"down": { "uv": [ 13.25, 2.25, 14.25, 2.5 ], "texture": "#f4u1-rightwing" },
				"up": { "uv": [ 12, 1.25, 13, 1 ], "texture": "#f4u1-rightwing" },
				"north": { "uv": [ 10.5, 0, 9.5, 0.25 ], "texture": "#f4u1-rightwing" },
				"south": { "uv": [ 9.5, 2, 10.5, 2.25 ], "texture": "#f4u1-rightwing" },
				"west": { "uv": [ 15.5, 1.5, 15.75, 1.75 ], "texture": "#f4u1-rightwing" },
				"east": { "uv": [ 15.5, 1.5, 15.25, 1.75 ], "texture": "#f4u1-rightwing" }
			}
		},
		{
			"__comment": "rightwing22",
			"from": [ 10.875, 5.75, -1.5 ],
			"to": [ 15.875, 6.25, -1 ],
			"faces": {
				"down": { "uv": [ 5.5, 1.75, 8, 2 ], "texture": "#f4u1-rightwing" },
				"up": { "uv": [ 9.5, 6.5, 12, 6.25 ], "texture": "#f4u1-rightwing" },
				"north": { "uv": [ 8, 1.5, 5.5, 1.75 ], "texture": "#f4u1-rightwing" },
				"south": { "uv": [ 5.5, 1.25, 8, 1.5 ], "texture": "#f4u1-rightwing" },
				"west": { "uv": [ 14, 0, 14.25, 0.25 ], "texture": "#f4u1-rightwing" },
				"east": { "uv": [ 16, 4.25, 15.75, 4.5 ], "texture": "#f4u1-rightwing" }
			}
		},
		{
			"__comment": "rightwing23",
			"from": [ 10.875, 5.75, 7.5 ],
			"to": [ 14.875, 6.25, 8 ],
			"faces": {
				"down": { "uv": [ 13.5, 4.5, 15.5, 4.75 ], "texture": "#f4u1-rightwing" },
				"up": { "uv": [ 11.5, 4.75, 13.5, 4.5 ], "texture": "#f4u1-rightwing" },
				"north": { "uv": [ 16, 7, 14, 7.25 ], "texture": "#f4u1-rightwing" },
				"south": { "uv": [ 14, 6.75, 16, 7 ], "texture": "#f4u1-rightwing" },
				"west": { "uv": [ 9.25, 4.25, 9.5, 4.5 ], "texture": "#f4u1-rightwing" },
				"east": { "uv": [ 9.5, 4.5, 9.25, 4.75 ], "texture": "#f4u1-rightwing" }
			}
		},
		{
			"__comment": "rightwing24",
			"from": [ 11.375, 5.25, -1.5 ],
			"to": [ 13.875, 5.75, -1 ],
			"faces": {
				"down": { "uv": [ 8.25, 2, 9.5, 2.25 ], "texture": "#f4u1-rightwing" },
				"up": { "uv": [ 8.25, 3.5, 9.5, 3.25 ], "texture": "#f4u1-rightwing" },
				"north": { "uv": [ 9.5, 3, 8.25, 3.25 ], "texture": "#f4u1-rightwing" },
				"south": { "uv": [ 8.25, 2.75, 9.5, 3 ], "texture": "#f4u1-rightwing" },
				"west": { "uv": [ 9.25, 4.75, 9.5, 5 ], "texture": "#f4u1-rightwing" },
				"east": { "uv": [ 15.75, 1.25, 15.5, 1.5 ], "texture": "#f4u1-rightwing" }
			}
		},
		{
			"__comment": "rightwing25",
			"from": [ 11.375, 5.25, 7.5 ],
			"to": [ 13.375, 5.75, 8 ],
			"faces": {
				"down": { "uv": [ 12, 0.5, 13, 0.75 ], "texture": "#f4u1-rightwing" },
				"up": { "uv": [ 12, 1, 13, 0.75 ], "texture": "#f4u1-rightwing" },
				"north": { "uv": [ 10.5, 1.25, 9.5, 1.5 ], "texture": "#f4u1-rightwing" },
				"south": { "uv": [ 9.5, 1.5, 10.5, 1.75 ], "texture": "#f4u1-rightwing" },
				"west": { "uv": [ 4.25, 0.5, 4.5, 0.75 ], "texture": "#f4u1-rightwing" },
				"east": { "uv": [ 4.5, 0.75, 4.25, 1 ], "texture": "#f4u1-rightwing" }
			}
		},
		{
			"__comment": "rightwing26",
			"from": [ 11.875, 5.25, -1 ],
			"to": [ 14.875, 5.75, -0.5 ],
			"faces": {
				"down": { "uv": [ 12.25, 3.75, 13.75, 4 ], "texture": "#f4u1-rightwing" },
				"up": { "uv": [ 10.5, 2.5, 12, 2.25 ], "texture": "#f4u1-rightwing" },
				"north": { "uv": [ 12, 1.75, 10.5, 2 ], "texture": "#f4u1-rightwing" },
				"south": { "uv": [ 10.5, 1.5, 12, 1.75 ], "texture": "#f4u1-rightwing" },
				"west": { "uv": [ 4.25, 1, 4.5, 1.25 ], "texture": "#f4u1-rightwing" },
				"east": { "uv": [ 4.5, 1.25, 4.25, 1.5 ], "texture": "#f4u1-rightwing" }
			}
		},
		{
			"__comment": "rightwing27",
			"from": [ 11.875, 5.25, 7 ],
			"to": [ 14.375, 6.25, 7.5 ],
			"faces": {
				"down": { "uv": [ 8.25, 2.5, 9.5, 2.75 ], "texture": "#f4u1-rightwing" },
				"up": { "uv": [ 8.25, 2.5, 9.5, 2.25 ], "texture": "#f4u1-rightwing" },
				"north": { "uv": [ 9.25, 1, 8, 1.5 ], "texture": "#f4u1-rightwing" },
				"south": { "uv": [ 8, 0.5, 9.25, 1 ], "texture": "#f4u1-rightwing" },
				"west": { "uv": [ 14.25, 0.5, 14.5, 1 ], "texture": "#f4u1-rightwing" },
				"east": { "uv": [ 14.5, 1, 14.25, 1.5 ], "texture": "#f4u1-rightwing" }
			}
		},
		{
			"__comment": "rightwing28",
			"from": [ 11.875, 6.25, 1.5 ],
			"to": [ 21.375, 6.75, 5 ],
			"faces": {
				"down": { "uv": [ 0, 12.25, 4.75, 14 ], "texture": "#f4u1-rightwing" },
				"up": { "uv": [ 10.5, 16, 15.25, 14.25 ], "texture": "#f4u1-rightwing" },
				"north": { "uv": [ 14.5, 7.75, 9.75, 8 ], "texture": "#f4u1-rightwing" },
				"south": { "uv": [ 5, 7.5, 9.75, 7.75 ], "texture": "#f4u1-rightwing" },
				"west": { "uv": [ 12.25, 4.25, 14, 4.5 ], "texture": "#f4u1-rightwing" },
				"east": { "uv": [ 15.75, 4.25, 14, 4.5 ], "texture": "#f4u1-rightwing" }
			}
		},
		{
			"__comment": "rightwing29",
			"from": [ 11.875, 6.25, 5 ],
			"to": [ 20.875, 6.75, 6 ],
			"faces": {
				"down": { "uv": [ 4.5, 9.75, 9, 10.25 ], "texture": "#f4u1-rightwing" },
				"up": { "uv": [ 9, 10.25, 13.5, 9.75 ], "texture": "#f4u1-rightwing" },
				"north": { "uv": [ 14.25, 7.5, 9.75, 7.75 ], "texture": "#f4u1-rightwing" },
				"south": { "uv": [ 5.5, 7.25, 10, 7.5 ], "texture": "#f4u1-rightwing" },
				"west": { "uv": [ 14.75, 1.5, 15.25, 1.75 ], "texture": "#f4u1-rightwing" },
				"east": { "uv": [ 16, 4.5, 15.5, 4.75 ], "texture": "#f4u1-rightwing" }
			}
		},
		{
			"__comment": "rightwing30",
			"from": [ 12.375, 4.75, 0 ],
			"to": [ 12.875, 6.25, 0.5 ],
			"faces": {
				"down": { "uv": [ 15.75, 2.25, 16, 2.5 ], "texture": "#f4u1-rightwing" },
				"up": { "uv": [ 15, 0.5, 15.25, 0.25 ], "texture": "#f4u1-rightwing" },
				"north": { "uv": [ 13.5, 1, 13.25, 1.75 ], "texture": "#f4u1-rightwing" },
				"south": { "uv": [ 5.25, 0.75, 5.5, 1.5 ], "texture": "#f4u1-rightwing" },
				"west": { "uv": [ 5.25, 1.5, 5.5, 2.25 ], "texture": "#f4u1-rightwing" },
				"east": { "uv": [ 5.5, 2.25, 5.25, 3 ], "texture": "#f4u1-rightwing" }
			}
		},
		{
			"__comment": "rightwing31",
			"from": [ 12.375, 5.25, -0.5 ],
			"to": [ 15.375, 6.25, 0 ],
			"faces": {
				"down": { "uv": [ 14.5, 8.5, 16, 8.75 ], "texture": "#f4u1-rightwing" },
				"up": { "uv": [ 10.5, 3.75, 12, 3.5 ], "texture": "#f4u1-rightwing" },
				"north": { "uv": [ 15.5, 10.25, 14, 10.75 ], "texture": "#f4u1-rightwing" },
				"south": { "uv": [ 13.5, 9.75, 15, 10.25 ], "texture": "#f4u1-rightwing" },
				"west": { "uv": [ 9.25, 0.5, 9.5, 1 ], "texture": "#f4u1-rightwing" },
				"east": { "uv": [ 14.25, 1.25, 14, 1.75 ], "texture": "#f4u1-rightwing" }
			}
		},
		{
			"__comment": "rightwing32",
			"from": [ 12.375, 5.25, 6.5 ],
			"to": [ 14.875, 5.75, 7 ],
			"faces": {
				"down": { "uv": [ 13.25, 3.25, 14.5, 3.5 ], "texture": "#f4u1-rightwing" },
				"up": { "uv": [ 5.5, 0.25, 6.75, 0 ], "texture": "#f4u1-rightwing" },
				"north": { "uv": [ 8, 0, 6.75, 0.25 ], "texture": "#f4u1-rightwing" },
				"south": { "uv": [ 10.5, 1, 11.75, 1.25 ], "texture": "#f4u1-rightwing" },
				"west": { "uv": [ 15, 0, 15.25, 0.25 ], "texture": "#f4u1-rightwing" },
				"east": { "uv": [ 15.5, 0.5, 15.25, 0.75 ], "texture": "#f4u1-rightwing" }
			}
		},
		{
			"__comment": "rightwing33",
			"from": [ 12.375, 6.25, 0.5 ],
			"to": [ 20.875, 6.75, 1.5 ],
			"faces": {
				"down": { "uv": [ 8.75, 9.25, 13, 9.75 ], "texture": "#f4u1-rightwing" },
				"up": { "uv": [ 4.5, 9.75, 8.75, 9.25 ], "texture": "#f4u1-rightwing" },
				"north": { "uv": [ 9.75, 6.5, 5.5, 6.75 ], "texture": "#f4u1-rightwing" },
				"south": { "uv": [ 9.75, 6.75, 14, 7 ], "texture": "#f4u1-rightwing" },
				"west": { "uv": [ 4, 6.75, 4.5, 7 ], "texture": "#f4u1-rightwing" },
				"east": { "uv": [ 4.5, 7, 4, 7.25 ], "texture": "#f4u1-rightwing" }
			}
		},
		{
			"__comment": "rightwing34",
			"from": [ 12.375, 6.25, 6 ],
			"to": [ 20.375, 6.75, 6.5 ],
			"faces": {
				"down": { "uv": [ 5.5, 6, 9.5, 6.25 ], "texture": "#f4u1-rightwing" },
				"up": { "uv": [ 5.5, 6.5, 9.5, 6.25 ], "texture": "#f4u1-rightwing" },
				"north": { "uv": [ 13.75, 6.5, 9.75, 6.75 ], "texture": "#f4u1-rightwing" },
				"south": { "uv": [ 5.5, 5.75, 9.5, 6 ], "texture": "#f4u1-rightwing" },
				"west": { "uv": [ 15.75, 2, 16, 2.25 ], "texture": "#f4u1-rightwing" },
				"east": { "uv": [ 16, 1.75, 15.75, 2 ], "texture": "#f4u1-rightwing" }
			}
		},
		{
			"__comment": "rightwing35",
			"from": [ 12.875, 4.75, 1 ],
			"to": [ 13.375, 5.75, 6 ],
			"faces": {
				"down": { "uv": [ 4.75, 1.25, 5, 3.75 ], "texture": "#f4u1-rightwing" },
				"up": { "uv": [ 4.5, 3.75, 4.75, 1.25 ], "texture": "#f4u1-rightwing" },
				"north": { "uv": [ 14.25, 0.25, 14, 0.75 ], "texture": "#f4u1-rightwing" },
				"south": { "uv": [ 14, 0.75, 14.25, 1.25 ], "texture": "#f4u1-rightwing" },
				"west": { "uv": [ 1.25, 4.25, 3.75, 4.75 ], "texture": "#f4u1-rightwing" },
				"east": { "uv": [ 3.75, 3.75, 1.25, 4.25 ], "texture": "#f4u1-rightwing" }
			}
		},
		{
			"__comment": "rightwing36",
			"from": [ 12.875, 5.25, 0 ],
			"to": [ 15.375, 6.75, 0.5 ],
			"faces": {
				"down": { "uv": [ 10.5, 0.75, 11.75, 1 ], "texture": "#f4u1-rightwing" },
				"up": { "uv": [ 10.5, 0.75, 11.75, 0.5 ], "texture": "#f4u1-rightwing" },
				"north": { "uv": [ 3.5, 9.25, 2.25, 10 ], "texture": "#f4u1-rightwing" },
				"south": { "uv": [ 0, 0.5, 1.25, 1.25 ], "texture": "#f4u1-rightwing" },
				"west": { "uv": [ 15.75, 11.5, 16, 12.25 ], "texture": "#f4u1-rightwing" },
				"east": { "uv": [ 5.25, 1.25, 5, 2 ], "texture": "#f4u1-rightwing" }
			}
		},
		{
			"__comment": "rightwing37",
			"from": [ 12.875, 5.25, 0.5 ],
			"to": [ 15.875, 5.75, 1 ],
			"faces": {
				"down": { "uv": [ 14.5, 6.25, 16, 6.5 ], "texture": "#f4u1-rightwing" },
				"up": { "uv": [ 8, 1.75, 9.5, 1.5 ], "texture": "#f4u1-rightwing" },
				"north": { "uv": [ 9.5, 1.75, 8, 2 ], "texture": "#f4u1-rightwing" },
				"south": { "uv": [ 14.5, 8, 16, 8.25 ], "texture": "#f4u1-rightwing" },
				"west": { "uv": [ 4.25, 0.25, 4.5, 0.5 ], "texture": "#f4u1-rightwing" },
				"east": { "uv": [ 4.5, 0, 4.25, 0.25 ], "texture": "#f4u1-rightwing" }
			}
		},
		{
			"__comment": "rightwing38",
			"from": [ 12.875, 5.25, 6 ],
			"to": [ 15.375, 5.75, 6.5 ],
			"faces": {
				"down": { "uv": [ 10.5, 0.25, 11.75, 0.5 ], "texture": "#f4u1-rightwing" },
				"up": { "uv": [ 10.5, 0.25, 11.75, 0 ], "texture": "#f4u1-rightwing" },
				"north": { "uv": [ 13.25, 3.5, 12, 3.75 ], "texture": "#f4u1-rightwing" },
				"south": { "uv": [ 13.25, 3.5, 14.5, 3.75 ], "texture": "#f4u1-rightwing" },
				"west": { "uv": [ 4.75, 0, 5, 0.25 ], "texture": "#f4u1-rightwing" },
				"east": { "uv": [ 9.5, 5, 9.25, 5.25 ], "texture": "#f4u1-rightwing" }
			}
		},
		{
			"__comment": "rightwing39",
			"from": [ 13.375, 5.25, 1 ],
			"to": [ 15.875, 5.75, 6 ],
			"faces": {
				"down": { "uv": [ 0, 1.25, 1.25, 3.75 ], "texture": "#f4u1-rightwing" },
				"up": { "uv": [ 0, 6.25, 1.25, 3.75 ], "texture": "#f4u1-rightwing" },
				"north": { "uv": [ 15.75, 3.5, 14.5, 3.75 ], "texture": "#f4u1-rightwing" },
				"south": { "uv": [ 12, 3.25, 13.25, 3.5 ], "texture": "#f4u1-rightwing" },
				"west": { "uv": [ 9.5, 6, 12, 6.25 ], "texture": "#f4u1-rightwing" },
				"east": { "uv": [ 14.5, 6.25, 12, 6.5 ], "texture": "#f4u1-rightwing" }
			}
		},
		{
			"__comment": "rightwing40",
			"from": [ 13.375, 6.25, -0.5 ],
			"to": [ 20.875, 6.75, 0 ],
			"faces": {
				"down": { "uv": [ 5.5, 5.25, 9.25, 5.5 ], "texture": "#f4u1-rightwing" },
				"up": { "uv": [ 5.5, 4.25, 9.25, 4 ], "texture": "#f4u1-rightwing" },
				"north": { "uv": [ 9.25, 5.5, 5.5, 5.75 ], "texture": "#f4u1-rightwing" },
				"south": { "uv": [ 5.5, 3.75, 9.25, 4 ], "texture": "#f4u1-rightwing" },
				"west": { "uv": [ 13, 0.25, 13.25, 0.5 ], "texture": "#f4u1-rightwing" },
				"east": { "uv": [ 13.5, 0, 13.25, 0.25 ], "texture": "#f4u1-rightwing" }
			}
		},
		{
			"__comment": "rightwing41",
			"from": [ 13.375, 6.25, 6.5 ],
			"to": [ 19.375, 6.75, 7 ],
			"faces": {
				"down": { "uv": [ 1.25, 1, 4.25, 1.25 ], "texture": "#f4u1-rightwing" },
				"up": { "uv": [ 1.25, 1.75, 4.25, 1.5 ], "texture": "#f4u1-rightwing" },
				"north": { "uv": [ 4.25, 1.75, 1.25, 2 ], "texture": "#f4u1-rightwing" },
				"south": { "uv": [ 1.25, 2, 4.25, 2.25 ], "texture": "#f4u1-rightwing" },
				"west": { "uv": [ 15.75, 1.5, 16, 1.75 ], "texture": "#f4u1-rightwing" },
				"east": { "uv": [ 14.5, 0.25, 14.25, 0.5 ], "texture": "#f4u1-rightwing" }
			}
		},
		{
			"__comment": "rightwing42",
			"from": [ 13.875, 6.25, -1 ],
			"to": [ 20.375, 6.75, -0.5 ],
			"faces": {
				"down": { "uv": [ 1.25, 2.75, 4.5, 3 ], "texture": "#f4u1-rightwing" },
				"up": { "uv": [ 1.25, 3.25, 4.5, 3 ], "texture": "#f4u1-rightwing" },
				"north": { "uv": [ 4.5, 3.5, 1.25, 3.75 ], "texture": "#f4u1-rightwing" },
				"south": { "uv": [ 1.25, 2.25, 4.5, 2.5 ], "texture": "#f4u1-rightwing" },
				"west": { "uv": [ 14.25, 0, 14.5, 0.25 ], "texture": "#f4u1-rightwing" },
				"east": { "uv": [ 14.75, 1.25, 14.5, 1.5 ], "texture": "#f4u1-rightwing" }
			}
		},
		{
			"__comment": "rightwing43",
			"from": [ 14.375, 5.75, 7 ],
			"to": [ 16.375, 6.25, 7.5 ],
			"faces": {
				"down": { "uv": [ 3.5, 7.75, 4.5, 8 ], "texture": "#f4u1-rightwing" },
				"up": { "uv": [ 14.25, 2.5, 15.25, 2.25 ], "texture": "#f4u1-rightwing" },
				"north": { "uv": [ 14.25, 1.75, 13.25, 2 ], "texture": "#f4u1-rightwing" },
				"south": { "uv": [ 14.25, 2.5, 15.25, 2.75 ], "texture": "#f4u1-rightwing" },
				"west": { "uv": [ 15.75, 1.25, 16, 1.5 ], "texture": "#f4u1-rightwing" },
				"east": { "uv": [ 14.75, 0.25, 14.5, 0.5 ], "texture": "#f4u1-rightwing" }
			}
		},
		{
			"__comment": "rightwing44",
			"from": [ 14.875, 6.25, 7 ],
			"to": [ 17.875, 6.75, 7.5 ],
			"faces": {
				"down": { "uv": [ 13.75, 3.75, 15.25, 4 ], "texture": "#f4u1-rightwing" },
				"up": { "uv": [ 14.5, 8, 16, 7.75 ], "texture": "#f4u1-rightwing" },
				"north": { "uv": [ 12, 1.25, 10.5, 1.5 ], "texture": "#f4u1-rightwing" },
				"south": { "uv": [ 14.5, 8.25, 16, 8.5 ], "texture": "#f4u1-rightwing" },
				"west": { "uv": [ 15.25, 1, 15.5, 1.25 ], "texture": "#f4u1-rightwing" },
				"east": { "uv": [ 15.75, 1, 15.5, 1.25 ], "texture": "#f4u1-rightwing" }
			}
		},
		{
			"__comment": "rightwing45",
			"from": [ 15.375, 5.75, -0.5 ],
			"to": [ 17.875, 6.25, 0.5 ],
			"faces": {
				"down": { "uv": [ 6.75, 0.75, 8, 1.25 ], "texture": "#f4u1-rightwing" },
				"up": { "uv": [ 10.75, 6, 12, 5.5 ], "texture": "#f4u1-rightwing" },
				"north": { "uv": [ 15.75, 3.25, 14.5, 3.5 ], "texture": "#f4u1-rightwing" },
				"south": { "uv": [ 12, 3, 13.25, 3.25 ], "texture": "#f4u1-rightwing" },
				"west": { "uv": [ 3.75, 4, 4.25, 4.25 ], "texture": "#f4u1-rightwing" },
				"east": { "uv": [ 14.75, 1.5, 14.25, 1.75 ], "texture": "#f4u1-rightwing" }
			}
		},
		{
			"__comment": "rightwing46",
			"from": [ 15.375, 6.25, 0 ],
			"to": [ 20.875, 6.75, 0.5 ],
			"faces": {
				"down": { "uv": [ 5.5, 3.25, 8.25, 3.5 ], "texture": "#f4u1-rightwing" },
				"up": { "uv": [ 5.5, 3, 8.25, 2.75 ], "texture": "#f4u1-rightwing" },
				"north": { "uv": [ 8.25, 2.25, 5.5, 2.5 ], "texture": "#f4u1-rightwing" },
				"south": { "uv": [ 5.5, 3, 8.25, 3.25 ], "texture": "#f4u1-rightwing" },
				"west": { "uv": [ 4.25, 4, 4.5, 4.25 ], "texture": "#f4u1-rightwing" },
				"east": { "uv": [ 16, 1, 15.75, 1.25 ], "texture": "#f4u1-rightwing" }
			}
		},
		{
			"__comment": "rightwing47",
			"from": [ 15.875, 6.25, -1.5 ],
			"to": [ 17.875, 6.75, -1 ],
			"faces": {
				"down": { "uv": [ 14.25, 1.75, 15.25, 2 ], "texture": "#f4u1-rightwing" },
				"up": { "uv": [ 15, 9.25, 16, 9 ], "texture": "#f4u1-rightwing" },
				"north": { "uv": [ 10.5, 1.75, 9.5, 2 ], "texture": "#f4u1-rightwing" },
				"south": { "uv": [ 9.5, 1, 10.5, 1.25 ], "texture": "#f4u1-rightwing" },
				"west": { "uv": [ 4.25, 3.75, 4.5, 4 ], "texture": "#f4u1-rightwing" },
				"east": { "uv": [ 4.5, 2, 4.25, 2.25 ], "texture": "#f4u1-rightwing" }
			}
		},
		{
			"__comment": "rightwing48",
			"from": [ 15.875, 6.75, 1 ],
			"to": [ 22.875, 7.25, 4 ],
			"faces": {
				"down": { "uv": [ 8.25, 12.5, 11.75, 14 ], "texture": "#f4u1-rightwing" },
				"up": { "uv": [ 4.75, 14, 8.25, 12.5 ], "texture": "#f4u1-rightwing" },
				"north": { "uv": [ 8.25, 12.25, 4.75, 12.5 ], "texture": "#f4u1-rightwing" },
				"south": { "uv": [ 8.25, 12.25, 11.75, 12.5 ], "texture": "#f4u1-rightwing" },
				"west": { "uv": [ 10.5, 2, 12, 2.25 ], "texture": "#f4u1-rightwing" },
				"east": { "uv": [ 16, 8.75, 14.5, 9 ], "texture": "#f4u1-rightwing" }
			}
		},
		{
			"__comment": "rightwing49",
			"from": [ 15.875, 6.75, 4 ],
			"to": [ 22.375, 7.25, 5.5 ],
			"faces": {
				"down": { "uv": [ 5.75, 10.75, 9, 11.5 ], "texture": "#f4u1-rightwing" },
				"up": { "uv": [ 9, 11.5, 12.25, 10.75 ], "texture": "#f4u1-rightwing" },
				"north": { "uv": [ 4.5, 3.25, 1.25, 3.5 ], "texture": "#f4u1-rightwing" },
				"south": { "uv": [ 1.25, 2.5, 4.5, 2.75 ], "texture": "#f4u1-rightwing" },
				"west": { "uv": [ 3.75, 4.25, 4.5, 4.5 ], "texture": "#f4u1-rightwing" },
				"east": { "uv": [ 4.5, 4.5, 3.75, 4.75 ], "texture": "#f4u1-rightwing" }
			}
		},
		{
			"__comment": "rightwing50",
			"from": [ 16.375, 6.75, 0 ],
			"to": [ 22.375, 7.25, 1 ],
			"faces": {
				"down": { "uv": [ 1.25, 4.75, 4.25, 5.25 ], "texture": "#f4u1-rightwing" },
				"up": { "uv": [ 1.25, 5.75, 4.25, 5.25 ], "texture": "#f4u1-rightwing" },
				"north": { "uv": [ 4.25, 0, 1.25, 0.25 ], "texture": "#f4u1-rightwing" },
				"south": { "uv": [ 1.25, 0.25, 4.25, 0.5 ], "texture": "#f4u1-rightwing" },
				"west": { "uv": [ 3.75, 3.75, 4.25, 4 ], "texture": "#f4u1-rightwing" },
				"east": { "uv": [ 16, 10.5, 15.5, 10.75 ], "texture": "#f4u1-rightwing" }
			}
		},
		{
			"__comment": "rightwing51",
			"from": [ 16.375, 6.75, 5.5 ],
			"to": [ 22.375, 7.25, 6 ],
			"faces": {
				"down": { "uv": [ 1.25, 0.5, 4.25, 0.75 ], "texture": "#f4u1-rightwing" },
				"up": { "uv": [ 1.25, 1, 4.25, 0.75 ], "texture": "#f4u1-rightwing" },
				"north": { "uv": [ 4.25, 1.25, 1.25, 1.5 ], "texture": "#f4u1-rightwing" },
				"south": { "uv": [ 13, 9.5, 16, 9.75 ], "texture": "#f4u1-rightwing" },
				"west": { "uv": [ 9.25, 5.5, 9.5, 5.75 ], "texture": "#f4u1-rightwing" },
				"east": { "uv": [ 9.5, 5.25, 9.25, 5.5 ], "texture": "#f4u1-rightwing" }
			}
		},
		{
			"__comment": "rightwing52",
			"from": [ 16.875, 6.75, -0.5 ],
			"to": [ 22.375, 7.25, 0 ],
			"faces": {
				"down": { "uv": [ 5.5, 3.5, 8.25, 3.75 ], "texture": "#f4u1-rightwing" },
				"up": { "uv": [ 13, 9.5, 15.75, 9.25 ], "texture": "#f4u1-rightwing" },
				"north": { "uv": [ 8.25, 2, 5.5, 2.25 ], "texture": "#f4u1-rightwing" },
				"south": { "uv": [ 5.5, 2.5, 8.25, 2.75 ], "texture": "#f4u1-rightwing" },
				"west": { "uv": [ 9.25, 4, 9.5, 4.25 ], "texture": "#f4u1-rightwing" },
				"east": { "uv": [ 9.5, 3.75, 9.25, 4 ], "texture": "#f4u1-rightwing" }
			}
		},
		{
			"__comment": "rightwing53",
			"from": [ 16.875, 6.75, 6 ],
			"to": [ 21.375, 7.25, 6.5 ],
			"faces": {
				"down": { "uv": [ 12, 6, 14.25, 6.25 ], "texture": "#f4u1-rightwing" },
				"up": { "uv": [ 9.5, 5.5, 11.75, 5.25 ], "texture": "#f4u1-rightwing" },
				"north": { "uv": [ 14, 4.75, 11.75, 5 ], "texture": "#f4u1-rightwing" },
				"south": { "uv": [ 11.75, 5, 14, 5.25 ], "texture": "#f4u1-rightwing" },
				"west": { "uv": [ 11.75, 0.75, 12, 1 ], "texture": "#f4u1-rightwing" },
				"east": { "uv": [ 12, 0.5, 11.75, 0.75 ], "texture": "#f4u1-rightwing" }
			}
		},
		{
			"__comment": "rightwing54",
			"from": [ 17.875, 5.75, 0 ],
			"to": [ 18.375, 6.25, 0.5 ],
			"faces": {
				"down": { "uv": [ 11.75, 0.25, 12, 0.5 ], "texture": "#f4u1-rightwing" },
				"up": { "uv": [ 11.75, 0.25, 12, 0 ], "texture": "#f4u1-rightwing" },
				"north": { "uv": [ 16, 3.5, 15.75, 3.75 ], "texture": "#f4u1-rightwing" },
				"south": { "uv": [ 15.75, 3.25, 16, 3.5 ], "texture": "#f4u1-rightwing" },
				"west": { "uv": [ 15.75, 3, 16, 3.25 ], "texture": "#f4u1-rightwing" },
				"east": { "uv": [ 16, 2.75, 15.75, 3 ], "texture": "#f4u1-rightwing" }
			}
		},
		{
			"__comment": "rightwing55",
			"from": [ 17.875, 6.75, -1 ],
			"to": [ 22.375, 7.25, -0.5 ],
			"faces": {
				"down": { "uv": [ 11.75, 5.25, 14, 5.5 ], "texture": "#f4u1-rightwing" },
				"up": { "uv": [ 13.75, 6.75, 16, 6.5 ], "texture": "#f4u1-rightwing" },
				"north": { "uv": [ 11.75, 4.75, 9.5, 5 ], "texture": "#f4u1-rightwing" },
				"south": { "uv": [ 9.5, 5, 11.75, 5.25 ], "texture": "#f4u1-rightwing" },
				"west": { "uv": [ 13, 0, 13.25, 0.25 ], "texture": "#f4u1-rightwing" },
				"east": { "uv": [ 16, 2.5, 15.75, 2.75 ], "texture": "#f4u1-rightwing" }
			}
		},
		{
			"__comment": "rightwing56",
			"from": [ 18.375, 6.75, 6.5 ],
			"to": [ 20.875, 7.25, 7 ],
			"faces": {
				"down": { "uv": [ 13.25, 3, 14.5, 3.25 ], "texture": "#f4u1-rightwing" },
				"up": { "uv": [ 14.5, 3.25, 15.75, 3 ], "texture": "#f4u1-rightwing" },
				"north": { "uv": [ 13.25, 2.75, 12, 3 ], "texture": "#f4u1-rightwing" },
				"south": { "uv": [ 13.25, 2.75, 14.5, 3 ], "texture": "#f4u1-rightwing" },
				"west": { "uv": [ 13.5, 0, 13.75, 0.25 ], "texture": "#f4u1-rightwing" },
				"east": { "uv": [ 14, 0, 13.75, 0.25 ], "texture": "#f4u1-rightwing" }
			}
		},
		{
			"__comment": "rightwing57",
			"from": [ 19.875, 7.25, 0.5 ],
			"to": [ 23.875, 7.75, 4 ],
			"faces": {
				"down": { "uv": [ 13.75, 12.25, 15.75, 14 ], "texture": "#f4u1-rightwing" },
				"up": { "uv": [ 11.75, 14, 13.75, 12.25 ], "texture": "#f4u1-rightwing" },
				"north": { "uv": [ 16, 5, 14, 5.25 ], "texture": "#f4u1-rightwing" },
				"south": { "uv": [ 14, 5.25, 16, 5.5 ], "texture": "#f4u1-rightwing" },
				"west": { "uv": [ 14.25, 7.25, 16, 7.5 ], "texture": "#f4u1-rightwing" },
				"east": { "uv": [ 16, 6, 14.25, 6.25 ], "texture": "#f4u1-rightwing" }
			}
		},
		{
			"__comment": "rightwing58",
			"from": [ 19.875, 7.25, 4 ],
			"to": [ 23.375, 7.75, 5 ],
			"faces": {
				"down": { "uv": [ 2.25, 6.75, 4, 7.25 ], "texture": "#f4u1-rightwing" },
				"up": { "uv": [ 2.25, 7.75, 4, 7.25 ], "texture": "#f4u1-rightwing" },
				"north": { "uv": [ 12.25, 4.25, 10.5, 4.5 ], "texture": "#f4u1-rightwing" },
				"south": { "uv": [ 10.5, 4, 12.25, 4.25 ], "texture": "#f4u1-rightwing" },
				"west": { "uv": [ 15.25, 2, 15.75, 2.25 ], "texture": "#f4u1-rightwing" },
				"east": { "uv": [ 15.75, 1.75, 15.25, 2 ], "texture": "#f4u1-rightwing" }
			}
		},
		{
			"__comment": "rightwing59",
			"from": [ 19.875, 7.25, 5 ],
			"to": [ 22.875, 7.75, 5.5 ],
			"faces": {
				"down": { "uv": [ 10.5, 3.25, 12, 3.5 ], "texture": "#f4u1-rightwing" },
				"up": { "uv": [ 10.5, 3.25, 12, 3 ], "texture": "#f4u1-rightwing" },
				"north": { "uv": [ 12, 2.75, 10.5, 3 ], "texture": "#f4u1-rightwing" },
				"south": { "uv": [ 10.5, 2.5, 12, 2.75 ], "texture": "#f4u1-rightwing" },
				"west": { "uv": [ 14.5, 0, 14.75, 0.25 ], "texture": "#f4u1-rightwing" },
				"east": { "uv": [ 15, 1, 14.75, 1.25 ], "texture": "#f4u1-rightwing" }
			}
		},
		{
			"__comment": "rightwing60",
			"from": [ 20.375, 7.25, 0 ],
			"to": [ 23.875, 7.75, 0.5 ],
			"faces": {
				"down": { "uv": [ 12.25, 4, 14, 4.25 ], "texture": "#f4u1-rightwing" },
				"up": { "uv": [ 14, 4.25, 15.75, 4 ], "texture": "#f4u1-rightwing" },
				"north": { "uv": [ 12.25, 3.75, 10.5, 4 ], "texture": "#f4u1-rightwing" },
				"south": { "uv": [ 14.25, 7.5, 16, 7.75 ], "texture": "#f4u1-rightwing" },
				"west": { "uv": [ 14.75, 0.75, 15, 1 ], "texture": "#f4u1-rightwing" },
				"east": { "uv": [ 15, 0.5, 14.75, 0.75 ], "texture": "#f4u1-rightwing" }
			}
		},
		{
			"__comment": "rightwing61",
			"from": [ 20.875, 6.25, 1 ],
			"to": [ 21.375, 6.75, 1.5 ],
			"faces": {
				"down": { "uv": [ 14.75, 0.25, 15, 0.5 ], "texture": "#f4u1-rightwing" },
				"up": { "uv": [ 14.75, 0.25, 15, 0 ], "texture": "#f4u1-rightwing" },
				"north": { "uv": [ 15.25, 0.75, 15, 1 ], "texture": "#f4u1-rightwing" },
				"south": { "uv": [ 15.25, 0.75, 15.5, 1 ], "texture": "#f4u1-rightwing" },
				"west": { "uv": [ 15.5, 0.75, 15.75, 1 ], "texture": "#f4u1-rightwing" },
				"east": { "uv": [ 16, 0.75, 15.75, 1 ], "texture": "#f4u1-rightwing" }
			}
		},
		{
			"__comment": "rightwing62",
			"from": [ 20.875, 7.25, -0.5 ],
			"to": [ 23.375, 7.75, 0 ],
			"faces": {
				"down": { "uv": [ 12, 2, 13.25, 2.25 ], "texture": "#f4u1-rightwing" },
				"up": { "uv": [ 12, 2, 13.25, 1.75 ], "texture": "#f4u1-rightwing" },
				"north": { "uv": [ 13.25, 1.5, 12, 1.75 ], "texture": "#f4u1-rightwing" },
				"south": { "uv": [ 12, 1.25, 13.25, 1.5 ], "texture": "#f4u1-rightwing" },
				"west": { "uv": [ 15.5, 0.5, 15.75, 0.75 ], "texture": "#f4u1-rightwing" },
				"east": { "uv": [ 16, 0.5, 15.75, 0.75 ], "texture": "#f4u1-rightwing" }
			}
		},
		{
			"__comment": "rightwing63",
			"from": [ 21.875, 7.25, -1 ],
			"to": [ 22.375, 7.75, -0.5 ],
			"faces": {
				"down": { "uv": [ 15.25, 0.25, 15.5, 0.5 ], "texture": "#f4u1-rightwing" },
				"up": { "uv": [ 15.25, 0.25, 15.5, 0 ], "texture": "#f4u1-rightwing" },
				"north": { "uv": [ 15.75, 0.25, 15.5, 0.5 ], "texture": "#f4u1-rightwing" },
				"south": { "uv": [ 15.75, 0.25, 16, 0.5 ], "texture": "#f4u1-rightwing" },
				"west": { "uv": [ 15.5, 0, 15.75, 0.25 ], "texture": "#f4u1-rightwing" },
				"east": { "uv": [ 16, 0, 15.75, 0.25 ], "texture": "#f4u1-rightwing" }
			}
		}
	],
	"display": {
		"thirdperson_righthand": {
			"translation":  [ 25.4, 0, -20 ],
			"scale":  [ 3.99, 3.99, 3.99 ]
		}
	}
}