{
	"__comment": "Designed by Uran2471 with Cubik Studio - https://cubik.studio",
	"textures": {
		"particle": "blocks/particle",
		"texture": "blocks/texture",
		"voxels_atlas": "custom/ki-21-right-wing"
	},
	"elements": [ 	 
		{
			"__comment": "Voxels",
			"from": [ 2.8, 10.4008, 10.4105 ],
			"to": [ 3.6103, 13.642, 18.5135 ],
			"faces": {
				"down": { "uv": [ 2.75, 0, 3, 2.5 ], "texture": "#voxels_atlas" },
				"up": { "uv": [ 2.5, 2.5, 2.75, 0 ], "texture": "#voxels_atlas" },
				"north": { "uv": [ 2.5, 5.5, 2.25, 6.5 ], "texture": "#voxels_atlas" },
				"south": { "uv": [ 8, 0, 8.25, 1 ], "texture": "#voxels_atlas" },
				"west": { "uv": [ 0, 13, 2.5, 14 ], "texture": "#voxels_atlas" },
				"east": { "uv": [ 2.5, 12, 0, 13 ], "texture": "#voxels_atlas" }
			}
		},
		{
			"__comment": "Voxels",
			"from": [ 2.8, 11.2111, 7.1693 ],
			"to": [ 4.4206, 12.8317, 10.4105 ],
			"faces": {
				"down": { "uv": [ 2, 11, 2.5, 12 ], "texture": "#voxels_atlas" },
				"up": { "uv": [ 2, 10.75, 2.5, 9.75 ], "texture": "#voxels_atlas" },
				"north": { "uv": [ 9.5, 2, 9, 2.5 ], "texture": "#voxels_atlas" },
				"south": { "uv": [ 4, 0, 4.5, 0.5 ], "texture": "#voxels_atlas" },
				"west": { "uv": [ 3, 0.5, 4, 1 ], "texture": "#voxels_atlas" },
				"east": { "uv": [ 4, 0, 3, 0.5 ], "texture": "#voxels_atlas" }
			}
		},
		{
			"__comment": "Voxels",
			"from": [ 2.8, 11.2111, 18.5136 ],
			"to": [ 6.0412, 12.8317, 19.3239 ],
			"faces": {
				"down": { "uv": [ 6.75, 5, 7.75, 5.25 ], "texture": "#voxels_atlas" },
				"up": { "uv": [ 15, 9.5, 16, 9.25 ], "texture": "#voxels_atlas" },
				"north": { "uv": [ 5.5, 2, 4.5, 2.5 ], "texture": "#voxels_atlas" },
				"south": { "uv": [ 4.5, 1.5, 5.5, 2 ], "texture": "#voxels_atlas" },
				"west": { "uv": [ 10, 4.25, 10.25, 4.75 ], "texture": "#voxels_atlas" },
				"east": { "uv": [ 10, 3.75, 9.75, 4.25 ], "texture": "#voxels_atlas" }
			}
		},
		{
			"__comment": "Voxels",
			"from": [ 2.8, 11.2111, 19.3239 ],
			"to": [ 5.2309, 12.8317, 20.9445 ],
			"faces": {
				"down": { "uv": [ 8.5, 3, 9.25, 3.5 ], "texture": "#voxels_atlas" },
				"up": { "uv": [ 7.75, 3, 8.5, 2.5 ], "texture": "#voxels_atlas" },
				"north": { "uv": [ 9.25, 2.5, 8.5, 3 ], "texture": "#voxels_atlas" },
				"south": { "uv": [ 8.5, 4.5, 9.25, 5 ], "texture": "#voxels_atlas" },
				"west": { "uv": [ 4, 3, 4.5, 3.5 ], "texture": "#voxels_atlas" },
				"east": { "uv": [ 2.5, 0.75, 2, 1.25 ], "texture": "#voxels_atlas" }
			}
		},
		{
			"__comment": "Voxels",
			"from": [ 2.8, 11.2111, 20.9445 ],
			"to": [ 4.4206, 12.8317, 21.7548 ],
			"faces": {
				"down": { "uv": [ 2, 10.75, 2.5, 11 ], "texture": "#voxels_atlas" },
				"up": { "uv": [ 2, 9.75, 2.5, 9.5 ], "texture": "#voxels_atlas" },
				"north": { "uv": [ 2.5, 2.25, 2, 2.75 ], "texture": "#voxels_atlas" },
				"south": { "uv": [ 2, 2.75, 2.5, 3.25 ], "texture": "#voxels_atlas" },
				"west": { "uv": [ 15.75, 14.75, 16, 15.25 ], "texture": "#voxels_atlas" },
				"east": { "uv": [ 2.5, 4.25, 2.25, 4.75 ], "texture": "#voxels_atlas" }
			}
		},
		{
			"__comment": "Voxels",
			"from": [ 2.8, 11.2111, 21.7548 ],
			"to": [ 3.6103, 12.8317, 22.5651 ],
			"faces": {
				"down": { "uv": [ 10.25, 5, 10.5, 5.25 ], "texture": "#voxels_atlas" },
				"up": { "uv": [ 10.25, 5.5, 10.5, 5.25 ], "texture": "#voxels_atlas" },
				"north": { "uv": [ 2.5, 3.75, 2.25, 4.25 ], "texture": "#voxels_atlas" },
				"south": { "uv": [ 2.25, 3.25, 2.5, 3.75 ], "texture": "#voxels_atlas" },
				"west": { "uv": [ 5.25, 0, 5.5, 0.5 ], "texture": "#voxels_atlas" },
				"east": { "uv": [ 9.5, 4.5, 9.25, 5 ], "texture": "#voxels_atlas" }
			}
		},
		{
			"__comment": "Voxels",
			"from": [ 2.8, 12.8317, 7.9796 ],
			"to": [ 14.1442, 13.642, 10.4105 ],
			"faces": {
				"down": { "uv": [ 0, 14, 3.5, 14.75 ], "texture": "#voxels_atlas" },
				"up": { "uv": [ 10, 16, 13.5, 15.25 ], "texture": "#voxels_atlas" },
				"north": { "uv": [ 16, 12, 12.5, 12.25 ], "texture": "#voxels_atlas" },
				"south": { "uv": [ 12.5, 11.75, 16, 12 ], "texture": "#voxels_atlas" },
				"west": { "uv": [ 9.5, 5.75, 10.25, 6 ], "texture": "#voxels_atlas" },
				"east": { "uv": [ 7.5, 4, 6.75, 4.25 ], "texture": "#voxels_atlas" }
			}
		},
		{
			"__comment": "Voxels",
			"from": [ 3.6103, 10.4008, 12.0311 ],
			"to": [ 4.4206, 13.642, 16.8929 ],
			"faces": {
				"down": { "uv": [ 8, 1, 8.25, 2.5 ], "texture": "#voxels_atlas" },
				"up": { "uv": [ 7.75, 2.5, 8, 1 ], "texture": "#voxels_atlas" },
				"north": { "uv": [ 2.5, 6.5, 2.25, 7.5 ], "texture": "#voxels_atlas" },
				"south": { "uv": [ 7.75, 0, 8, 1 ], "texture": "#voxels_atlas" },
				"west": { "uv": [ 0, 6.5, 1.5, 7.5 ], "texture": "#voxels_atlas" },
				"east": { "uv": [ 1.5, 5.5, 0, 6.5 ], "texture": "#voxels_atlas" }
			}
		},
		{
			"__comment": "Voxels",
			"from": [ 3.6103, 11.2111, 10.4105 ],
			"to": [ 6.0412, 13.642, 12.0311 ],
			"faces": {
				"down": { "uv": [ 8.25, 2, 9, 2.5 ], "texture": "#voxels_atlas" },
				"up": { "uv": [ 8.75, 0.75, 9.5, 0.25 ], "texture": "#voxels_atlas" },
				"north": { "uv": [ 16, 14, 15.25, 14.75 ], "texture": "#voxels_atlas" },
				"south": { "uv": [ 3.75, 1, 4.5, 1.75 ], "texture": "#voxels_atlas" },
				"west": { "uv": [ 8.25, 1.25, 8.75, 2 ], "texture": "#voxels_atlas" },
				"east": { "uv": [ 9.25, 1.25, 8.75, 2 ], "texture": "#voxels_atlas" }
			}
		},
		{
			"__comment": "Voxels",
			"from": [ 3.6103, 11.2111, 16.8929 ],
			"to": [ 6.0412, 13.642, 18.5135 ],
			"faces": {
				"down": { "uv": [ 7.75, 4.5, 8.5, 5 ], "texture": "#voxels_atlas" },
				"up": { "uv": [ 7.75, 3.5, 8.5, 3 ], "texture": "#voxels_atlas" },
				"north": { "uv": [ 4.5, 1.75, 3.75, 2.5 ], "texture": "#voxels_atlas" },
				"south": { "uv": [ 3, 1, 3.75, 1.75 ], "texture": "#voxels_atlas" },
				"west": { "uv": [ 4, 4.5, 4.5, 5.25 ], "texture": "#voxels_atlas" },
				"east": { "uv": [ 2.5, 0, 2, 0.75 ], "texture": "#voxels_atlas" }
			}
		},
		{
			"__comment": "Voxels",
			"from": [ 3.6103, 12.0214, 21.7548 ],
			"to": [ 7.6618, 12.8317, 22.5651 ],
			"faces": {
				"down": { "uv": [ 11, 6.25, 12.25, 6.5 ], "texture": "#voxels_atlas" },
				"up": { "uv": [ 12.25, 6.5, 13.5, 6.25 ], "texture": "#voxels_atlas" },
				"north": { "uv": [ 14.75, 6.25, 13.5, 6.5 ], "texture": "#voxels_atlas" },
				"south": { "uv": [ 14.75, 6.25, 16, 6.5 ], "texture": "#voxels_atlas" },
				"west": { "uv": [ 10, 2, 10.25, 2.25 ], "texture": "#voxels_atlas" },
				"east": { "uv": [ 10, 2, 9.75, 2.25 ], "texture": "#voxels_atlas" }
			}
		},
		{
			"__comment": "Voxels",
			"from": [ 3.6103, 12.8317, 18.5136 ],
			"to": [ 18.1957, 13.642, 19.3239 ],
			"faces": {
				"down": { "uv": [ 7, 10.25, 11.5, 10.5 ], "texture": "#voxels_atlas" },
				"up": { "uv": [ 11.5, 10.5, 16, 10.25 ], "texture": "#voxels_atlas" },
				"north": { "uv": [ 7, 10, 2.5, 10.25 ], "texture": "#voxels_atlas" },
				"south": { "uv": [ 7, 10, 11.5, 10.25 ], "texture": "#voxels_atlas" },
				"west": { "uv": [ 10, 3.5, 10.25, 3.75 ], "texture": "#voxels_atlas" },
				"east": { "uv": [ 10, 3.5, 9.75, 3.75 ], "texture": "#voxels_atlas" }
			}
		},
		{
			"__comment": "Voxels",
			"from": [ 4.4206, 11.2111, 8.7899 ],
			"to": [ 5.2309, 12.8317, 10.4105 ],
			"faces": {
				"down": { "uv": [ 9.5, 0.75, 9.75, 1.25 ], "texture": "#voxels_atlas" },
				"up": { "uv": [ 9.5, 1.75, 9.75, 1.25 ], "texture": "#voxels_atlas" },
				"north": { "uv": [ 9.75, 1.75, 9.5, 2.25 ], "texture": "#voxels_atlas" },
				"south": { "uv": [ 9.5, 2.25, 9.75, 2.75 ], "texture": "#voxels_atlas" },
				"west": { "uv": [ 2, 1.75, 2.5, 2.25 ], "texture": "#voxels_atlas" },
				"east": { "uv": [ 2.5, 1.25, 2, 1.75 ], "texture": "#voxels_atlas" }
			}
		},
		{
			"__comment": "Voxels",
			"from": [ 4.4206, 11.2111, 12.0311 ],
			"to": [ 6.8515, 14.4523, 13.6517 ],
			"faces": {
				"down": { "uv": [ 8.75, 0.75, 9.5, 1.25 ], "texture": "#voxels_atlas" },
				"up": { "uv": [ 8.5, 4, 9.25, 3.5 ], "texture": "#voxels_atlas" },
				"north": { "uv": [ 2.25, 6.5, 1.5, 7.5 ], "texture": "#voxels_atlas" },
				"south": { "uv": [ 1.5, 5.5, 2.25, 6.5 ], "texture": "#voxels_atlas" },
				"west": { "uv": [ 2, 8.5, 2.5, 9.5 ], "texture": "#voxels_atlas" },
				"east": { "uv": [ 2.5, 7.5, 2, 8.5 ], "texture": "#voxels_atlas" }
			}
		},
		{
			"__comment": "Voxels",
			"from": [ 4.4206, 11.2111, 13.6517 ],
			"to": [ 6.8515, 13.642, 16.8929 ],
			"faces": {
				"down": { "uv": [ 2.5, 4.25, 3.25, 5.25 ], "texture": "#voxels_atlas" },
				"up": { "uv": [ 3.25, 5.25, 4, 4.25 ], "texture": "#voxels_atlas" },
				"north": { "uv": [ 3.75, 1.75, 3, 2.5 ], "texture": "#voxels_atlas" },
				"south": { "uv": [ 1.75, 4.75, 2.5, 5.5 ], "texture": "#voxels_atlas" },
				"west": { "uv": [ 3.5, 3.5, 4.5, 4.25 ], "texture": "#voxels_atlas" },
				"east": { "uv": [ 3.5, 3.5, 2.5, 4.25 ], "texture": "#voxels_atlas" }
			}
		},
		{
			"__comment": "Voxels",
			"from": [ 4.4206, 12.0214, 20.9445 ],
			"to": [ 10.0927, 12.8317, 21.7548 ],
			"faces": {
				"down": { "uv": [ 13, 7, 14.75, 7.25 ], "texture": "#voxels_atlas" },
				"up": { "uv": [ 11.25, 7.25, 13, 7 ], "texture": "#voxels_atlas" },
				"north": { "uv": [ 14.75, 6.5, 13, 6.75 ], "texture": "#voxels_atlas" },
				"south": { "uv": [ 7.75, 6, 9.5, 6.25 ], "texture": "#voxels_atlas" },
				"west": { "uv": [ 7.5, 6.25, 7.75, 6.5 ], "texture": "#voxels_atlas" },
				"east": { "uv": [ 7.75, 6.5, 7.5, 6.75 ], "texture": "#voxels_atlas" }
			}
		},
		{
			"__comment": "Voxels",
			"from": [ 5.2309, 11.2111, 9.6002 ],
			"to": [ 6.0412, 12.8317, 10.4105 ],
			"faces": {
				"down": { "uv": [ 10, 3.75, 10.25, 4 ], "texture": "#voxels_atlas" },
				"up": { "uv": [ 10, 4.25, 10.25, 4 ], "texture": "#voxels_atlas" },
				"north": { "uv": [ 9.75, 2.75, 9.5, 3.25 ], "texture": "#voxels_atlas" },
				"south": { "uv": [ 9.5, 3.25, 9.75, 3.75 ], "texture": "#voxels_atlas" },
				"west": { "uv": [ 9.5, 3.75, 9.75, 4.25 ], "texture": "#voxels_atlas" },
				"east": { "uv": [ 9.75, 4.25, 9.5, 4.75 ], "texture": "#voxels_atlas" }
			}
		},
		{
			"__comment": "Voxels",
			"from": [ 5.2309, 12.0214, 8.7899 ],
			"to": [ 10.903, 12.8317, 9.6002 ],
			"faces": {
				"down": { "uv": [ 9.5, 6.75, 11.25, 7 ], "texture": "#voxels_atlas" },
				"up": { "uv": [ 11.25, 7, 13, 6.75 ], "texture": "#voxels_atlas" },
				"north": { "uv": [ 9.5, 6.25, 7.75, 6.5 ], "texture": "#voxels_atlas" },
				"south": { "uv": [ 7.75, 5.75, 9.5, 6 ], "texture": "#voxels_atlas" },
				"west": { "uv": [ 10, 0.25, 10.25, 0.5 ], "texture": "#voxels_atlas" },
				"east": { "uv": [ 10, 0, 9.75, 0.25 ], "texture": "#voxels_atlas" }
			}
		},
		{
			"__comment": "Voxels",
			"from": [ 5.2309, 12.0214, 19.3239 ],
			"to": [ 11.7133, 13.642, 20.1342 ],
			"faces": {
				"down": { "uv": [ 5.5, 0.75, 7.5, 1 ], "texture": "#voxels_atlas" },
				"up": { "uv": [ 5.5, 0.75, 7.5, 0.5 ], "texture": "#voxels_atlas" },
				"north": { "uv": [ 4.5, 8.75, 2.5, 9.25 ], "texture": "#voxels_atlas" },
				"south": { "uv": [ 0, 0.25, 2, 0.75 ], "texture": "#voxels_atlas" },
				"west": { "uv": [ 9.5, 5.25, 9.75, 5.75 ], "texture": "#voxels_atlas" },
				"east": { "uv": [ 8.75, 0, 8.5, 0.5 ], "texture": "#voxels_atlas" }
			}
		},
		{
			"__comment": "Voxels",
			"from": [ 5.2309, 12.0214, 20.1342 ],
			"to": [ 10.903, 12.8317, 20.9445 ],
			"faces": {
				"down": { "uv": [ 7.75, 6.75, 9.5, 7 ], "texture": "#voxels_atlas" },
				"up": { "uv": [ 7.75, 5.5, 9.5, 5.25 ], "texture": "#voxels_atlas" },
				"north": { "uv": [ 9.5, 5.5, 7.75, 5.75 ], "texture": "#voxels_atlas" },
				"south": { "uv": [ 7.75, 7, 9.5, 7.25 ], "texture": "#voxels_atlas" },
				"west": { "uv": [ 15.75, 7.5, 16, 7.75 ], "texture": "#voxels_atlas" },
				"east": { "uv": [ 10, 1.75, 9.75, 2 ], "texture": "#voxels_atlas" }
			}
		},
		{
			"__comment": "Voxels",
			"from": [ 5.2309, 13.642, 11.2208 ],
			"to": [ 25.4884, 14.4523, 12.0311 ],
			"faces": {
				"down": { "uv": [ 2.5, 13.5, 8.75, 13.75 ], "texture": "#voxels_atlas" },
				"up": { "uv": [ 8.75, 13.75, 15, 13.5 ], "texture": "#voxels_atlas" },
				"north": { "uv": [ 8.75, 13.25, 2.5, 13.5 ], "texture": "#voxels_atlas" },
				"south": { "uv": [ 8.75, 13.25, 15, 13.5 ], "texture": "#voxels_atlas" },
				"west": { "uv": [ 10, 0.75, 10.25, 1 ], "texture": "#voxels_atlas" },
				"east": { "uv": [ 10, 0.5, 9.75, 0.75 ], "texture": "#voxels_atlas" }
			}
		},
		{
			"__comment": "Voxels",
			"from": [ 5.2309, 13.642, 13.6517 ],
			"to": [ 27.109, 14.4523, 15.2723 ],
			"faces": {
				"down": { "uv": [ 0, 14.75, 6.75, 15.25 ], "texture": "#voxels_atlas" },
				"up": { "uv": [ 6.75, 15.25, 13.5, 14.75 ], "texture": "#voxels_atlas" },
				"north": { "uv": [ 9.25, 13.75, 2.5, 14 ], "texture": "#voxels_atlas" },
				"south": { "uv": [ 9.25, 13.75, 16, 14 ], "texture": "#voxels_atlas" },
				"west": { "uv": [ 4, 4.25, 4.5, 4.5 ], "texture": "#voxels_atlas" },
				"east": { "uv": [ 16, 9.5, 15.5, 9.75 ], "texture": "#voxels_atlas" }
			}
		},
		{
			"__comment": "Voxels",
			"from": [ 6.0412, 12.0214, 9.6002 ],
			"to": [ 11.7133, 12.8317, 12.0311 ],
			"faces": {
				"down": { "uv": [ 0, 4.75, 1.75, 5.5 ], "texture": "#voxels_atlas" },
				"up": { "uv": [ 13.5, 14.75, 15.25, 14 ], "texture": "#voxels_atlas" },
				"north": { "uv": [ 13, 6.5, 11.25, 6.75 ], "texture": "#voxels_atlas" },
				"south": { "uv": [ 13, 6.75, 14.75, 7 ], "texture": "#voxels_atlas" },
				"west": { "uv": [ 6.75, 3.75, 7.5, 4 ], "texture": "#voxels_atlas" },
				"east": { "uv": [ 7.5, 4.25, 6.75, 4.5 ], "texture": "#voxels_atlas" }
			}
		},
		{
			"__comment": "Voxels",
			"from": [ 6.0412, 12.0214, 16.8929 ],
			"to": [ 13.3339, 13.642, 17.7032 ],
			"faces": {
				"down": { "uv": [ 4.5, 5, 6.75, 5.25 ], "texture": "#voxels_atlas" },
				"up": { "uv": [ 4.5, 3.5, 6.75, 3.25 ], "texture": "#voxels_atlas" },
				"north": { "uv": [ 2.25, 4.25, 0, 4.75 ], "texture": "#voxels_atlas" },
				"south": { "uv": [ 0, 3.75, 2.25, 4.25 ], "texture": "#voxels_atlas" },
				"west": { "uv": [ 9.25, 2.5, 9.5, 3 ], "texture": "#voxels_atlas" },
				"east": { "uv": [ 9.5, 3, 9.25, 3.5 ], "texture": "#voxels_atlas" }
			}
		},
		{
			"__comment": "Voxels",
			"from": [ 6.0412, 12.0214, 17.7032 ],
			"to": [ 12.5236, 13.642, 18.5135 ],
			"faces": {
				"down": { "uv": [ 5.5, 0.25, 7.5, 0.5 ], "texture": "#voxels_atlas" },
				"up": { "uv": [ 5.5, 0.25, 7.5, 0 ], "texture": "#voxels_atlas" },
				"north": { "uv": [ 2, 1.25, 0, 1.75 ], "texture": "#voxels_atlas" },
				"south": { "uv": [ 0, 0.75, 2, 1.25 ], "texture": "#voxels_atlas" },
				"west": { "uv": [ 9.25, 3.5, 9.5, 4 ], "texture": "#voxels_atlas" },
				"east": { "uv": [ 10, 4.25, 9.75, 4.75 ], "texture": "#voxels_atlas" }
			}
		},
		{
			"__comment": "Voxels",
			"from": [ 6.0412, 12.0214, 18.5136 ],
			"to": [ 12.5236, 12.8317, 19.3239 ],
			"faces": {
				"down": { "uv": [ 7.75, 8, 9.75, 8.25 ], "texture": "#voxels_atlas" },
				"up": { "uv": [ 9.75, 8.25, 11.75, 8 ], "texture": "#voxels_atlas" },
				"north": { "uv": [ 13.75, 8, 11.75, 8.25 ], "texture": "#voxels_atlas" },
				"south": { "uv": [ 13.75, 8, 15.75, 8.25 ], "texture": "#voxels_atlas" },
				"west": { "uv": [ 10.5, 5.5, 10.75, 5.75 ], "texture": "#voxels_atlas" },
				"east": { "uv": [ 10.5, 5.5, 10.25, 5.75 ], "texture": "#voxels_atlas" }
			}
		},
		{
			"__comment": "Voxels",
			"from": [ 6.0412, 12.8317, 10.4105 ],
			"to": [ 19.006, 14.4523, 11.2208 ],
			"faces": {
				"down": { "uv": [ 3.5, 14, 7.5, 14.25 ], "texture": "#voxels_atlas" },
				"up": { "uv": [ 12, 11.5, 16, 11.25 ], "texture": "#voxels_atlas" },
				"north": { "uv": [ 11.5, 14.25, 7.5, 14.75 ], "texture": "#voxels_atlas" },
				"south": { "uv": [ 3.5, 14.25, 7.5, 14.75 ], "texture": "#voxels_atlas" },
				"west": { "uv": [ 9.5, 0.25, 9.75, 0.75 ], "texture": "#voxels_atlas" },
				"east": { "uv": [ 9.75, 4.75, 9.5, 5.25 ], "texture": "#voxels_atlas" }
			}
		},
		{
			"__comment": "Voxels",
			"from": [ 6.0412, 12.8317, 11.2208 ],
			"to": [ 19.006, 13.642, 12.0311 ],
			"faces": {
				"down": { "uv": [ 12, 11, 16, 11.25 ], "texture": "#voxels_atlas" },
				"up": { "uv": [ 4.5, 9.25, 8.5, 9 ], "texture": "#voxels_atlas" },
				"north": { "uv": [ 11.5, 14, 7.5, 14.25 ], "texture": "#voxels_atlas" },
				"south": { "uv": [ 11, 9.25, 15, 9.5 ], "texture": "#voxels_atlas" },
				"west": { "uv": [ 10, 0, 10.25, 0.25 ], "texture": "#voxels_atlas" },
				"east": { "uv": [ 7.75, 6.75, 7.5, 7 ], "texture": "#voxels_atlas" }
			}
		},
		{
			"__comment": "Voxels",
			"from": [ 6.8515, 12.0214, 12.0311 ],
			"to": [ 13.3339, 14.4523, 13.6517 ],
			"faces": {
				"down": { "uv": [ 0, 2.75, 2, 3.25 ], "texture": "#voxels_atlas" },
				"up": { "uv": [ 0, 2.75, 2, 2.25 ], "texture": "#voxels_atlas" },
				"north": { "uv": [ 13.5, 14, 11.5, 14.75 ], "texture": "#voxels_atlas" },
				"south": { "uv": [ 13.5, 15.25, 15.5, 16 ], "texture": "#voxels_atlas" },
				"west": { "uv": [ 15.5, 15.25, 16, 16 ], "texture": "#voxels_atlas" },
				"east": { "uv": [ 8.75, 0.5, 8.25, 1.25 ], "texture": "#voxels_atlas" }
			}
		},
		{
			"__comment": "Voxels",
			"from": [ 6.8515, 12.0214, 13.6517 ],
			"to": [ 13.3339, 13.642, 16.8929 ],
			"faces": {
				"down": { "uv": [ 0, 8.5, 2, 9.5 ], "texture": "#voxels_atlas" },
				"up": { "uv": [ 0, 8.5, 2, 7.5 ], "texture": "#voxels_atlas" },
				"north": { "uv": [ 4.5, 8.25, 2.5, 8.75 ], "texture": "#voxels_atlas" },
				"south": { "uv": [ 2.5, 7.75, 4.5, 8.25 ], "texture": "#voxels_atlas" },
				"west": { "uv": [ 4.5, 1, 5.5, 1.5 ], "texture": "#voxels_atlas" },
				"east": { "uv": [ 5.5, 0.5, 4.5, 1 ], "texture": "#voxels_atlas" }
			}
		},
		{
			"__comment": "Voxels",
			"from": [ 6.8515, 13.642, 9.6002 ],
			"to": [ 21.4369, 14.4523, 10.4105 ],
			"faces": {
				"down": { "uv": [ 2.5, 10.5, 7, 10.75 ], "texture": "#voxels_atlas" },
				"up": { "uv": [ 11.5, 10.25, 16, 10 ], "texture": "#voxels_atlas" },
				"north": { "uv": [ 7, 9.75, 2.5, 10 ], "texture": "#voxels_atlas" },
				"south": { "uv": [ 7, 9.75, 11.5, 10 ], "texture": "#voxels_atlas" },
				"west": { "uv": [ 7.5, 1.5, 7.75, 1.75 ], "texture": "#voxels_atlas" },
				"east": { "uv": [ 7.75, 1.25, 7.5, 1.5 ], "texture": "#voxels_atlas" }
			}
		},
		{
			"__comment": "Voxels",
			"from": [ 6.8515, 13.642, 15.2723 ],
			"to": [ 26.2987, 14.4523, 16.0826 ],
			"faces": {
				"down": { "uv": [ 8.5, 12.75, 14.5, 13 ], "texture": "#voxels_atlas" },
				"up": { "uv": [ 2.5, 13, 8.5, 12.75 ], "texture": "#voxels_atlas" },
				"north": { "uv": [ 14.5, 13, 8.5, 13.25 ], "texture": "#voxels_atlas" },
				"south": { "uv": [ 2.5, 13, 8.5, 13.25 ], "texture": "#voxels_atlas" },
				"west": { "uv": [ 7.5, 3.5, 7.75, 3.75 ], "texture": "#voxels_atlas" },
				"east": { "uv": [ 7.75, 3.75, 7.5, 4 ], "texture": "#voxels_atlas" }
			}
		},
		{
			"__comment": "Voxels",
			"from": [ 7.6618, 12.8317, 20.1342 ],
			"to": [ 16.5751, 13.642, 20.9445 ],
			"faces": {
				"down": { "uv": [ 4.5, 6, 7.25, 6.25 ], "texture": "#voxels_atlas" },
				"up": { "uv": [ 4.5, 6, 7.25, 5.75 ], "texture": "#voxels_atlas" },
				"north": { "uv": [ 7.25, 5.5, 4.5, 5.75 ], "texture": "#voxels_atlas" },
				"south": { "uv": [ 4.5, 5.25, 7.25, 5.5 ], "texture": "#voxels_atlas" },
				"west": { "uv": [ 9.25, 1.25, 9.5, 1.5 ], "texture": "#voxels_atlas" },
				"east": { "uv": [ 16, 5.75, 15.75, 6 ], "texture": "#voxels_atlas" }
			}
		},
		{
			"__comment": "Voxels",
			"from": [ 7.6618, 13.642, 16.0826 ],
			"to": [ 26.2987, 14.4523, 16.8929 ],
			"faces": {
				"down": { "uv": [ 2.5, 12.25, 8.25, 12.5 ], "texture": "#voxels_atlas" },
				"up": { "uv": [ 8.25, 12.75, 14, 12.5 ], "texture": "#voxels_atlas" },
				"north": { "uv": [ 14, 12.25, 8.25, 12.5 ], "texture": "#voxels_atlas" },
				"south": { "uv": [ 2.5, 12.5, 8.25, 12.75 ], "texture": "#voxels_atlas" },
				"west": { "uv": [ 11.5, 5.5, 11.75, 5.75 ], "texture": "#voxels_atlas" },
				"east": { "uv": [ 12, 5.5, 11.75, 5.75 ], "texture": "#voxels_atlas" }
			}
		},
		{
			"__comment": "Voxels",
			"from": [ 9.2824, 12.0214, 7.9796 ],
			"to": [ 10.0927, 12.8317, 8.7899 ],
			"faces": {
				"down": { "uv": [ 12, 5.5, 12.25, 5.75 ], "texture": "#voxels_atlas" },
				"up": { "uv": [ 12.25, 5.75, 12.5, 5.5 ], "texture": "#voxels_atlas" },
				"north": { "uv": [ 15, 5.5, 14.75, 5.75 ], "texture": "#voxels_atlas" },
				"south": { "uv": [ 14.5, 5.5, 14.75, 5.75 ], "texture": "#voxels_atlas" },
				"west": { "uv": [ 13.75, 5.5, 14, 5.75 ], "texture": "#voxels_atlas" },
				"east": { "uv": [ 13.75, 5.5, 13.5, 5.75 ], "texture": "#voxels_atlas" }
			}
		},
		{
			"__comment": "Voxels",
			"from": [ 9.2824, 13.642, 8.7899 ],
			"to": [ 19.006, 14.4523, 9.6002 ],
			"faces": {
				"down": { "uv": [ 4.5, 6.25, 7.5, 6.5 ], "texture": "#voxels_atlas" },
				"up": { "uv": [ 4.5, 6.75, 7.5, 6.5 ], "texture": "#voxels_atlas" },
				"north": { "uv": [ 7.5, 6.75, 4.5, 7 ], "texture": "#voxels_atlas" },
				"south": { "uv": [ 4.5, 7, 7.5, 7.25 ], "texture": "#voxels_atlas" },
				"west": { "uv": [ 13.25, 5.5, 13.5, 5.75 ], "texture": "#voxels_atlas" },
				"east": { "uv": [ 13.25, 5.5, 13, 5.75 ], "texture": "#voxels_atlas" }
			}
		},
		{
			"__comment": "Voxels",
			"from": [ 9.2824, 13.642, 16.8929 ],
			"to": [ 25.4884, 14.4523, 17.7032 ],
			"faces": {
				"down": { "uv": [ 7.5, 11.5, 12.5, 11.75 ], "texture": "#voxels_atlas" },
				"up": { "uv": [ 2.5, 11.75, 7.5, 11.5 ], "texture": "#voxels_atlas" },
				"north": { "uv": [ 12.5, 12, 7.5, 12.25 ], "texture": "#voxels_atlas" },
				"south": { "uv": [ 2.5, 12, 7.5, 12.25 ], "texture": "#voxels_atlas" },
				"west": { "uv": [ 9.75, 0.25, 10, 0.5 ], "texture": "#voxels_atlas" },
				"east": { "uv": [ 10.25, 0.5, 10, 0.75 ], "texture": "#voxels_atlas" }
			}
		},
		{
			"__comment": "Voxels",
			"from": [ 10.903, 13.642, 17.7032 ],
			"to": [ 25.4884, 14.4523, 18.5135 ],
			"faces": {
				"down": { "uv": [ 11.5, 10.75, 16, 11 ], "texture": "#voxels_atlas" },
				"up": { "uv": [ 7, 11, 11.5, 10.75 ], "texture": "#voxels_atlas" },
				"north": { "uv": [ 7, 10.25, 2.5, 10.5 ], "texture": "#voxels_atlas" },
				"south": { "uv": [ 11.5, 10.5, 16, 10.75 ], "texture": "#voxels_atlas" },
				"west": { "uv": [ 15.75, 7.75, 16, 8 ], "texture": "#voxels_atlas" },
				"east": { "uv": [ 16, 8, 15.75, 8.25 ], "texture": "#voxels_atlas" }
			}
		},
		{
			"__comment": "Voxels",
			"from": [ 11.7133, 12.0214, 10.4105 ],
			"to": [ 12.5236, 12.8317, 12.0311 ],
			"faces": {
				"down": { "uv": [ 9.25, 1.5, 9.5, 2 ], "texture": "#voxels_atlas" },
				"up": { "uv": [ 8.25, 0.5, 8.5, 0 ], "texture": "#voxels_atlas" },
				"north": { "uv": [ 7.75, 0, 7.5, 0.25 ], "texture": "#voxels_atlas" },
				"south": { "uv": [ 7.5, 1, 7.75, 1.25 ], "texture": "#voxels_atlas" },
				"west": { "uv": [ 15.5, 8.75, 16, 9 ], "texture": "#voxels_atlas" },
				"east": { "uv": [ 7.75, 6, 7.25, 6.25 ], "texture": "#voxels_atlas" }
			}
		},
		{
			"__comment": "Voxels",
			"from": [ 11.7133, 12.8317, 19.3239 ],
			"to": [ 18.1957, 13.642, 20.1342 ],
			"faces": {
				"down": { "uv": [ 9.75, 7.75, 11.75, 8 ], "texture": "#voxels_atlas" },
				"up": { "uv": [ 11.75, 8, 13.75, 7.75 ], "texture": "#voxels_atlas" },
				"north": { "uv": [ 15.75, 7.75, 13.75, 8 ], "texture": "#voxels_atlas" },
				"south": { "uv": [ 7.75, 7.75, 9.75, 8 ], "texture": "#voxels_atlas" },
				"west": { "uv": [ 7.5, 2.25, 7.75, 2.5 ], "texture": "#voxels_atlas" },
				"east": { "uv": [ 7.75, 3.25, 7.5, 3.5 ], "texture": "#voxels_atlas" }
			}
		},
		{
			"__comment": "Voxels",
			"from": [ 12.5236, 12.8317, 17.7032 ],
			"to": [ 19.006, 13.642, 18.5135 ],
			"faces": {
				"down": { "uv": [ 7.75, 7.5, 9.75, 7.75 ], "texture": "#voxels_atlas" },
				"up": { "uv": [ 9.75, 7.75, 11.75, 7.5 ], "texture": "#voxels_atlas" },
				"north": { "uv": [ 13.75, 7.5, 11.75, 7.75 ], "texture": "#voxels_atlas" },
				"south": { "uv": [ 13.75, 7.5, 15.75, 7.75 ], "texture": "#voxels_atlas" },
				"west": { "uv": [ 7.5, 7, 7.75, 7.25 ], "texture": "#voxels_atlas" },
				"east": { "uv": [ 11, 5.5, 10.75, 5.75 ], "texture": "#voxels_atlas" }
			}
		},
		{
			"__comment": "Voxels",
			"from": [ 13.3339, 12.8317, 12.0311 ],
			"to": [ 19.8163, 14.4523, 13.6517 ],
			"faces": {
				"down": { "uv": [ 2.5, 5.75, 4.5, 6.25 ], "texture": "#voxels_atlas" },
				"up": { "uv": [ 2.5, 6.75, 4.5, 6.25 ], "texture": "#voxels_atlas" },
				"north": { "uv": [ 4.5, 6.75, 2.5, 7.25 ], "texture": "#voxels_atlas" },
				"south": { "uv": [ 2.5, 7.25, 4.5, 7.75 ], "texture": "#voxels_atlas" },
				"west": { "uv": [ 4, 0.5, 4.5, 1 ], "texture": "#voxels_atlas" },
				"east": { "uv": [ 4.5, 2.5, 4, 3 ], "texture": "#voxels_atlas" }
			}
		},
		{
			"__comment": "Voxels",
			"from": [ 13.3339, 12.8317, 13.6517 ],
			"to": [ 19.8163, 13.642, 17.7032 ],
			"faces": {
				"down": { "uv": [ 0, 9.5, 2, 10.75 ], "texture": "#voxels_atlas" },
				"up": { "uv": [ 0, 12, 2, 10.75 ], "texture": "#voxels_atlas" },
				"north": { "uv": [ 9.75, 7.25, 7.75, 7.5 ], "texture": "#voxels_atlas" },
				"south": { "uv": [ 9.75, 7.25, 11.75, 7.5 ], "texture": "#voxels_atlas" },
				"west": { "uv": [ 6.5, 3, 7.75, 3.25 ], "texture": "#voxels_atlas" },
				"east": { "uv": [ 10.75, 6, 9.5, 6.25 ], "texture": "#voxels_atlas" }
			}
		},
		{
			"__comment": "Voxels",
			"from": [ 13.3339, 13.642, 18.5136 ],
			"to": [ 24.6781, 14.4523, 19.3239 ],
			"faces": {
				"down": { "uv": [ 12, 8.75, 15.5, 9 ], "texture": "#voxels_atlas" },
				"up": { "uv": [ 12.5, 11.75, 16, 11.5 ], "texture": "#voxels_atlas" },
				"north": { "uv": [ 11.5, 8.5, 8, 8.75 ], "texture": "#voxels_atlas" },
				"south": { "uv": [ 4.5, 8.5, 8, 8.75 ], "texture": "#voxels_atlas" },
				"west": { "uv": [ 9.25, 4.25, 9.5, 4.5 ], "texture": "#voxels_atlas" },
				"east": { "uv": [ 7.75, 0.75, 7.5, 1 ], "texture": "#voxels_atlas" }
			}
		},
		{
			"__comment": "Voxels",
			"from": [ 14.1442, 12.8317, 8.7899 ],
			"to": [ 16.5751, 13.642, 10.4105 ],
			"faces": {
				"down": { "uv": [ 7.75, 3.5, 8.5, 4 ], "texture": "#voxels_atlas" },
				"up": { "uv": [ 4.5, 0.5, 5.25, 0 ], "texture": "#voxels_atlas" },
				"north": { "uv": [ 15.5, 6, 14.75, 6.25 ], "texture": "#voxels_atlas" },
				"south": { "uv": [ 8.75, 0, 9.5, 0.25 ], "texture": "#voxels_atlas" },
				"west": { "uv": [ 7.25, 5.75, 7.75, 6 ], "texture": "#voxels_atlas" },
				"east": { "uv": [ 7.75, 5.5, 7.25, 5.75 ], "texture": "#voxels_atlas" }
			}
		},
		{
			"__comment": "Voxels",
			"from": [ 14.9545, 14.4523, 12.0311 ],
			"to": [ 31.1605, 15.2626, 14.462 ],
			"faces": {
				"down": { "uv": [ 0, 15.25, 5, 16 ], "texture": "#voxels_atlas" },
				"up": { "uv": [ 5, 16, 10, 15.25 ], "texture": "#voxels_atlas" },
				"north": { "uv": [ 7.5, 11.75, 2.5, 12 ], "texture": "#voxels_atlas" },
				"south": { "uv": [ 7.5, 11.75, 12.5, 12 ], "texture": "#voxels_atlas" },
				"west": { "uv": [ 13.25, 6, 14, 6.25 ], "texture": "#voxels_atlas" },
				"east": { "uv": [ 14.75, 6, 14, 6.25 ], "texture": "#voxels_atlas" }
			}
		},
		{
			"__comment": "Voxels",
			"from": [ 15.7648, 14.4523, 11.2208 ],
			"to": [ 29.5399, 15.2626, 12.0311 ],
			"faces": {
				"down": { "uv": [ 6.75, 9.25, 11, 9.5 ], "texture": "#voxels_atlas" },
				"up": { "uv": [ 11.25, 9.75, 15.5, 9.5 ], "texture": "#voxels_atlas" },
				"north": { "uv": [ 6.75, 9.25, 2.5, 9.5 ], "texture": "#voxels_atlas" },
				"south": { "uv": [ 7, 9.5, 11.25, 9.75 ], "texture": "#voxels_atlas" },
				"west": { "uv": [ 10, 1.5, 10.25, 1.75 ], "texture": "#voxels_atlas" },
				"east": { "uv": [ 10, 1.25, 9.75, 1.5 ], "texture": "#voxels_atlas" }
			}
		},
		{
			"__comment": "Voxels",
			"from": [ 15.7648, 14.4523, 14.462 ],
			"to": [ 31.1605, 15.2626, 15.2723 ],
			"faces": {
				"down": { "uv": [ 2.5, 11.25, 7.25, 11.5 ], "texture": "#voxels_atlas" },
				"up": { "uv": [ 7.25, 11.5, 12, 11.25 ], "texture": "#voxels_atlas" },
				"north": { "uv": [ 7.25, 11, 2.5, 11.25 ], "texture": "#voxels_atlas" },
				"south": { "uv": [ 7.25, 11, 12, 11.25 ], "texture": "#voxels_atlas" },
				"west": { "uv": [ 9.25, 4, 9.5, 4.25 ], "texture": "#voxels_atlas" },
				"east": { "uv": [ 9.75, 0, 9.5, 0.25 ], "texture": "#voxels_atlas" }
			}
		},
		{
			"__comment": "Voxels",
			"from": [ 16.5751, 12.8317, 9.6002 ],
			"to": [ 18.1957, 13.642, 10.4105 ],
			"faces": {
				"down": { "uv": [ 7.25, 5.25, 7.75, 5.5 ], "texture": "#voxels_atlas" },
				"up": { "uv": [ 15.5, 6.25, 16, 6 ], "texture": "#voxels_atlas" },
				"north": { "uv": [ 12.25, 5.75, 11.75, 6 ], "texture": "#voxels_atlas" },
				"south": { "uv": [ 12.25, 5.75, 12.75, 6 ], "texture": "#voxels_atlas" },
				"west": { "uv": [ 10, 1.25, 10.25, 1.5 ], "texture": "#voxels_atlas" },
				"east": { "uv": [ 10, 1, 9.75, 1.25 ], "texture": "#voxels_atlas" }
			}
		},
		{
			"__comment": "Voxels",
			"from": [ 16.5751, 13.642, 19.3239 ],
			"to": [ 22.2472, 14.4523, 20.1342 ],
			"faces": {
				"down": { "uv": [ 9.5, 6.5, 11.25, 6.75 ], "texture": "#voxels_atlas" },
				"up": { "uv": [ 7.75, 6.75, 9.5, 6.5 ], "texture": "#voxels_atlas" },
				"north": { "uv": [ 16, 8.25, 14.25, 8.5 ], "texture": "#voxels_atlas" },
				"south": { "uv": [ 9.5, 7, 11.25, 7.25 ], "texture": "#voxels_atlas" },
				"west": { "uv": [ 10.25, 4.75, 10.5, 5 ], "texture": "#voxels_atlas" },
				"east": { "uv": [ 10.5, 4.5, 10.25, 4.75 ], "texture": "#voxels_atlas" }
			}
		},
		{
			"__comment": "Voxels",
			"from": [ 16.5751, 14.4523, 10.4105 ],
			"to": [ 27.109, 15.2626, 11.2208 ],
			"faces": {
				"down": { "uv": [ 7.75, 8.25, 11, 8.5 ], "texture": "#voxels_atlas" },
				"up": { "uv": [ 4.5, 7.5, 7.75, 7.25 ], "texture": "#voxels_atlas" },
				"north": { "uv": [ 7.75, 7.5, 4.5, 7.75 ], "texture": "#voxels_atlas" },
				"south": { "uv": [ 4.5, 8.25, 7.75, 8.5 ], "texture": "#voxels_atlas" },
				"west": { "uv": [ 7.5, 4.25, 7.75, 4.5 ], "texture": "#voxels_atlas" },
				"east": { "uv": [ 7.75, 4, 7.5, 4.25 ], "texture": "#voxels_atlas" }
			}
		},
		{
			"__comment": "Voxels",
			"from": [ 16.5751, 14.4523, 15.2723 ],
			"to": [ 31.1605, 15.2626, 16.0826 ],
			"faces": {
				"down": { "uv": [ 7, 10.5, 11.5, 10.75 ], "texture": "#voxels_atlas" },
				"up": { "uv": [ 2.5, 11, 7, 10.75 ], "texture": "#voxels_atlas" },
				"north": { "uv": [ 7, 9.5, 2.5, 9.75 ], "texture": "#voxels_atlas" },
				"south": { "uv": [ 11.5, 9.75, 16, 10 ], "texture": "#voxels_atlas" },
				"west": { "uv": [ 7.5, 2, 7.75, 2.25 ], "texture": "#voxels_atlas" },
				"east": { "uv": [ 7.75, 1.75, 7.5, 2 ], "texture": "#voxels_atlas" }
			}
		},
		{
			"__comment": "Voxels",
			"from": [ 18.1957, 14.4523, 16.0826 ],
			"to": [ 30.3502, 15.2626, 16.8929 ],
			"faces": {
				"down": { "uv": [ 4.5, 8.75, 8.25, 9 ], "texture": "#voxels_atlas" },
				"up": { "uv": [ 12.25, 9.25, 16, 9 ], "texture": "#voxels_atlas" },
				"north": { "uv": [ 12.25, 9, 8.5, 9.25 ], "texture": "#voxels_atlas" },
				"south": { "uv": [ 8.25, 8.75, 12, 9 ], "texture": "#voxels_atlas" },
				"west": { "uv": [ 7.5, 0.5, 7.75, 0.75 ], "texture": "#voxels_atlas" },
				"east": { "uv": [ 7.75, 0.25, 7.5, 0.5 ], "texture": "#voxels_atlas" }
			}
		},
		{
			"__comment": "Voxels",
			"from": [ 19.006, 13.642, 10.4105 ],
			"to": [ 23.8678, 14.4523, 11.2208 ],
			"faces": {
				"down": { "uv": [ 14.5, 13, 16, 13.25 ], "texture": "#voxels_atlas" },
				"up": { "uv": [ 7.75, 5.25, 9.25, 5 ], "texture": "#voxels_atlas" },
				"north": { "uv": [ 11, 6.25, 9.5, 6.5 ], "texture": "#voxels_atlas" },
				"south": { "uv": [ 7.75, 4, 9.25, 4.25 ], "texture": "#voxels_atlas" },
				"west": { "uv": [ 15.75, 7.25, 16, 7.5 ], "texture": "#voxels_atlas" },
				"east": { "uv": [ 9.5, 5, 9.25, 5.25 ], "texture": "#voxels_atlas" }
			}
		},
		{
			"__comment": "Voxels",
			"from": [ 19.8163, 13.642, 12.0311 ],
			"to": [ 26.2987, 14.4523, 13.6517 ],
			"faces": {
				"down": { "uv": [ 2.5, 5.25, 4.5, 5.75 ], "texture": "#voxels_atlas" },
				"up": { "uv": [ 0, 2.25, 2, 1.75 ], "texture": "#voxels_atlas" },
				"north": { "uv": [ 13.75, 7.25, 11.75, 7.5 ], "texture": "#voxels_atlas" },
				"south": { "uv": [ 13.75, 7.25, 15.75, 7.5 ], "texture": "#voxels_atlas" },
				"west": { "uv": [ 13.75, 5.75, 14.25, 6 ], "texture": "#voxels_atlas" },
				"east": { "uv": [ 14.75, 5.75, 14.25, 6 ], "texture": "#voxels_atlas" }
			}
		},
		{
			"__comment": "Voxels",
			"from": [ 19.8163, 14.4523, 16.8929 ],
			"to": [ 30.3502, 15.2626, 17.7032 ],
			"faces": {
				"down": { "uv": [ 4.5, 8, 7.75, 8.25 ], "texture": "#voxels_atlas" },
				"up": { "uv": [ 11, 8.5, 14.25, 8.25 ], "texture": "#voxels_atlas" },
				"north": { "uv": [ 7.75, 7.75, 4.5, 8 ], "texture": "#voxels_atlas" },
				"south": { "uv": [ 11.5, 8.5, 14.75, 8.75 ], "texture": "#voxels_atlas" },
				"west": { "uv": [ 10, 3.25, 10.25, 3.5 ], "texture": "#voxels_atlas" },
				"east": { "uv": [ 10, 3, 9.75, 3.25 ], "texture": "#voxels_atlas" }
			}
		},
		{
			"__comment": "Voxels",
			"from": [ 20.6266, 14.4523, 9.6002 ],
			"to": [ 21.4369, 15.2626, 10.4105 ],
			"faces": {
				"down": { "uv": [ 10, 3, 10.25, 3.25 ], "texture": "#voxels_atlas" },
				"up": { "uv": [ 9.75, 3, 10, 2.75 ], "texture": "#voxels_atlas" },
				"north": { "uv": [ 10.25, 2.75, 10, 3 ], "texture": "#voxels_atlas" },
				"south": { "uv": [ 9.75, 2.5, 10, 2.75 ], "texture": "#voxels_atlas" },
				"west": { "uv": [ 10, 2.5, 10.25, 2.75 ], "texture": "#voxels_atlas" },
				"east": { "uv": [ 10, 2.25, 9.75, 2.5 ], "texture": "#voxels_atlas" }
			}
		},
		{
			"__comment": "Voxels",
			"from": [ 22.2472, 14.4523, 17.7032 ],
			"to": [ 29.5399, 15.2626, 18.5135 ],
			"faces": {
				"down": { "uv": [ 4.5, 4.75, 6.75, 5 ], "texture": "#voxels_atlas" },
				"up": { "uv": [ 4.5, 4, 6.75, 3.75 ], "texture": "#voxels_atlas" },
				"north": { "uv": [ 6.75, 3.5, 4.5, 3.75 ], "texture": "#voxels_atlas" },
				"south": { "uv": [ 4.5, 4.5, 6.75, 4.75 ], "texture": "#voxels_atlas" },
				"west": { "uv": [ 10, 1.75, 10.25, 2 ], "texture": "#voxels_atlas" },
				"east": { "uv": [ 10, 1.5, 9.75, 1.75 ], "texture": "#voxels_atlas" }
			}
		},
		{
			"__comment": "Voxels",
			"from": [ 24.6781, 14.4523, 18.5136 ],
			"to": [ 26.2987, 15.2626, 19.3239 ],
			"faces": {
				"down": { "uv": [ 14.75, 5.75, 15.25, 6 ], "texture": "#voxels_atlas" },
				"up": { "uv": [ 15.25, 6, 15.75, 5.75 ], "texture": "#voxels_atlas" },
				"north": { "uv": [ 10.25, 5.5, 9.75, 5.75 ], "texture": "#voxels_atlas" },
				"south": { "uv": [ 9.75, 5.25, 10.25, 5.5 ], "texture": "#voxels_atlas" },
				"west": { "uv": [ 10, 1, 10.25, 1.25 ], "texture": "#voxels_atlas" },
				"east": { "uv": [ 10, 0.75, 9.75, 1 ], "texture": "#voxels_atlas" }
			}
		},
		{
			"__comment": "Voxels",
			"from": [ 24.6781, 15.2626, 12.8414 ],
			"to": [ 31.9708, 16.0729, 14.462 ],
			"faces": {
				"down": { "uv": [ 0, 3.25, 2.25, 3.75 ], "texture": "#voxels_atlas" },
				"up": { "uv": [ 13.5, 15.25, 15.75, 14.75 ], "texture": "#voxels_atlas" },
				"north": { "uv": [ 6.75, 4, 4.5, 4.25 ], "texture": "#voxels_atlas" },
				"south": { "uv": [ 4.5, 4.25, 6.75, 4.5 ], "texture": "#voxels_atlas" },
				"west": { "uv": [ 9.75, 5, 10.25, 5.25 ], "texture": "#voxels_atlas" },
				"east": { "uv": [ 10.25, 4.75, 9.75, 5 ], "texture": "#voxels_atlas" }
			}
		},
		{
			"__comment": "Voxels",
			"from": [ 25.4884, 15.2626, 12.0311 ],
			"to": [ 31.9708, 16.0729, 12.8414 ],
			"faces": {
				"down": { "uv": [ 0, 0, 2, 0.25 ], "texture": "#voxels_atlas" },
				"up": { "uv": [ 14, 12.75, 16, 12.5 ], "texture": "#voxels_atlas" },
				"north": { "uv": [ 16, 12.25, 14, 12.5 ], "texture": "#voxels_atlas" },
				"south": { "uv": [ 4.5, 3, 6.5, 3.25 ], "texture": "#voxels_atlas" },
				"west": { "uv": [ 11, 5.5, 11.25, 5.75 ], "texture": "#voxels_atlas" },
				"east": { "uv": [ 11.5, 5.5, 11.25, 5.75 ], "texture": "#voxels_atlas" }
			}
		},
		{
			"__comment": "Voxels",
			"from": [ 25.4884, 15.2626, 14.462 ],
			"to": [ 31.9708, 16.0729, 15.2723 ],
			"faces": {
				"down": { "uv": [ 4.5, 2.75, 6.5, 3 ], "texture": "#voxels_atlas" },
				"up": { "uv": [ 4.5, 2.75, 6.5, 2.5 ], "texture": "#voxels_atlas" },
				"north": { "uv": [ 7.5, 2.25, 5.5, 2.5 ], "texture": "#voxels_atlas" },
				"south": { "uv": [ 5.5, 2, 7.5, 2.25 ], "texture": "#voxels_atlas" },
				"west": { "uv": [ 12.5, 5.5, 12.75, 5.75 ], "texture": "#voxels_atlas" },
				"east": { "uv": [ 13, 5.5, 12.75, 5.75 ], "texture": "#voxels_atlas" }
			}
		},
		{
			"__comment": "Voxels",
			"from": [ 26.2987, 15.2626, 11.2208 ],
			"to": [ 30.3502, 16.0729, 12.0311 ],
			"faces": {
				"down": { "uv": [ 14.75, 6.75, 16, 7 ], "texture": "#voxels_atlas" },
				"up": { "uv": [ 14.75, 7.25, 16, 7 ], "texture": "#voxels_atlas" },
				"north": { "uv": [ 7.75, 2.5, 6.5, 2.75 ], "texture": "#voxels_atlas" },
				"south": { "uv": [ 6.5, 2.75, 7.75, 3 ], "texture": "#voxels_atlas" },
				"west": { "uv": [ 14, 5.5, 14.25, 5.75 ], "texture": "#voxels_atlas" },
				"east": { "uv": [ 14.5, 5.5, 14.25, 5.75 ], "texture": "#voxels_atlas" }
			}
		},
		{
			"__comment": "Voxels",
			"from": [ 27.109, 15.2626, 15.2723 ],
			"to": [ 31.1605, 16.0729, 16.0826 ],
			"faces": {
				"down": { "uv": [ 14.75, 6.5, 16, 6.75 ], "texture": "#voxels_atlas" },
				"up": { "uv": [ 14.75, 8.75, 16, 8.5 ], "texture": "#voxels_atlas" },
				"north": { "uv": [ 13.25, 6, 12, 6.25 ], "texture": "#voxels_atlas" },
				"south": { "uv": [ 10.75, 6, 12, 6.25 ], "texture": "#voxels_atlas" },
				"west": { "uv": [ 15.5, 5.5, 15.75, 5.75 ], "texture": "#voxels_atlas" },
				"east": { "uv": [ 16, 5.5, 15.75, 5.75 ], "texture": "#voxels_atlas" }
			}
		},
		{
			"__comment": "Voxels",
			"from": [ 28.7296, 15.2626, 16.0826 ],
			"to": [ 31.1605, 16.0729, 16.8929 ],
			"faces": {
				"down": { "uv": [ 6.75, 3.5, 7.5, 3.75 ], "texture": "#voxels_atlas" },
				"up": { "uv": [ 6.75, 3.5, 7.5, 3.25 ], "texture": "#voxels_atlas" },
				"north": { "uv": [ 11, 5.75, 10.25, 6 ], "texture": "#voxels_atlas" },
				"south": { "uv": [ 11, 5.75, 11.75, 6 ], "texture": "#voxels_atlas" },
				"west": { "uv": [ 10.25, 4.25, 10.5, 4.5 ], "texture": "#voxels_atlas" },
				"east": { "uv": [ 10.5, 4, 10.25, 4.25 ], "texture": "#voxels_atlas" }
			}
		},
		{
			"__comment": "Voxels",
			"from": [ 2.8, 12.0214, 6.359 ],
			"to": [ 6.0412, 12.8317, 7.1693 ],
			"faces": {
				"down": { "uv": [ 15, 13.25, 16, 13.5 ], "texture": "#voxels_atlas" },
				"up": { "uv": [ 15, 13.75, 16, 13.5 ], "texture": "#voxels_atlas" },
				"north": { "uv": [ 7.75, 4.5, 6.75, 4.75 ], "texture": "#voxels_atlas" },
				"south": { "uv": [ 6.75, 4.75, 7.75, 5 ], "texture": "#voxels_atlas" },
				"west": { "uv": [ 15.25, 5.5, 15.5, 5.75 ], "texture": "#voxels_atlas" },
				"east": { "uv": [ 15.25, 5.5, 15, 5.75 ], "texture": "#voxels_atlas" }
			}
		},
		{
			"__comment": "Voxels",
			"from": [ 3.6103, 12.8317, 7.1693 ],
			"to": [ 10.0927, 13.642, 7.979599 ],
			"faces": {
				"down": { "uv": [ 5.5, 1.75, 7.5, 2 ], "texture": "#voxels_atlas" },
				"up": { "uv": [ 5.5, 1.75, 7.5, 1.5 ], "texture": "#voxels_atlas" },
				"north": { "uv": [ 7.5, 1.25, 5.5, 1.5 ], "texture": "#voxels_atlas" },
				"south": { "uv": [ 5.5, 1, 7.5, 1.25 ], "texture": "#voxels_atlas" },
				"west": { "uv": [ 10, 2.25, 10.25, 2.5 ], "texture": "#voxels_atlas" },
				"east": { "uv": [ 10, 3.25, 9.75, 3.5 ], "texture": "#voxels_atlas" }
			}
		},
		{
			"__comment": "Voxels",
			"from": [ 4.4206, 12.0214, 7.1693 ],
			"to": [ 9.2824, 12.8317, 8.7899 ],
			"faces": {
				"down": { "uv": [ 2.5, 3, 4, 3.5 ], "texture": "#voxels_atlas" },
				"up": { "uv": [ 2.5, 3, 4, 2.5 ], "texture": "#voxels_atlas" },
				"north": { "uv": [ 16, 12.75, 14.5, 13 ], "texture": "#voxels_atlas" },
				"south": { "uv": [ 7.75, 4.25, 9.25, 4.5 ], "texture": "#voxels_atlas" },
				"west": { "uv": [ 13.25, 5.75, 13.75, 6 ], "texture": "#voxels_atlas" },
				"east": { "uv": [ 13.25, 5.75, 12.75, 6 ], "texture": "#voxels_atlas" }
			}
		}
	],
	"display": {
		"thirdperson_righthand": {
			"translation":  [ 19, -8, -67.3 ],
			"scale":  [ 3.8 ,3.8, 3.8 ]
		},
		"thirdperson_lefthand": {
			"translation":  [ -80, 3, 0 ],
			"scale":  [ 3.8 ,3.8, 3.8 ]
		}
	}
}