{
	"__comment": "Designed by Uran2471 with Cubik Studio - https://cubik.studio",
	"textures": {
		"particle": "blocks/particle",
		"texture": "blocks/texture",
		"voxels_atlas": "custom/ki-21-tail"
	},
	"elements": [ 	 
		{
			"__comment": "Voxels",
			"from": [ -10.4, 12.4, 15.6 ],
			"to": [ 25.6, 13.2, 18 ],
			"faces": {
				"down": { "uv": [ 0, 15.625, 5.625, 16 ], "texture": "#voxels_atlas" },
				"up": { "uv": [ 0, 15.625, 5.625, 15.25 ], "texture": "#voxels_atlas" },
				"north": { "uv": [ 5.625, 13.25, 0, 13.375 ], "texture": "#voxels_atlas" },
				"south": { "uv": [ 0, 13.125, 5.625, 13.25 ], "texture": "#voxels_atlas" },
				"west": { "uv": [ 9.5, 8.625, 9.875, 8.75 ], "texture": "#voxels_atlas" },
				"east": { "uv": [ 5.625, 12, 5.25, 12.125 ], "texture": "#voxels_atlas" }
			}
		},
		{
			"__comment": "Voxels",
			"from": [ -9.599999, 12.4, 14.8 ],
			"to": [ 25.6, 13.2, 15.6 ],
			"faces": {
				"down": { "uv": [ 0, 13, 5.5, 13.125 ], "texture": "#voxels_atlas" },
				"up": { "uv": [ 0, 13, 5.5, 12.875 ], "texture": "#voxels_atlas" },
				"north": { "uv": [ 5.5, 12.75, 0, 12.875 ], "texture": "#voxels_atlas" },
				"south": { "uv": [ 0, 12.625, 5.5, 12.75 ], "texture": "#voxels_atlas" },
				"west": { "uv": [ 15.125, 13.5, 15.25, 13.625 ], "texture": "#voxels_atlas" },
				"east": { "uv": [ 15.125, 13.5, 15, 13.625 ], "texture": "#voxels_atlas" }
			}
		},
		{
			"__comment": "Voxels",
			"from": [ -9.599999, 12.4, 18 ],
			"to": [ 25.6, 13.2, 18.8 ],
			"faces": {
				"down": { "uv": [ 0, 12.5, 5.5, 12.625 ], "texture": "#voxels_atlas" },
				"up": { "uv": [ 0, 12.5, 5.5, 12.375 ], "texture": "#voxels_atlas" },
				"north": { "uv": [ 5.5, 12.25, 0, 12.375 ], "texture": "#voxels_atlas" },
				"south": { "uv": [ 0, 12.125, 5.5, 12.25 ], "texture": "#voxels_atlas" },
				"west": { "uv": [ 10.25, 8.375, 10.375, 8.5 ], "texture": "#voxels_atlas" },
				"east": { "uv": [ 10.375, 8.5, 10.25, 8.625 ], "texture": "#voxels_atlas" }
			}
		},
		{
			"__comment": "Voxels",
			"from": [ -8.8, 12.4, 18.8 ],
			"to": [ 24.8, 13.2, 19.6 ],
			"faces": {
				"down": { "uv": [ 0, 12, 5.25, 12.125 ], "texture": "#voxels_atlas" },
				"up": { "uv": [ 0, 12, 5.25, 11.875 ], "texture": "#voxels_atlas" },
				"north": { "uv": [ 5.25, 11.75, 0, 11.875 ], "texture": "#voxels_atlas" },
				"south": { "uv": [ 0, 11.625, 5.25, 11.75 ], "texture": "#voxels_atlas" },
				"west": { "uv": [ 10.25, 8.875, 10.375, 9 ], "texture": "#voxels_atlas" },
				"east": { "uv": [ 10.375, 9, 10.25, 9.125 ], "texture": "#voxels_atlas" }
			}
		},
		{
			"__comment": "Voxels",
			"from": [ -8, 12.4, 14 ],
			"to": [ 24, 13.2, 14.8 ],
			"faces": {
				"down": { "uv": [ 10.625, 15.75, 15.625, 15.875 ], "texture": "#voxels_atlas" },
				"up": { "uv": [ 5.625, 16, 10.625, 15.875 ], "texture": "#voxels_atlas" },
				"north": { "uv": [ 15.625, 15.875, 10.625, 16 ], "texture": "#voxels_atlas" },
				"south": { "uv": [ 5.625, 15.75, 10.625, 15.875 ], "texture": "#voxels_atlas" },
				"west": { "uv": [ 10.25, 9.875, 10.375, 10 ], "texture": "#voxels_atlas" },
				"east": { "uv": [ 10.375, 10, 10.25, 10.125 ], "texture": "#voxels_atlas" }
			}
		},
		{
			"__comment": "Voxels",
			"from": [ -6.4, 12.4, 13.2 ],
			"to": [ 21.6, 13.2, 14 ],
			"faces": {
				"down": { "uv": [ 10, 15.625, 14.375, 15.75 ], "texture": "#voxels_atlas" },
				"up": { "uv": [ 5.625, 15.75, 10, 15.625 ], "texture": "#voxels_atlas" },
				"north": { "uv": [ 10, 15.5, 5.625, 15.625 ], "texture": "#voxels_atlas" },
				"south": { "uv": [ 10, 15.5, 14.375, 15.625 ], "texture": "#voxels_atlas" },
				"west": { "uv": [ 10.25, 10.375, 10.375, 10.5 ], "texture": "#voxels_atlas" },
				"east": { "uv": [ 10.375, 10.5, 10.25, 10.625 ], "texture": "#voxels_atlas" }
			}
		},
		{
			"__comment": "Voxels",
			"from": [ -4, 12.4, 12.4 ],
			"to": [ 20, 13.2, 13.2 ],
			"faces": {
				"down": { "uv": [ 9.375, 15.375, 13.125, 15.5 ], "texture": "#voxels_atlas" },
				"up": { "uv": [ 5.625, 15.375, 9.375, 15.25 ], "texture": "#voxels_atlas" },
				"north": { "uv": [ 13.125, 15.25, 9.375, 15.375 ], "texture": "#voxels_atlas" },
				"south": { "uv": [ 5.625, 15.375, 9.375, 15.5 ], "texture": "#voxels_atlas" },
				"west": { "uv": [ 9.875, 8, 10, 8.125 ], "texture": "#voxels_atlas" },
				"east": { "uv": [ 16, 13.625, 15.875, 13.75 ], "texture": "#voxels_atlas" }
			}
		},
		{
			"__comment": "Voxels",
			"from": [ -4, 12.4, 19.6 ],
			"to": [ 19.2, 13.2, 20.4 ],
			"faces": {
				"down": { "uv": [ 5.625, 15.125, 9.25, 15.25 ], "texture": "#voxels_atlas" },
				"up": { "uv": [ 9.25, 15.25, 12.875, 15.125 ], "texture": "#voxels_atlas" },
				"north": { "uv": [ 9.25, 15, 5.625, 15.125 ], "texture": "#voxels_atlas" },
				"south": { "uv": [ 9.25, 15, 12.875, 15.125 ], "texture": "#voxels_atlas" },
				"west": { "uv": [ 15.875, 13.75, 16, 13.875 ], "texture": "#voxels_atlas" },
				"east": { "uv": [ 9.875, 13.25, 9.75, 13.375 ], "texture": "#voxels_atlas" }
			}
		},
		{
			"__comment": "Voxels",
			"from": [ -1.6, 12.4, 11.6 ],
			"to": [ 17.6, 13.2, 12.4 ],
			"faces": {
				"down": { "uv": [ 12.875, 15.125, 15.875, 15.25 ], "texture": "#voxels_atlas" },
				"up": { "uv": [ 12.875, 15.125, 15.875, 15 ], "texture": "#voxels_atlas" },
				"north": { "uv": [ 10.375, 14.875, 7.375, 15 ], "texture": "#voxels_atlas" },
				"south": { "uv": [ 10.375, 14.875, 13.375, 15 ], "texture": "#voxels_atlas" },
				"west": { "uv": [ 15.875, 14.375, 16, 14.5 ], "texture": "#voxels_atlas" },
				"east": { "uv": [ 16, 15, 15.875, 15.125 ], "texture": "#voxels_atlas" }
			}
		},
		{
			"__comment": "Voxels",
			"from": [ 0, 12.4, 10.8 ],
			"to": [ 15.2, 13.2, 11.6 ],
			"faces": {
				"down": { "uv": [ 13.125, 15.375, 15.5, 15.5 ], "texture": "#voxels_atlas" },
				"up": { "uv": [ 13.375, 15, 15.75, 14.875 ], "texture": "#voxels_atlas" },
				"north": { "uv": [ 9.75, 14.75, 7.375, 14.875 ], "texture": "#voxels_atlas" },
				"south": { "uv": [ 13.125, 15.25, 15.5, 15.375 ], "texture": "#voxels_atlas" },
				"west": { "uv": [ 5.5, 12.125, 5.625, 12.25 ], "texture": "#voxels_atlas" },
				"east": { "uv": [ 5.625, 12.25, 5.5, 12.375 ], "texture": "#voxels_atlas" }
			}
		},
		{
			"__comment": "Voxels",
			"from": [ 2.4, 12.4, 10 ],
			"to": [ 13.6, 13.2, 10.8 ],
			"faces": {
				"down": { "uv": [ 9.75, 14.75, 11.5, 14.875 ], "texture": "#voxels_atlas" },
				"up": { "uv": [ 11.5, 14.875, 13.25, 14.75 ], "texture": "#voxels_atlas" },
				"north": { "uv": [ 15, 14.75, 13.25, 14.875 ], "texture": "#voxels_atlas" },
				"south": { "uv": [ 7.5, 14.625, 9.25, 14.75 ], "texture": "#voxels_atlas" },
				"west": { "uv": [ 5.5, 12.375, 5.625, 12.5 ], "texture": "#voxels_atlas" },
				"east": { "uv": [ 5.625, 12.875, 5.5, 13 ], "texture": "#voxels_atlas" }
			}
		},
		{
			"__comment": "Voxels",
			"from": [ 4, 9.2, -6.8 ],
			"to": [ 12, 14, -4.4 ],
			"faces": {
				"down": { "uv": [ 3, 10.75, 4.25, 11.125 ], "texture": "#voxels_atlas" },
				"up": { "uv": [ 1.75, 11.125, 3, 10.75 ], "texture": "#voxels_atlas" },
				"north": { "uv": [ 3.25, 14.5, 2, 15.25 ], "texture": "#voxels_atlas" },
				"south": { "uv": [ 3.25, 14.5, 4.5, 15.25 ], "texture": "#voxels_atlas" },
				"west": { "uv": [ 3.25, 8.625, 3.625, 9.375 ], "texture": "#voxels_atlas" },
				"east": { "uv": [ 6, 10.5, 5.625, 11.25 ], "texture": "#voxels_atlas" }
			}
		},
		{
			"__comment": "Voxels",
			"from": [ 4, 9.2, -4.4 ],
			"to": [ 12, 13.2, -2 ],
			"faces": {
				"down": { "uv": [ 4.25, 11.25, 5.5, 11.625 ], "texture": "#voxels_atlas" },
				"up": { "uv": [ 4.25, 11.125, 5.5, 10.75 ], "texture": "#voxels_atlas" },
				"north": { "uv": [ 2.25, 13.625, 1, 14.25 ], "texture": "#voxels_atlas" },
				"south": { "uv": [ 2.25, 13.625, 3.5, 14.25 ], "texture": "#voxels_atlas" },
				"west": { "uv": [ 6.375, 10.375, 6.75, 11 ], "texture": "#voxels_atlas" },
				"east": { "uv": [ 6.375, 10.625, 6, 11.25 ], "texture": "#voxels_atlas" }
			}
		},
		{
			"__comment": "Voxels",
			"from": [ 4, 10, -2 ],
			"to": [ 12, 13.2, -1.2 ],
			"faces": {
				"down": { "uv": [ 14.375, 15.625, 15.625, 15.75 ], "texture": "#voxels_atlas" },
				"up": { "uv": [ 7.5, 10.125, 8.75, 10 ], "texture": "#voxels_atlas" },
				"north": { "uv": [ 3, 11.125, 1.75, 11.625 ], "texture": "#voxels_atlas" },
				"south": { "uv": [ 3, 11.125, 4.25, 11.625 ], "texture": "#voxels_atlas" },
				"west": { "uv": [ 9.5, 12.75, 9.625, 13.25 ], "texture": "#voxels_atlas" },
				"east": { "uv": [ 6.375, 8.375, 6.25, 8.875 ], "texture": "#voxels_atlas" }
			}
		},
		{
			"__comment": "Voxels",
			"from": [ 4, 10, -1.2 ],
			"to": [ 12, 12.4, 0.4000001 ],
			"faces": {
				"down": { "uv": [ 2, 14.25, 3.25, 14.5 ], "texture": "#voxels_atlas" },
				"up": { "uv": [ 3.25, 14.5, 4.5, 14.25 ], "texture": "#voxels_atlas" },
				"north": { "uv": [ 5, 10.375, 3.75, 10.75 ], "texture": "#voxels_atlas" },
				"south": { "uv": [ 2.5, 10.375, 3.75, 10.75 ], "texture": "#voxels_atlas" },
				"west": { "uv": [ 5.375, 10, 5.625, 10.375 ], "texture": "#voxels_atlas" },
				"east": { "uv": [ 5.625, 9.625, 5.375, 10 ], "texture": "#voxels_atlas" }
			}
		},
		{
			"__comment": "Voxels",
			"from": [ 4, 10.8, 0.4 ],
			"to": [ 12, 11.6, 1.2 ],
			"faces": {
				"down": { "uv": [ 14.375, 15.5, 15.625, 15.625 ], "texture": "#voxels_atlas" },
				"up": { "uv": [ 4.25, 11.25, 5.5, 11.125 ], "texture": "#voxels_atlas" },
				"north": { "uv": [ 8.75, 10.25, 7.5, 10.375 ], "texture": "#voxels_atlas" },
				"south": { "uv": [ 7.5, 10.125, 8.75, 10.25 ], "texture": "#voxels_atlas" },
				"west": { "uv": [ 5.5, 13, 5.625, 13.125 ], "texture": "#voxels_atlas" },
				"east": { "uv": [ 5.625, 13.375, 5.5, 13.5 ], "texture": "#voxels_atlas" }
			}
		},
		{
			"__comment": "Voxels",
			"from": [ 4.8, 8.4, -6.8 ],
			"to": [ 11.2, 9.2, -0.3999996 ],
			"faces": {
				"down": { "uv": [ 1, 14.25, 2, 15.25 ], "texture": "#voxels_atlas" },
				"up": { "uv": [ 0, 15.25, 1, 14.25 ], "texture": "#voxels_atlas" },
				"north": { "uv": [ 12.25, 14.625, 11.25, 14.75 ], "texture": "#voxels_atlas" },
				"south": { "uv": [ 12.25, 14.625, 13.25, 14.75 ], "texture": "#voxels_atlas" },
				"west": { "uv": [ 13.25, 14.625, 14.25, 14.75 ], "texture": "#voxels_atlas" },
				"east": { "uv": [ 15.25, 14.625, 14.25, 14.75 ], "texture": "#voxels_atlas" }
			}
		},
		{
			"__comment": "Voxels",
			"from": [ 4.8, 9.2, -2 ],
			"to": [ 11.2, 10, -0.4 ],
			"faces": {
				"down": { "uv": [ 2.25, 13.375, 3.25, 13.625 ], "texture": "#voxels_atlas" },
				"up": { "uv": [ 6.375, 13.875, 7.375, 13.625 ], "texture": "#voxels_atlas" },
				"north": { "uv": [ 10.25, 14.5, 9.25, 14.625 ], "texture": "#voxels_atlas" },
				"south": { "uv": [ 10.25, 14.5, 11.25, 14.625 ], "texture": "#voxels_atlas" },
				"west": { "uv": [ 10, 9.625, 10.25, 9.75 ], "texture": "#voxels_atlas" },
				"east": { "uv": [ 10.25, 9.375, 10, 9.5 ], "texture": "#voxels_atlas" }
			}
		},
		{
			"__comment": "Voxels",
			"from": [ 4.8, 9.2, 1.2 ],
			"to": [ 11.2, 14.8, 4.4 ],
			"faces": {
				"down": { "uv": [ 0.75, 8.875, 1.75, 9.375 ], "texture": "#voxels_atlas" },
				"up": { "uv": [ 0.75, 8.875, 1.75, 8.375 ], "texture": "#voxels_atlas" },
				"north": { "uv": [ 1, 13.375, 0, 14.25 ], "texture": "#voxels_atlas" },
				"south": { "uv": [ 4.5, 14.375, 5.5, 15.25 ], "texture": "#voxels_atlas" },
				"west": { "uv": [ 2.75, 8.5, 3.25, 9.375 ], "texture": "#voxels_atlas" },
				"east": { "uv": [ 2.25, 8, 1.75, 8.875 ], "texture": "#voxels_atlas" }
			}
		},
		{
			"__comment": "Voxels",
			"from": [ 4.8, 10, 0.4 ],
			"to": [ 11.2, 10.8, 1.2 ],
			"faces": {
				"down": { "uv": [ 4.5, 13.375, 5.5, 13.5 ], "texture": "#voxels_atlas" },
				"up": { "uv": [ 4.375, 8.125, 5.375, 8 ], "texture": "#voxels_atlas" },
				"north": { "uv": [ 16, 14.75, 15, 14.875 ], "texture": "#voxels_atlas" },
				"south": { "uv": [ 8.25, 9.625, 9.25, 9.75 ], "texture": "#voxels_atlas" },
				"west": { "uv": [ 5.5, 14.25, 5.625, 14.375 ], "texture": "#voxels_atlas" },
				"east": { "uv": [ 12.25, 13.375, 12.125, 13.5 ], "texture": "#voxels_atlas" }
			}
		},
		{
			"__comment": "Voxels",
			"from": [ 4.8, 10, 4.4 ],
			"to": [ 11.2, 14, 9.2 ],
			"faces": {
				"down": { "uv": [ 3.5, 13.5, 4.5, 14.25 ], "texture": "#voxels_atlas" },
				"up": { "uv": [ 4.5, 14.25, 5.5, 13.5 ], "texture": "#voxels_atlas" },
				"north": { "uv": [ 1.75, 11, 0.75, 11.625 ], "texture": "#voxels_atlas" },
				"south": { "uv": [ 0.75, 10.375, 1.75, 11 ], "texture": "#voxels_atlas" },
				"west": { "uv": [ 1.75, 9.5, 2.5, 10.125 ], "texture": "#voxels_atlas" },
				"east": { "uv": [ 2.5, 8.875, 1.75, 9.5 ], "texture": "#voxels_atlas" }
			}
		},
		{
			"__comment": "Voxels",
			"from": [ 4.8, 10.8, 9.2 ],
			"to": [ 11.2, 13.2, 10 ],
			"faces": {
				"down": { "uv": [ 7.5, 9.25, 8.5, 9.375 ], "texture": "#voxels_atlas" },
				"up": { "uv": [ 7.5, 9.25, 8.5, 9.125 ], "texture": "#voxels_atlas" },
				"north": { "uv": [ 7.375, 14.25, 6.375, 14.625 ], "texture": "#voxels_atlas" },
				"south": { "uv": [ 4.375, 9.625, 5.375, 10 ], "texture": "#voxels_atlas" },
				"west": { "uv": [ 5.5, 10.75, 5.625, 11.125 ], "texture": "#voxels_atlas" },
				"east": { "uv": [ 5.625, 11.25, 5.5, 11.625 ], "texture": "#voxels_atlas" }
			}
		},
		{
			"__comment": "Voxels",
			"from": [ 4.8, 10.8, 10 ],
			"to": [ 10.4, 12.4, 10.8 ],
			"faces": {
				"down": { "uv": [ 12.125, 14.5, 13, 14.625 ], "texture": "#voxels_atlas" },
				"up": { "uv": [ 13, 14.625, 13.875, 14.5 ], "texture": "#voxels_atlas" },
				"north": { "uv": [ 8.375, 14.125, 7.5, 14.375 ], "texture": "#voxels_atlas" },
				"south": { "uv": [ 6.375, 9.375, 7.25, 9.625 ], "texture": "#voxels_atlas" },
				"west": { "uv": [ 10, 9.125, 10.125, 9.375 ], "texture": "#voxels_atlas" },
				"east": { "uv": [ 10.25, 8.875, 10.125, 9.125 ], "texture": "#voxels_atlas" }
			}
		},
		{
			"__comment": "Voxels",
			"from": [ 4.8, 11.6, 0.4 ],
			"to": [ 11.2, 14.8, 1.2 ],
			"faces": {
				"down": { "uv": [ 8, 9, 9, 9.125 ], "texture": "#voxels_atlas" },
				"up": { "uv": [ 8, 9, 9, 8.875 ], "texture": "#voxels_atlas" },
				"north": { "uv": [ 1.75, 9.875, 0.75, 10.375 ], "texture": "#voxels_atlas" },
				"south": { "uv": [ 0.75, 9.375, 1.75, 9.875 ], "texture": "#voxels_atlas" },
				"west": { "uv": [ 3.5, 8, 3.625, 8.5 ], "texture": "#voxels_atlas" },
				"east": { "uv": [ 6.25, 8.375, 6.125, 8.875 ], "texture": "#voxels_atlas" }
			}
		},
		{
			"__comment": "Voxels",
			"from": [ 4.8, 12.4, -1.2 ],
			"to": [ 11.2, 14.8, 0.4000001 ],
			"faces": {
				"down": { "uv": [ 1, 13.375, 2, 13.625 ], "texture": "#voxels_atlas" },
				"up": { "uv": [ 6.375, 11.875, 7.375, 11.625 ], "texture": "#voxels_atlas" },
				"north": { "uv": [ 7.375, 14.625, 6.375, 15 ], "texture": "#voxels_atlas" },
				"south": { "uv": [ 4.375, 8.125, 5.375, 8.5 ], "texture": "#voxels_atlas" },
				"west": { "uv": [ 5.375, 9.25, 5.625, 9.625 ], "texture": "#voxels_atlas" },
				"east": { "uv": [ 6.375, 13.25, 6.125, 13.625 ], "texture": "#voxels_atlas" }
			}
		},
		{
			"__comment": "Voxels",
			"from": [ 4.8, 13.2, -4.4 ],
			"to": [ 11.2, 15.6, -2 ],
			"faces": {
				"down": { "uv": [ 4.375, 8.5, 5.375, 8.875 ], "texture": "#voxels_atlas" },
				"up": { "uv": [ 4.375, 9.25, 5.375, 8.875 ], "texture": "#voxels_atlas" },
				"north": { "uv": [ 5.375, 9.25, 4.375, 9.625 ], "texture": "#voxels_atlas" },
				"south": { "uv": [ 0.75, 8, 1.75, 8.375 ], "texture": "#voxels_atlas" },
				"west": { "uv": [ 7, 9.625, 7.375, 10 ], "texture": "#voxels_atlas" },
				"east": { "uv": [ 7.375, 11, 7, 11.375 ], "texture": "#voxels_atlas" }
			}
		},
		{
			"__comment": "Voxels",
			"from": [ 4.8, 13.2, -2 ],
			"to": [ 11.2, 14.8, -1.2 ],
			"faces": {
				"down": { "uv": [ 9.25, 14.625, 10.25, 14.75 ], "texture": "#voxels_atlas" },
				"up": { "uv": [ 10.25, 14.75, 11.25, 14.625 ], "texture": "#voxels_atlas" },
				"north": { "uv": [ 7.375, 12.375, 6.375, 12.625 ], "texture": "#voxels_atlas" },
				"south": { "uv": [ 6.375, 13.375, 7.375, 13.625 ], "texture": "#voxels_atlas" },
				"west": { "uv": [ 10, 8.5, 10.125, 8.75 ], "texture": "#voxels_atlas" },
				"east": { "uv": [ 10.25, 8.25, 10.125, 8.5 ], "texture": "#voxels_atlas" }
			}
		},
		{
			"__comment": "Voxels",
			"from": [ 4.8, 14, -6.8 ],
			"to": [ 11.2, 16.4, -5.2 ],
			"faces": {
				"down": { "uv": [ 6.375, 13.125, 7.375, 13.375 ], "texture": "#voxels_atlas" },
				"up": { "uv": [ 6.375, 11.625, 7.375, 11.375 ], "texture": "#voxels_atlas" },
				"north": { "uv": [ 7.375, 13.875, 6.375, 14.25 ], "texture": "#voxels_atlas" },
				"south": { "uv": [ 4.375, 10, 5.375, 10.375 ], "texture": "#voxels_atlas" },
				"west": { "uv": [ 5.375, 8.875, 5.625, 9.25 ], "texture": "#voxels_atlas" },
				"east": { "uv": [ 5.625, 8.5, 5.375, 8.875 ], "texture": "#voxels_atlas" }
			}
		},
		{
			"__comment": "Voxels",
			"from": [ 4.8, 14, -5.2 ],
			"to": [ 11.2, 15.6, -4.4 ],
			"faces": {
				"down": { "uv": [ 4.5, 14.25, 5.5, 14.375 ], "texture": "#voxels_atlas" },
				"up": { "uv": [ 3.5, 13.5, 4.5, 13.375 ], "texture": "#voxels_atlas" },
				"north": { "uv": [ 7.375, 12.875, 6.375, 13.125 ], "texture": "#voxels_atlas" },
				"south": { "uv": [ 6.375, 12.625, 7.375, 12.875 ], "texture": "#voxels_atlas" },
				"west": { "uv": [ 10, 8, 10.125, 8.25 ], "texture": "#voxels_atlas" },
				"east": { "uv": [ 10.25, 8, 10.125, 8.25 ], "texture": "#voxels_atlas" }
			}
		},
		{
			"__comment": "Voxels",
			"from": [ 5.6, 7.6, -6.8 ],
			"to": [ 10.4, 8.4, -1.199999 ],
			"faces": {
				"down": { "uv": [ 0, 9.875, 0.75, 10.75 ], "texture": "#voxels_atlas" },
				"up": { "uv": [ 0, 11.625, 0.75, 10.75 ], "texture": "#voxels_atlas" },
				"north": { "uv": [ 15.125, 14.375, 14.375, 14.5 ], "texture": "#voxels_atlas" },
				"south": { "uv": [ 14.375, 14.25, 15.125, 14.375 ], "texture": "#voxels_atlas" },
				"west": { "uv": [ 11.25, 14.5, 12.125, 14.625 ], "texture": "#voxels_atlas" },
				"east": { "uv": [ 14.75, 14.5, 13.875, 14.625 ], "texture": "#voxels_atlas" }
			}
		},
		{
			"__comment": "Voxels",
			"from": [ 5.6, 8.4, 1.2 ],
			"to": [ 10.4, 9.2, 2 ],
			"faces": {
				"down": { "uv": [ 15.125, 14.375, 15.875, 14.5 ], "texture": "#voxels_atlas" },
				"up": { "uv": [ 15.125, 14.375, 15.875, 14.25 ], "texture": "#voxels_atlas" },
				"north": { "uv": [ 10.25, 14.125, 9.5, 14.25 ], "texture": "#voxels_atlas" },
				"south": { "uv": [ 10.25, 14.125, 11, 14.25 ], "texture": "#voxels_atlas" },
				"west": { "uv": [ 12, 13.375, 12.125, 13.5 ], "texture": "#voxels_atlas" },
				"east": { "uv": [ 10.5, 9.75, 10.375, 9.875 ], "texture": "#voxels_atlas" }
			}
		},
		{
			"__comment": "Voxels",
			"from": [ 5.6, 8.4, 2 ],
			"to": [ 6.4, 9.2, 3.6 ],
			"faces": {
				"down": { "uv": [ 10.25, 13.375, 10.375, 13.625 ], "texture": "#voxels_atlas" },
				"up": { "uv": [ 10.25, 13.375, 10.375, 13.125 ], "texture": "#voxels_atlas" },
				"north": { "uv": [ 11.375, 13.375, 11.25, 13.5 ], "texture": "#voxels_atlas" },
				"south": { "uv": [ 10.375, 8, 10.5, 8.125 ], "texture": "#voxels_atlas" },
				"west": { "uv": [ 10.375, 13.5, 10.625, 13.625 ], "texture": "#voxels_atlas" },
				"east": { "uv": [ 2.75, 8, 2.5, 8.125 ], "texture": "#voxels_atlas" }
			}
		},
		{
			"__comment": "Voxels",
			"from": [ 5.6, 9.2, -0.4 ],
			"to": [ 10.4, 10, 1.2 ],
			"faces": {
				"down": { "uv": [ 8.25, 11.75, 9, 12 ], "texture": "#voxels_atlas" },
				"up": { "uv": [ 7.5, 12, 8.25, 11.75 ], "texture": "#voxels_atlas" },
				"north": { "uv": [ 13.25, 14.125, 12.5, 14.25 ], "texture": "#voxels_atlas" },
				"south": { "uv": [ 13.25, 14.125, 14, 14.25 ], "texture": "#voxels_atlas" },
				"west": { "uv": [ 3.625, 8, 3.875, 8.125 ], "texture": "#voxels_atlas" },
				"east": { "uv": [ 5.625, 8, 5.375, 8.125 ], "texture": "#voxels_atlas" }
			}
		},
		{
			"__comment": "Voxels",
			"from": [ 5.6, 9.2, 4.4 ],
			"to": [ 10.4, 10, 8.4 ],
			"faces": {
				"down": { "uv": [ 0, 9.25, 0.75, 9.875 ], "texture": "#voxels_atlas" },
				"up": { "uv": [ 0, 9.25, 0.75, 8.625 ], "texture": "#voxels_atlas" },
				"north": { "uv": [ 9.25, 9.125, 8.5, 9.25 ], "texture": "#voxels_atlas" },
				"south": { "uv": [ 8.5, 8.125, 9.25, 8.25 ], "texture": "#voxels_atlas" },
				"west": { "uv": [ 11.75, 14, 12.375, 14.125 ], "texture": "#voxels_atlas" },
				"east": { "uv": [ 13, 14, 12.375, 14.125 ], "texture": "#voxels_atlas" }
			}
		},
		{
			"__comment": "Voxels",
			"from": [ 5.6, 10, 9.2 ],
			"to": [ 10.4, 10.8, 10.8 ],
			"faces": {
				"down": { "uv": [ 8.25, 13.625, 9, 13.875 ], "texture": "#voxels_atlas" },
				"up": { "uv": [ 7.5, 14.125, 8.25, 13.875 ], "texture": "#voxels_atlas" },
				"north": { "uv": [ 16, 14.625, 15.25, 14.75 ], "texture": "#voxels_atlas" },
				"south": { "uv": [ 14.75, 14.5, 15.5, 14.625 ], "texture": "#voxels_atlas" },
				"west": { "uv": [ 6.125, 13.125, 6.375, 13.25 ], "texture": "#voxels_atlas" },
				"east": { "uv": [ 6.375, 8.875, 6.125, 9 ], "texture": "#voxels_atlas" }
			}
		},
		{
			"__comment": "Voxels",
			"from": [ 5.6, 10, 10.8 ],
			"to": [ 9.6, 12.4, 11.6 ],
			"faces": {
				"down": { "uv": [ 14, 14.125, 14.625, 14.25 ], "texture": "#voxels_atlas" },
				"up": { "uv": [ 14.625, 14.25, 15.25, 14.125 ], "texture": "#voxels_atlas" },
				"north": { "uv": [ 6.25, 8, 5.625, 8.375 ], "texture": "#voxels_atlas" },
				"south": { "uv": [ 6.375, 11, 7, 11.375 ], "texture": "#voxels_atlas" },
				"west": { "uv": [ 9.5, 10.125, 9.625, 10.5 ], "texture": "#voxels_atlas" },
				"east": { "uv": [ 9.875, 11.875, 9.75, 12.25 ], "texture": "#voxels_atlas" }
			}
		},
		{
			"__comment": "Voxels",
			"from": [ 5.6, 10.8, 11.6 ],
			"to": [ 10.4, 12.4, 12.4 ],
			"faces": {
				"down": { "uv": [ 10.625, 14.375, 11.375, 14.5 ], "texture": "#voxels_atlas" },
				"up": { "uv": [ 10.625, 14.375, 11.375, 14.25 ], "texture": "#voxels_atlas" },
				"north": { "uv": [ 8.625, 12.25, 7.875, 12.5 ], "texture": "#voxels_atlas" },
				"south": { "uv": [ 8.5, 12.625, 9.25, 12.875 ], "texture": "#voxels_atlas" },
				"west": { "uv": [ 7.25, 9.375, 7.375, 9.625 ], "texture": "#voxels_atlas" },
				"east": { "uv": [ 9.25, 14.125, 9.125, 14.375 ], "texture": "#voxels_atlas" }
			}
		},
		{
			"__comment": "Voxels",
			"from": [ 5.6, 10.8, 12.4 ],
			"to": [ 9.6, 12.4, 14.8 ],
			"faces": {
				"down": { "uv": [ 6.75, 10.625, 7.375, 11 ], "texture": "#voxels_atlas" },
				"up": { "uv": [ 6.375, 10, 7, 9.625 ], "texture": "#voxels_atlas" },
				"north": { "uv": [ 8.875, 11, 8.25, 11.25 ], "texture": "#voxels_atlas" },
				"south": { "uv": [ 6.75, 10.375, 7.375, 10.625 ], "texture": "#voxels_atlas" },
				"west": { "uv": [ 13.625, 14.25, 14, 14.5 ], "texture": "#voxels_atlas" },
				"east": { "uv": [ 14.375, 14.25, 14, 14.5 ], "texture": "#voxels_atlas" }
			}
		},
		{
			"__comment": "Voxels",
			"from": [ 5.6, 11.6, 14.8 ],
			"to": [ 9.6, 12.4, 15.6 ],
			"faces": {
				"down": { "uv": [ 13, 14, 13.625, 14.125 ], "texture": "#voxels_atlas" },
				"up": { "uv": [ 10.5, 14.125, 11.125, 14 ], "texture": "#voxels_atlas" },
				"north": { "uv": [ 14.875, 14, 14.25, 14.125 ], "texture": "#voxels_atlas" },
				"south": { "uv": [ 14.875, 14, 15.5, 14.125 ], "texture": "#voxels_atlas" },
				"west": { "uv": [ 10.375, 8.125, 10.5, 8.25 ], "texture": "#voxels_atlas" },
				"east": { "uv": [ 10.5, 8.25, 10.375, 8.375 ], "texture": "#voxels_atlas" }
			}
		},
		{
			"__comment": "Voxels",
			"from": [ 5.6, 13.2, 9.2 ],
			"to": [ 10.4, 14, 11.6 ],
			"faces": {
				"down": { "uv": [ 5.625, 12.75, 6.375, 13.125 ], "texture": "#voxels_atlas" },
				"up": { "uv": [ 5.625, 12.75, 6.375, 12.375 ], "texture": "#voxels_atlas" },
				"north": { "uv": [ 9.25, 8, 8.5, 8.125 ], "texture": "#voxels_atlas" },
				"south": { "uv": [ 12.125, 14.375, 12.875, 14.5 ], "texture": "#voxels_atlas" },
				"west": { "uv": [ 3.25, 8.5, 3.625, 8.625 ], "texture": "#voxels_atlas" },
				"east": { "uv": [ 9.875, 11.625, 9.5, 11.75 ], "texture": "#voxels_atlas" }
			}
		},
		{
			"__comment": "Voxels",
			"from": [ 5.6, 13.2, 11.6 ],
			"to": [ 9.6, 14, 14 ],
			"faces": {
				"down": { "uv": [ 6.375, 10, 7, 10.375 ], "texture": "#voxels_atlas" },
				"up": { "uv": [ 5, 10.75, 5.625, 10.375 ], "texture": "#voxels_atlas" },
				"north": { "uv": [ 10.5, 14, 9.875, 14.125 ], "texture": "#voxels_atlas" },
				"south": { "uv": [ 9.875, 13.875, 10.5, 14 ], "texture": "#voxels_atlas" },
				"west": { "uv": [ 9.5, 10.875, 9.875, 11 ], "texture": "#voxels_atlas" },
				"east": { "uv": [ 9.875, 10.75, 9.5, 10.875 ], "texture": "#voxels_atlas" }
			}
		},
		{
			"__comment": "Voxels",
			"from": [ 5.6, 14, 4.4 ],
			"to": [ 10.4, 15.6, 6.8 ],
			"faces": {
				"down": { "uv": [ 5.625, 9.375, 6.375, 9.75 ], "texture": "#voxels_atlas" },
				"up": { "uv": [ 5.625, 12, 6.375, 11.625 ], "texture": "#voxels_atlas" },
				"north": { "uv": [ 9, 13.875, 8.25, 14.125 ], "texture": "#voxels_atlas" },
				"south": { "uv": [ 7.5, 13.625, 8.25, 13.875 ], "texture": "#voxels_atlas" },
				"west": { "uv": [ 10.25, 14.25, 10.625, 14.5 ], "texture": "#voxels_atlas" },
				"east": { "uv": [ 10.25, 14.25, 9.875, 14.5 ], "texture": "#voxels_atlas" }
			}
		},
		{
			"__comment": "Voxels",
			"from": [ 5.6, 14, 6.8 ],
			"to": [ 10.4, 14.8, 9.2 ],
			"faces": {
				"down": { "uv": [ 5.625, 12, 6.375, 12.375 ], "texture": "#voxels_atlas" },
				"up": { "uv": [ 5.625, 11.625, 6.375, 11.25 ], "texture": "#voxels_atlas" },
				"north": { "uv": [ 12.5, 14.125, 11.75, 14.25 ], "texture": "#voxels_atlas" },
				"south": { "uv": [ 11, 14.125, 11.75, 14.25 ], "texture": "#voxels_atlas" },
				"west": { "uv": [ 9.5, 8.875, 9.875, 9 ], "texture": "#voxels_atlas" },
				"east": { "uv": [ 9.875, 11.25, 9.5, 11.375 ], "texture": "#voxels_atlas" }
			}
		},
		{
			"__comment": "Voxels",
			"from": [ 5.6, 14, 9.2 ],
			"to": [ 9.6, 14.8, 10.8 ],
			"faces": {
				"down": { "uv": [ 7.5, 9.75, 8.125, 10 ], "texture": "#voxels_atlas" },
				"up": { "uv": [ 8.125, 10, 8.75, 9.75 ], "texture": "#voxels_atlas" },
				"north": { "uv": [ 14.25, 14, 13.625, 14.125 ], "texture": "#voxels_atlas" },
				"south": { "uv": [ 11.125, 14, 11.75, 14.125 ], "texture": "#voxels_atlas" },
				"west": { "uv": [ 15.75, 14.875, 16, 15 ], "texture": "#voxels_atlas" },
				"east": { "uv": [ 9.25, 13, 9, 13.125 ], "texture": "#voxels_atlas" }
			}
		},
		{
			"__comment": "Voxels",
			"from": [ 5.6, 14.8, -2 ],
			"to": [ 10.4, 16.4, 0.3999999 ],
			"faces": {
				"down": { "uv": [ 5.625, 10.125, 6.375, 10.5 ], "texture": "#voxels_atlas" },
				"up": { "uv": [ 5.625, 10.125, 6.375, 9.75 ], "texture": "#voxels_atlas" },
				"north": { "uv": [ 9, 12.875, 8.25, 13.125 ], "texture": "#voxels_atlas" },
				"south": { "uv": [ 7.5, 12.875, 8.25, 13.125 ], "texture": "#voxels_atlas" },
				"west": { "uv": [ 13.25, 14.25, 13.625, 14.5 ], "texture": "#voxels_atlas" },
				"east": { "uv": [ 13.25, 14.25, 12.875, 14.5 ], "texture": "#voxels_atlas" }
			}
		},
		{
			"__comment": "Voxels",
			"from": [ 5.6, 14.8, 0.4 ],
			"to": [ 10.4, 15.6, 4.4 ],
			"faces": {
				"down": { "uv": [ 1.75, 10.125, 2.5, 10.75 ], "texture": "#voxels_atlas" },
				"up": { "uv": [ 0, 8.625, 0.75, 8 ], "texture": "#voxels_atlas" },
				"north": { "uv": [ 9.25, 8.25, 8.5, 8.375 ], "texture": "#voxels_atlas" },
				"south": { "uv": [ 12.125, 14.25, 12.875, 14.375 ], "texture": "#voxels_atlas" },
				"west": { "uv": [ 8.25, 10.375, 8.875, 10.5 ], "texture": "#voxels_atlas" },
				"east": { "uv": [ 15.875, 14.125, 15.25, 14.25 ], "texture": "#voxels_atlas" }
			}
		},
		{
			"__comment": "Voxels",
			"from": [ 5.6, 15.6, -5.2 ],
			"to": [ 10.4, 16.4, -2 ],
			"faces": {
				"down": { "uv": [ 5.625, 14.5, 6.375, 15 ], "texture": "#voxels_atlas" },
				"up": { "uv": [ 2.75, 8.5, 3.5, 8 ], "texture": "#voxels_atlas" },
				"north": { "uv": [ 9.25, 9.25, 8.5, 9.375 ], "texture": "#voxels_atlas" },
				"south": { "uv": [ 8.5, 12.5, 9.25, 12.625 ], "texture": "#voxels_atlas" },
				"west": { "uv": [ 15.5, 14.5, 16, 14.625 ], "texture": "#voxels_atlas" },
				"east": { "uv": [ 8, 8, 7.5, 8.125 ], "texture": "#voxels_atlas" }
			}
		},
		{
			"__comment": "Voxels",
			"from": [ 5.6, 16.4, -6.8 ],
			"to": [ 6.4, 17.2, -5.2 ],
			"faces": {
				"down": { "uv": [ 9, 11.75, 9.125, 12 ], "texture": "#voxels_atlas" },
				"up": { "uv": [ 9.125, 12, 9.25, 11.75 ], "texture": "#voxels_atlas" },
				"north": { "uv": [ 10.5, 9.875, 10.375, 10 ], "texture": "#voxels_atlas" },
				"south": { "uv": [ 10.375, 13, 10.5, 13.125 ], "texture": "#voxels_atlas" },
				"west": { "uv": [ 10, 8.75, 10.25, 8.875 ], "texture": "#voxels_atlas" },
				"east": { "uv": [ 10.25, 9.5, 10, 9.625 ], "texture": "#voxels_atlas" }
			}
		},
		{
			"__comment": "Voxels",
			"from": [ 6.4, 7.6, -1.2 ],
			"to": [ 9.599999, 8.4, 0.4000001 ],
			"faces": {
				"down": { "uv": [ 8, 8.375, 8.5, 8.625 ], "texture": "#voxels_atlas" },
				"up": { "uv": [ 8, 8.375, 8.5, 8.125 ], "texture": "#voxels_atlas" },
				"north": { "uv": [ 15.875, 13.75, 15.375, 13.875 ], "texture": "#voxels_atlas" },
				"south": { "uv": [ 9.875, 13.625, 10.375, 13.75 ], "texture": "#voxels_atlas" },
				"west": { "uv": [ 10, 10.5, 10.25, 10.625 ], "texture": "#voxels_atlas" },
				"east": { "uv": [ 10.25, 10.625, 10, 10.75 ], "texture": "#voxels_atlas" }
			}
		},
		{
			"__comment": "Voxels",
			"from": [ 6.4, 8.4, -0.4 ],
			"to": [ 9.599999, 9.2, 1.2 ],
			"faces": {
				"down": { "uv": [ 8.5, 8.625, 9, 8.875 ], "texture": "#voxels_atlas" },
				"up": { "uv": [ 8.5, 8.625, 9, 8.375 ], "texture": "#voxels_atlas" },
				"north": { "uv": [ 9.25, 10.25, 8.75, 10.375 ], "texture": "#voxels_atlas" },
				"south": { "uv": [ 8.75, 10, 9.25, 10.125 ], "texture": "#voxels_atlas" },
				"west": { "uv": [ 10, 10.75, 10.25, 10.875 ], "texture": "#voxels_atlas" },
				"east": { "uv": [ 10.25, 11.5, 10, 11.625 ], "texture": "#voxels_atlas" }
			}
		},
		{
			"__comment": "Voxels",
			"from": [ 6.4, 8.4, 5.2 ],
			"to": [ 9.599999, 9.2, 6 ],
			"faces": {
				"down": { "uv": [ 10.375, 13.75, 10.875, 13.875 ], "texture": "#voxels_atlas" },
				"up": { "uv": [ 13.375, 13.875, 13.875, 13.75 ], "texture": "#voxels_atlas" },
				"north": { "uv": [ 14.375, 13.75, 13.875, 13.875 ], "texture": "#voxels_atlas" },
				"south": { "uv": [ 8.75, 13.125, 9.25, 13.25 ], "texture": "#voxels_atlas" },
				"west": { "uv": [ 10.875, 13.375, 11, 13.5 ], "texture": "#voxels_atlas" },
				"east": { "uv": [ 10.5, 9.25, 10.375, 9.375 ], "texture": "#voxels_atlas" }
			}
		},
		{
			"__comment": "Voxels",
			"from": [ 6.4, 9.2, 8.4 ],
			"to": [ 9.599999, 10, 10 ],
			"faces": {
				"down": { "uv": [ 8.75, 9.75, 9.25, 10 ], "texture": "#voxels_atlas" },
				"up": { "uv": [ 8.25, 9.625, 8.75, 9.375 ], "texture": "#voxels_atlas" },
				"north": { "uv": [ 9.25, 10.125, 8.75, 10.25 ], "texture": "#voxels_atlas" },
				"south": { "uv": [ 15.5, 15.25, 16, 15.375 ], "texture": "#voxels_atlas" },
				"west": { "uv": [ 10, 12.375, 10.25, 12.5 ], "texture": "#voxels_atlas" },
				"east": { "uv": [ 10.25, 12.75, 10, 12.875 ], "texture": "#voxels_atlas" }
			}
		},
		{
			"__comment": "Voxels",
			"from": [ 6.4, 10, 11.6 ],
			"to": [ 9.599999, 10.8, 13.2 ],
			"faces": {
				"down": { "uv": [ 8.75, 9.375, 9.25, 9.625 ], "texture": "#voxels_atlas" },
				"up": { "uv": [ 7.5, 9.125, 8, 8.875 ], "texture": "#voxels_atlas" },
				"north": { "uv": [ 7.375, 8.5, 6.875, 8.625 ], "texture": "#voxels_atlas" },
				"south": { "uv": [ 8.25, 13.125, 8.75, 13.25 ], "texture": "#voxels_atlas" },
				"west": { "uv": [ 10, 12.875, 10.25, 13 ], "texture": "#voxels_atlas" },
				"east": { "uv": [ 10.25, 13.25, 10, 13.375 ], "texture": "#voxels_atlas" }
			}
		},
		{
			"__comment": "Voxels",
			"from": [ 6.4, 10, 13.2 ],
			"to": [ 8.799999, 10.8, 14 ],
			"faces": {
				"down": { "uv": [ 9.5, 8.5, 9.875, 8.625 ], "texture": "#voxels_atlas" },
				"up": { "uv": [ 9.5, 11.875, 9.875, 11.75 ], "texture": "#voxels_atlas" },
				"north": { "uv": [ 5.625, 11.875, 5.25, 12 ], "texture": "#voxels_atlas" },
				"south": { "uv": [ 9.5, 11.125, 9.875, 11.25 ], "texture": "#voxels_atlas" },
				"west": { "uv": [ 15.75, 13.5, 15.875, 13.625 ], "texture": "#voxels_atlas" },
				"east": { "uv": [ 16, 15.125, 15.875, 15.25 ], "texture": "#voxels_atlas" }
			}
		},
		{
			"__comment": "Voxels",
			"from": [ 6.4, 10.8, 14.8 ],
			"to": [ 9.599999, 11.6, 15.6 ],
			"faces": {
				"down": { "uv": [ 12.375, 13.75, 12.875, 13.875 ], "texture": "#voxels_atlas" },
				"up": { "uv": [ 15.5, 15.5, 16, 15.375 ], "texture": "#voxels_atlas" },
				"north": { "uv": [ 15.375, 13.75, 14.875, 13.875 ], "texture": "#voxels_atlas" },
				"south": { "uv": [ 10.875, 13.75, 11.375, 13.875 ], "texture": "#voxels_atlas" },
				"west": { "uv": [ 15.625, 13.5, 15.75, 13.625 ], "texture": "#voxels_atlas" },
				"east": { "uv": [ 10.5, 13.25, 10.375, 13.375 ], "texture": "#voxels_atlas" }
			}
		},
		{
			"__comment": "Voxels",
			"from": [ 6.4, 10.8, 15.6 ],
			"to": [ 8.799999, 12.4, 17.2 ],
			"faces": {
				"down": { "uv": [ 11.75, 14.25, 12.125, 14.5 ], "texture": "#voxels_atlas" },
				"up": { "uv": [ 11.375, 14.5, 11.75, 14.25 ], "texture": "#voxels_atlas" },
				"north": { "uv": [ 9.25, 11.25, 8.875, 11.5 ], "texture": "#voxels_atlas" },
				"south": { "uv": [ 8.875, 11, 9.25, 11.25 ], "texture": "#voxels_atlas" },
				"west": { "uv": [ 4.125, 8, 4.375, 8.25 ], "texture": "#voxels_atlas" },
				"east": { "uv": [ 4.125, 8, 3.875, 8.25 ], "texture": "#voxels_atlas" }
			}
		},
		{
			"__comment": "Voxels",
			"from": [ 6.4, 11.6, 17.2 ],
			"to": [ 9.599999, 12.4, 20.4 ],
			"faces": {
				"down": { "uv": [ 6.875, 11.875, 7.375, 12.375 ], "texture": "#voxels_atlas" },
				"up": { "uv": [ 5.625, 9.375, 6.125, 8.875 ], "texture": "#voxels_atlas" },
				"north": { "uv": [ 11.5, 13.875, 11, 14 ], "texture": "#voxels_atlas" },
				"south": { "uv": [ 10.875, 13.625, 11.375, 13.75 ], "texture": "#voxels_atlas" },
				"west": { "uv": [ 10.375, 13.625, 10.875, 13.75 ], "texture": "#voxels_atlas" },
				"east": { "uv": [ 8.5, 8, 8, 8.125 ], "texture": "#voxels_atlas" }
			}
		},
		{
			"__comment": "Voxels",
			"from": [ 6.4, 11.6, 20.4 ],
			"to": [ 8.799999, 13.2, 22.8 ],
			"faces": {
				"down": { "uv": [ 7.875, 9.375, 8.25, 9.75 ], "texture": "#voxels_atlas" },
				"up": { "uv": [ 7, 10.375, 7.375, 10 ], "texture": "#voxels_atlas" },
				"north": { "uv": [ 9.875, 13.875, 9.5, 14.125 ], "texture": "#voxels_atlas" },
				"south": { "uv": [ 8.875, 11.5, 9.25, 11.75 ], "texture": "#voxels_atlas" },
				"west": { "uv": [ 9.5, 14.25, 9.875, 14.5 ], "texture": "#voxels_atlas" },
				"east": { "uv": [ 9.25, 10.75, 8.875, 11 ], "texture": "#voxels_atlas" }
			}
		},
		{
			"__comment": "Voxels",
			"from": [ 6.4, 13.2, 14 ],
			"to": [ 9.599999, 14, 16.4 ],
			"faces": {
				"down": { "uv": [ 8.75, 13.25, 9.25, 13.625 ], "texture": "#voxels_atlas" },
				"up": { "uv": [ 8, 12.875, 8.5, 12.5 ], "texture": "#voxels_atlas" },
				"north": { "uv": [ 16, 14, 15.5, 14.125 ], "texture": "#voxels_atlas" },
				"south": { "uv": [ 10.5, 13.875, 11, 14 ], "texture": "#voxels_atlas" },
				"west": { "uv": [ 9.5, 10.625, 9.875, 10.75 ], "texture": "#voxels_atlas" },
				"east": { "uv": [ 9.875, 10.5, 9.5, 10.625 ], "texture": "#voxels_atlas" }
			}
		},
		{
			"__comment": "Voxels",
			"from": [ 6.4, 13.2, 16.4 ],
			"to": [ 8.799999, 14, 19.6 ],
			"faces": {
				"down": { "uv": [ 7.5, 12, 7.875, 12.5 ], "texture": "#voxels_atlas" },
				"up": { "uv": [ 8.625, 12.5, 9, 12 ], "texture": "#voxels_atlas" },
				"north": { "uv": [ 9.875, 9.875, 9.5, 10 ], "texture": "#voxels_atlas" },
				"south": { "uv": [ 9.5, 9.75, 9.875, 9.875 ], "texture": "#voxels_atlas" },
				"west": { "uv": [ 11.5, 13.875, 12, 14 ], "texture": "#voxels_atlas" },
				"east": { "uv": [ 12.5, 13.875, 12, 14 ], "texture": "#voxels_atlas" }
			}
		},
		{
			"__comment": "Voxels",
			"from": [ 6.4, 14, 10.8 ],
			"to": [ 9.599999, 14.8, 13.2 ],
			"faces": {
				"down": { "uv": [ 6.875, 9, 7.375, 9.375 ], "texture": "#voxels_atlas" },
				"up": { "uv": [ 6.875, 9, 7.375, 8.625 ], "texture": "#voxels_atlas" },
				"north": { "uv": [ 13, 13.875, 12.5, 14 ], "texture": "#voxels_atlas" },
				"south": { "uv": [ 13, 13.875, 13.5, 14 ], "texture": "#voxels_atlas" },
				"west": { "uv": [ 9.5, 8.375, 9.875, 8.5 ], "texture": "#voxels_atlas" },
				"east": { "uv": [ 9.875, 8.25, 9.5, 8.375 ], "texture": "#voxels_atlas" }
			}
		},
		{
			"__comment": "Voxels",
			"from": [ 6.4, 14, 13.2 ],
			"to": [ 8.799999, 14.8, 16.4 ],
			"faces": {
				"down": { "uv": [ 7.5, 13.125, 7.875, 13.625 ], "texture": "#voxels_atlas" },
				"up": { "uv": [ 7.875, 13.625, 8.25, 13.125 ], "texture": "#voxels_atlas" },
				"north": { "uv": [ 5.625, 11.75, 5.25, 11.875 ], "texture": "#voxels_atlas" },
				"south": { "uv": [ 5.25, 11.625, 5.625, 11.75 ], "texture": "#voxels_atlas" },
				"west": { "uv": [ 13.5, 13.875, 14, 14 ], "texture": "#voxels_atlas" },
				"east": { "uv": [ 14.5, 13.875, 14, 14 ], "texture": "#voxels_atlas" }
			}
		},
		{
			"__comment": "Voxels",
			"from": [ 6.4, 14.8, 6.8 ],
			"to": [ 9.599999, 15.6, 10 ],
			"faces": {
				"down": { "uv": [ 6.375, 11.875, 6.875, 12.375 ], "texture": "#voxels_atlas" },
				"up": { "uv": [ 5.625, 8.875, 6.125, 8.375 ], "texture": "#voxels_atlas" },
				"north": { "uv": [ 15, 13.875, 14.5, 14 ], "texture": "#voxels_atlas" },
				"south": { "uv": [ 15, 13.875, 15.5, 14 ], "texture": "#voxels_atlas" },
				"west": { "uv": [ 15.5, 13.875, 16, 14 ], "texture": "#voxels_atlas" },
				"east": { "uv": [ 10.375, 13.75, 9.875, 13.875 ], "texture": "#voxels_atlas" }
			}
		},
		{
			"__comment": "Voxels",
			"from": [ 6.4, 14.8, 10 ],
			"to": [ 8.799999, 15.6, 10.8 ],
			"faces": {
				"down": { "uv": [ 15.625, 15.5, 16, 15.625 ], "texture": "#voxels_atlas" },
				"up": { "uv": [ 6, 10.625, 6.375, 10.5 ], "texture": "#voxels_atlas" },
				"north": { "uv": [ 9.875, 12.625, 9.5, 12.75 ], "texture": "#voxels_atlas" },
				"south": { "uv": [ 9.5, 12.5, 9.875, 12.625 ], "texture": "#voxels_atlas" },
				"west": { "uv": [ 10.375, 13.375, 10.5, 13.5 ], "texture": "#voxels_atlas" },
				"east": { "uv": [ 16, 13.5, 15.875, 13.625 ], "texture": "#voxels_atlas" }
			}
		},
		{
			"__comment": "Voxels",
			"from": [ 6.4, 15.6, 0.4 ],
			"to": [ 9.599999, 16.4, 2.8 ],
			"faces": {
				"down": { "uv": [ 8.25, 13.25, 8.75, 13.625 ], "texture": "#voxels_atlas" },
				"up": { "uv": [ 7.5, 12.875, 8, 12.5 ], "texture": "#voxels_atlas" },
				"north": { "uv": [ 11.875, 13.75, 11.375, 13.875 ], "texture": "#voxels_atlas" },
				"south": { "uv": [ 11.875, 13.75, 12.375, 13.875 ], "texture": "#voxels_atlas" },
				"west": { "uv": [ 9.5, 11.5, 9.875, 11.625 ], "texture": "#voxels_atlas" },
				"east": { "uv": [ 9.875, 11.375, 9.5, 11.5 ], "texture": "#voxels_atlas" }
			}
		},
		{
			"__comment": "Voxels",
			"from": [ 6.4, 16.4, -6 ],
			"to": [ 7.2, 17.2, -4.4 ],
			"faces": {
				"down": { "uv": [ 9, 8.625, 9.125, 8.875 ], "texture": "#voxels_atlas" },
				"up": { "uv": [ 9.125, 8.875, 9.25, 8.625 ], "texture": "#voxels_atlas" },
				"north": { "uv": [ 15.625, 13.5, 15.5, 13.625 ], "texture": "#voxels_atlas" },
				"south": { "uv": [ 15.375, 13.5, 15.5, 13.625 ], "texture": "#voxels_atlas" },
				"west": { "uv": [ 9, 12.875, 9.25, 13 ], "texture": "#voxels_atlas" },
				"east": { "uv": [ 9.25, 9, 9, 9.125 ], "texture": "#voxels_atlas" }
			}
		},
		{
			"__comment": "Voxels",
			"from": [ 7.2, 7.6, 0.4 ],
			"to": [ 8.8, 8.4, 1.2 ],
			"faces": {
				"down": { "uv": [ 9, 8.875, 9.25, 9 ], "texture": "#voxels_atlas" },
				"up": { "uv": [ 9, 8.625, 9.25, 8.5 ], "texture": "#voxels_atlas" },
				"north": { "uv": [ 9.25, 8.375, 9, 8.5 ], "texture": "#voxels_atlas" },
				"south": { "uv": [ 15.375, 13.625, 15.625, 13.75 ], "texture": "#voxels_atlas" },
				"west": { "uv": [ 5.5, 12.625, 5.625, 12.75 ], "texture": "#voxels_atlas" },
				"east": { "uv": [ 5.625, 12.75, 5.5, 12.875 ], "texture": "#voxels_atlas" }
			}
		},
		{
			"__comment": "Voxels",
			"from": [ 7.2, 7.6, 18 ],
			"to": [ 8, 10, 20.4 ],
			"faces": {
				"down": { "uv": [ 9.625, 10.125, 9.75, 10.5 ], "texture": "#voxels_atlas" },
				"up": { "uv": [ 9.75, 10.5, 9.875, 10.125 ], "texture": "#voxels_atlas" },
				"north": { "uv": [ 9.625, 9.375, 9.5, 9.75 ], "texture": "#voxels_atlas" },
				"south": { "uv": [ 9.625, 9.375, 9.75, 9.75 ], "texture": "#voxels_atlas" },
				"west": { "uv": [ 7.5, 9.375, 7.875, 9.75 ], "texture": "#voxels_atlas" },
				"east": { "uv": [ 9.25, 10.375, 8.875, 10.75 ], "texture": "#voxels_atlas" }
			}
		},
		{
			"__comment": "Voxels",
			"from": [ 7.2, 8.4, 6 ],
			"to": [ 8.8, 9.2, 6.8 ],
			"faces": {
				"down": { "uv": [ 11.375, 13.625, 11.625, 13.75 ], "texture": "#voxels_atlas" },
				"up": { "uv": [ 11.625, 13.75, 11.875, 13.625 ], "texture": "#voxels_atlas" },
				"north": { "uv": [ 12.125, 13.625, 11.875, 13.75 ], "texture": "#voxels_atlas" },
				"south": { "uv": [ 12.125, 13.625, 12.375, 13.75 ], "texture": "#voxels_atlas" },
				"west": { "uv": [ 11.375, 13.375, 11.5, 13.5 ], "texture": "#voxels_atlas" },
				"east": { "uv": [ 10.875, 13.375, 10.75, 13.5 ], "texture": "#voxels_atlas" }
			}
		},
		{
			"__comment": "Voxels",
			"from": [ 7.2, 9.2, 17.2 ],
			"to": [ 8.8, 10, 18 ],
			"faces": {
				"down": { "uv": [ 12.375, 13.625, 12.625, 13.75 ], "texture": "#voxels_atlas" },
				"up": { "uv": [ 12.625, 13.75, 12.875, 13.625 ], "texture": "#voxels_atlas" },
				"north": { "uv": [ 13.125, 13.625, 12.875, 13.75 ], "texture": "#voxels_atlas" },
				"south": { "uv": [ 13.125, 13.625, 13.375, 13.75 ], "texture": "#voxels_atlas" },
				"west": { "uv": [ 10.375, 8.375, 10.5, 8.5 ], "texture": "#voxels_atlas" },
				"east": { "uv": [ 10.5, 9.375, 10.375, 9.5 ], "texture": "#voxels_atlas" }
			}
		},
		{
			"__comment": "Voxels",
			"from": [ 7.2, 10, 17.2 ],
			"to": [ 8, 11.6, 18 ],
			"faces": {
				"down": { "uv": [ 10.375, 10.75, 10.5, 10.875 ], "texture": "#voxels_atlas" },
				"up": { "uv": [ 10.375, 11, 10.5, 10.875 ], "texture": "#voxels_atlas" },
				"north": { "uv": [ 10, 13.375, 9.875, 13.625 ], "texture": "#voxels_atlas" },
				"south": { "uv": [ 9.875, 13.125, 10, 13.375 ], "texture": "#voxels_atlas" },
				"west": { "uv": [ 9.875, 12.875, 10, 13.125 ], "texture": "#voxels_atlas" },
				"east": { "uv": [ 10, 12.625, 9.875, 12.875 ], "texture": "#voxels_atlas" }
			}
		},
		{
			"__comment": "Voxels",
			"from": [ 7.2, 10.8, 18 ],
			"to": [ 8.8, 11.6, 21.2 ],
			"faces": {
				"down": { "uv": [ 3.625, 8.125, 3.875, 8.625 ], "texture": "#voxels_atlas" },
				"up": { "uv": [ 2.5, 8.625, 2.75, 8.125 ], "texture": "#voxels_atlas" },
				"north": { "uv": [ 13.625, 13.625, 13.375, 13.75 ], "texture": "#voxels_atlas" },
				"south": { "uv": [ 13.625, 13.625, 13.875, 13.75 ], "texture": "#voxels_atlas" },
				"west": { "uv": [ 12.875, 13.75, 13.375, 13.875 ], "texture": "#voxels_atlas" },
				"east": { "uv": [ 14.875, 13.75, 14.375, 13.875 ], "texture": "#voxels_atlas" }
			}
		},
		{
			"__comment": "Voxels",
			"from": [ 7.2, 10.8, 21.2 ],
			"to": [ 8, 11.6, 22 ],
			"faces": {
				"down": { "uv": [ 10.375, 11.25, 10.5, 11.375 ], "texture": "#voxels_atlas" },
				"up": { "uv": [ 10.375, 11.5, 10.5, 11.375 ], "texture": "#voxels_atlas" },
				"north": { "uv": [ 10.5, 12.5, 10.375, 12.625 ], "texture": "#voxels_atlas" },
				"south": { "uv": [ 10.375, 12.625, 10.5, 12.75 ], "texture": "#voxels_atlas" },
				"west": { "uv": [ 10.375, 13.125, 10.5, 13.25 ], "texture": "#voxels_atlas" },
				"east": { "uv": [ 10.375, 9.375, 10.25, 9.5 ], "texture": "#voxels_atlas" }
			}
		},
		{
			"__comment": "Voxels",
			"from": [ 7.2, 13.2, 19.6 ],
			"to": [ 8.8, 15.6, 20.4 ],
			"faces": {
				"down": { "uv": [ 13.875, 13.625, 14.125, 13.75 ], "texture": "#voxels_atlas" },
				"up": { "uv": [ 14.125, 13.75, 14.375, 13.625 ], "texture": "#voxels_atlas" },
				"north": { "uv": [ 5.625, 8.125, 5.375, 8.5 ], "texture": "#voxels_atlas" },
				"south": { "uv": [ 6.125, 9, 6.375, 9.375 ], "texture": "#voxels_atlas" },
				"west": { "uv": [ 9.5, 9, 9.625, 9.375 ], "texture": "#voxels_atlas" },
				"east": { "uv": [ 9.875, 9.375, 9.75, 9.75 ], "texture": "#voxels_atlas" }
			}
		},
		{
			"__comment": "Voxels",
			"from": [ 7.2, 13.2, 20.4 ],
			"to": [ 8.8, 14, 22 ],
			"faces": {
				"down": { "uv": [ 2, 13.375, 2.25, 13.625 ], "texture": "#voxels_atlas" },
				"up": { "uv": [ 3.25, 13.625, 3.5, 13.375 ], "texture": "#voxels_atlas" },
				"north": { "uv": [ 14.625, 13.625, 14.375, 13.75 ], "texture": "#voxels_atlas" },
				"south": { "uv": [ 14.625, 13.625, 14.875, 13.75 ], "texture": "#voxels_atlas" },
				"west": { "uv": [ 14.875, 13.625, 15.125, 13.75 ], "texture": "#voxels_atlas" },
				"east": { "uv": [ 15.375, 13.625, 15.125, 13.75 ], "texture": "#voxels_atlas" }
			}
		},
		{
			"__comment": "Voxels",
			"from": [ 7.2, 13.2, 22 ],
			"to": [ 8, 14, 22.8 ],
			"faces": {
				"down": { "uv": [ 10.25, 9.5, 10.375, 9.625 ], "texture": "#voxels_atlas" },
				"up": { "uv": [ 13.25, 13.625, 13.375, 13.5 ], "texture": "#voxels_atlas" },
				"north": { "uv": [ 13.25, 13.5, 13.125, 13.625 ], "texture": "#voxels_atlas" },
				"south": { "uv": [ 10.25, 9.25, 10.375, 9.375 ], "texture": "#voxels_atlas" },
				"west": { "uv": [ 5.5, 12.5, 5.625, 12.625 ], "texture": "#voxels_atlas" },
				"east": { "uv": [ 5.625, 11.125, 5.5, 11.25 ], "texture": "#voxels_atlas" }
			}
		},
		{
			"__comment": "Voxels",
			"from": [ 7.2, 14, 16.4 ],
			"to": [ 8.8, 25.2, 17.2 ],
			"faces": {
				"down": { "uv": [ 10, 11.375, 10.25, 11.5 ], "texture": "#voxels_atlas" },
				"up": { "uv": [ 15.625, 13.75, 15.875, 13.625 ], "texture": "#voxels_atlas" },
				"north": { "uv": [ 2.75, 8.625, 2.5, 10.375 ], "texture": "#voxels_atlas" },
				"south": { "uv": [ 3.625, 8.625, 3.875, 10.375 ], "texture": "#voxels_atlas" },
				"west": { "uv": [ 7.375, 11.25, 7.5, 13 ], "texture": "#voxels_atlas" },
				"east": { "uv": [ 7.5, 13, 7.375, 14.75 ], "texture": "#voxels_atlas" }
			}
		},
		{
			"__comment": "Voxels",
			"from": [ 7.2, 14, 17.2 ],
			"to": [ 8.8, 24.4, 18 ],
			"faces": {
				"down": { "uv": [ 10, 13.5, 10.25, 13.625 ], "texture": "#voxels_atlas" },
				"up": { "uv": [ 10, 13.5, 10.25, 13.375 ], "texture": "#voxels_atlas" },
				"north": { "uv": [ 4.125, 8.75, 3.875, 10.375 ], "texture": "#voxels_atlas" },
				"south": { "uv": [ 4.125, 8.75, 4.375, 10.375 ], "texture": "#voxels_atlas" },
				"west": { "uv": [ 7.375, 9.625, 7.5, 11.25 ], "texture": "#voxels_atlas" },
				"east": { "uv": [ 7.5, 8, 7.375, 9.625 ], "texture": "#voxels_atlas" }
			}
		},
		{
			"__comment": "Voxels",
			"from": [ 7.2, 14, 18 ],
			"to": [ 8.8, 22.8, 18.8 ],
			"faces": {
				"down": { "uv": [ 10, 13.125, 10.25, 13.25 ], "texture": "#voxels_atlas" },
				"up": { "uv": [ 10, 13.125, 10.25, 13 ], "texture": "#voxels_atlas" },
				"north": { "uv": [ 5.875, 13.125, 5.625, 14.5 ], "texture": "#voxels_atlas" },
				"south": { "uv": [ 5.875, 13.125, 6.125, 14.5 ], "texture": "#voxels_atlas" },
				"west": { "uv": [ 8.125, 10.375, 8.25, 11.75 ], "texture": "#voxels_atlas" },
				"east": { "uv": [ 7.625, 10.375, 7.5, 11.75 ], "texture": "#voxels_atlas" }
			}
		},
		{
			"__comment": "Voxels",
			"from": [ 7.2, 14, 18.8 ],
			"to": [ 8.8, 19.6, 19.6 ],
			"faces": {
				"down": { "uv": [ 10, 12.625, 10.25, 12.75 ], "texture": "#voxels_atlas" },
				"up": { "uv": [ 10, 12.625, 10.25, 12.5 ], "texture": "#voxels_atlas" },
				"north": { "uv": [ 6.875, 8.5, 6.625, 9.375 ], "texture": "#voxels_atlas" },
				"south": { "uv": [ 6.375, 8.5, 6.625, 9.375 ], "texture": "#voxels_atlas" },
				"west": { "uv": [ 9.25, 11, 9.375, 11.875 ], "texture": "#voxels_atlas" },
				"east": { "uv": [ 9.375, 8.375, 9.25, 9.25 ], "texture": "#voxels_atlas" }
			}
		},
		{
			"__comment": "Voxels",
			"from": [ 7.2, 14, 20.4 ],
			"to": [ 8, 18, 21.2 ],
			"faces": {
				"down": { "uv": [ 10.375, 12.375, 10.5, 12.5 ], "texture": "#voxels_atlas" },
				"up": { "uv": [ 10.375, 12.375, 10.5, 12.25 ], "texture": "#voxels_atlas" },
				"north": { "uv": [ 9.5, 9.125, 9.375, 9.75 ], "texture": "#voxels_atlas" },
				"south": { "uv": [ 9.375, 9.75, 9.5, 10.375 ], "texture": "#voxels_atlas" },
				"west": { "uv": [ 9.375, 11.625, 9.5, 12.25 ], "texture": "#voxels_atlas" },
				"east": { "uv": [ 9.5, 10.375, 9.375, 11 ], "texture": "#voxels_atlas" }
			}
		},
		{
			"__comment": "Voxels",
			"from": [ 7.2, 14.8, 10.8 ],
			"to": [ 8.8, 18, 16.4 ],
			"faces": {
				"down": { "uv": [ 6.125, 13.625, 6.375, 14.5 ], "texture": "#voxels_atlas" },
				"up": { "uv": [ 2.25, 8.875, 2.5, 8 ], "texture": "#voxels_atlas" },
				"north": { "uv": [ 4.125, 8.25, 3.875, 8.75 ], "texture": "#voxels_atlas" },
				"south": { "uv": [ 4.125, 8.25, 4.375, 8.75 ], "texture": "#voxels_atlas" },
				"west": { "uv": [ 2.75, 9.875, 3.625, 10.375 ], "texture": "#voxels_atlas" },
				"east": { "uv": [ 3.625, 9.375, 2.75, 9.875 ], "texture": "#voxels_atlas" }
			}
		},
		{
			"__comment": "Voxels",
			"from": [ 7.2, 15.6, 2.8 ],
			"to": [ 8.8, 16.4, 4.4 ],
			"faces": {
				"down": { "uv": [ 9, 13.625, 9.25, 13.875 ], "texture": "#voxels_atlas" },
				"up": { "uv": [ 9, 14.125, 9.25, 13.875 ], "texture": "#voxels_atlas" },
				"north": { "uv": [ 10.25, 12.25, 10, 12.375 ], "texture": "#voxels_atlas" },
				"south": { "uv": [ 10, 12.125, 10.25, 12.25 ], "texture": "#voxels_atlas" },
				"west": { "uv": [ 10, 12, 10.25, 12.125 ], "texture": "#voxels_atlas" },
				"east": { "uv": [ 10.25, 11.875, 10, 12 ], "texture": "#voxels_atlas" }
			}
		},
		{
			"__comment": "Voxels",
			"from": [ 7.2, 15.6, 9.2 ],
			"to": [ 8, 16.4, 10.8 ],
			"faces": {
				"down": { "uv": [ 9.875, 12.375, 10, 12.625 ], "texture": "#voxels_atlas" },
				"up": { "uv": [ 9.875, 12.375, 10, 12.125 ], "texture": "#voxels_atlas" },
				"north": { "uv": [ 10.375, 9.125, 10.25, 9.25 ], "texture": "#voxels_atlas" },
				"south": { "uv": [ 10.25, 8, 10.375, 8.125 ], "texture": "#voxels_atlas" },
				"west": { "uv": [ 10, 11.75, 10.25, 11.875 ], "texture": "#voxels_atlas" },
				"east": { "uv": [ 10.25, 11.625, 10, 11.75 ], "texture": "#voxels_atlas" }
			}
		},
		{
			"__comment": "Voxels",
			"from": [ 7.2, 15.6, 19.6 ],
			"to": [ 8, 24.4, 20.4 ],
			"faces": {
				"down": { "uv": [ 13.375, 13.5, 13.5, 13.625 ], "texture": "#voxels_atlas" },
				"up": { "uv": [ 15.25, 13.625, 15.375, 13.5 ], "texture": "#voxels_atlas" },
				"north": { "uv": [ 8.125, 10.375, 8, 11.75 ], "texture": "#voxels_atlas" },
				"south": { "uv": [ 7.625, 10.375, 7.75, 11.75 ], "texture": "#voxels_atlas" },
				"west": { "uv": [ 7.75, 10.375, 7.875, 11.75 ], "texture": "#voxels_atlas" },
				"east": { "uv": [ 8, 10.375, 7.875, 11.75 ], "texture": "#voxels_atlas" }
			}
		},
		{
			"__comment": "Voxels",
			"from": [ 7.2, 16.4, -5.2 ],
			"to": [ 9.599999, 17.2, -4.4 ],
			"faces": {
				"down": { "uv": [ 9.5, 12.25, 9.875, 12.375 ], "texture": "#voxels_atlas" },
				"up": { "uv": [ 9.5, 12.5, 9.875, 12.375 ], "texture": "#voxels_atlas" },
				"north": { "uv": [ 16, 15.875, 15.625, 16 ], "texture": "#voxels_atlas" },
				"south": { "uv": [ 9.5, 10, 9.875, 10.125 ], "texture": "#voxels_atlas" },
				"west": { "uv": [ 10.375, 12.875, 10.5, 13 ], "texture": "#voxels_atlas" },
				"east": { "uv": [ 10.5, 12.75, 10.375, 12.875 ], "texture": "#voxels_atlas" }
			}
		},
		{
			"__comment": "Voxels",
			"from": [ 7.2, 16.4, -4.4 ],
			"to": [ 8.8, 17.2, -3.6 ],
			"faces": {
				"down": { "uv": [ 10, 11.25, 10.25, 11.375 ], "texture": "#voxels_atlas" },
				"up": { "uv": [ 10, 11.25, 10.25, 11.125 ], "texture": "#voxels_atlas" },
				"north": { "uv": [ 10.25, 11, 10, 11.125 ], "texture": "#voxels_atlas" },
				"south": { "uv": [ 10, 10.875, 10.25, 11 ], "texture": "#voxels_atlas" },
				"west": { "uv": [ 10.375, 12.125, 10.5, 12.25 ], "texture": "#voxels_atlas" },
				"east": { "uv": [ 10.5, 12, 10.375, 12.125 ], "texture": "#voxels_atlas" }
			}
		},
		{
			"__comment": "Voxels",
			"from": [ 7.2, 16.4, 10 ],
			"to": [ 8, 18, 10.8 ],
			"faces": {
				"down": { "uv": [ 10.375, 11.625, 10.5, 11.75 ], "texture": "#voxels_atlas" },
				"up": { "uv": [ 10.375, 11.625, 10.5, 11.5 ], "texture": "#voxels_atlas" },
				"north": { "uv": [ 10, 11.875, 9.875, 12.125 ], "texture": "#voxels_atlas" },
				"south": { "uv": [ 9.875, 11.625, 10, 11.875 ], "texture": "#voxels_atlas" },
				"west": { "uv": [ 9.875, 11.375, 10, 11.625 ], "texture": "#voxels_atlas" },
				"east": { "uv": [ 10, 11.125, 9.875, 11.375 ], "texture": "#voxels_atlas" }
			}
		},
		{
			"__comment": "Voxels",
			"from": [ 7.2, 18, 10.8 ],
			"to": [ 8, 19.6, 16.4 ],
			"faces": {
				"down": { "uv": [ 9.25, 11.875, 9.375, 12.75 ], "texture": "#voxels_atlas" },
				"up": { "uv": [ 9.25, 10.125, 9.375, 9.25 ], "texture": "#voxels_atlas" },
				"north": { "uv": [ 10, 10.875, 9.875, 11.125 ], "texture": "#voxels_atlas" },
				"south": { "uv": [ 9.875, 10.625, 10, 10.875 ], "texture": "#voxels_atlas" },
				"west": { "uv": [ 8.375, 14.375, 9.25, 14.625 ], "texture": "#voxels_atlas" },
				"east": { "uv": [ 8.375, 14.375, 7.5, 14.625 ], "texture": "#voxels_atlas" }
			}
		},
		{
			"__comment": "Voxels",
			"from": [ 7.2, 19.6, 11.6 ],
			"to": [ 8, 21.2, 16.4 ],
			"faces": {
				"down": { "uv": [ 9.375, 13, 9.5, 13.75 ], "texture": "#voxels_atlas" },
				"up": { "uv": [ 9.375, 13, 9.5, 12.25 ], "texture": "#voxels_atlas" },
				"north": { "uv": [ 10, 10.375, 9.875, 10.625 ], "texture": "#voxels_atlas" },
				"south": { "uv": [ 9.875, 10.125, 10, 10.375 ], "texture": "#voxels_atlas" },
				"west": { "uv": [ 8.375, 14.125, 9.125, 14.375 ], "texture": "#voxels_atlas" },
				"east": { "uv": [ 8.625, 12, 7.875, 12.25 ], "texture": "#voxels_atlas" }
			}
		},
		{
			"__comment": "Voxels",
			"from": [ 7.2, 19.6, 18.8 ],
			"to": [ 8, 25.2, 19.6 ],
			"faces": {
				"down": { "uv": [ 11.75, 13.375, 11.875, 13.5 ], "texture": "#voxels_atlas" },
				"up": { "uv": [ 11.875, 13.5, 12, 13.375 ], "texture": "#voxels_atlas" },
				"north": { "uv": [ 9.375, 12.75, 9.25, 13.625 ], "texture": "#voxels_atlas" },
				"south": { "uv": [ 9.25, 13.625, 9.375, 14.5 ], "texture": "#voxels_atlas" },
				"west": { "uv": [ 5.5, 14.375, 5.625, 15.25 ], "texture": "#voxels_atlas" },
				"east": { "uv": [ 9.375, 10.125, 9.25, 11 ], "texture": "#voxels_atlas" }
			}
		},
		{
			"__comment": "Voxels",
			"from": [ 7.2, 21.2, 12.4 ],
			"to": [ 8, 22.8, 16.4 ],
			"faces": {
				"down": { "uv": [ 9.375, 8.5, 9.5, 9.125 ], "texture": "#voxels_atlas" },
				"up": { "uv": [ 9.375, 11.625, 9.5, 11 ], "texture": "#voxels_atlas" },
				"north": { "uv": [ 10, 9.875, 9.875, 10.125 ], "texture": "#voxels_atlas" },
				"south": { "uv": [ 9.875, 9.625, 10, 9.875 ], "texture": "#voxels_atlas" },
				"west": { "uv": [ 8.25, 11.25, 8.875, 11.5 ], "texture": "#voxels_atlas" },
				"east": { "uv": [ 8.875, 11.5, 8.25, 11.75 ], "texture": "#voxels_atlas" }
			}
		},
		{
			"__comment": "Voxels",
			"from": [ 7.2, 22.8, 13.2 ],
			"to": [ 8, 24.4, 16.4 ],
			"faces": {
				"down": { "uv": [ 9.75, 13.375, 9.875, 13.875 ], "texture": "#voxels_atlas" },
				"up": { "uv": [ 9.375, 8.5, 9.5, 8 ], "texture": "#voxels_atlas" },
				"north": { "uv": [ 10, 9.375, 9.875, 9.625 ], "texture": "#voxels_atlas" },
				"south": { "uv": [ 9.875, 9.125, 10, 9.375 ], "texture": "#voxels_atlas" },
				"west": { "uv": [ 7.5, 8.625, 8, 8.875 ], "texture": "#voxels_atlas" },
				"east": { "uv": [ 8, 8.375, 7.5, 8.625 ], "texture": "#voxels_atlas" }
			}
		},
		{
			"__comment": "Voxels",
			"from": [ 7.2, 22.8, 18 ],
			"to": [ 8, 26, 18.8 ],
			"faces": {
				"down": { "uv": [ 15.875, 14.25, 16, 14.375 ], "texture": "#voxels_atlas" },
				"up": { "uv": [ 15.875, 14.25, 16, 14.125 ], "texture": "#voxels_atlas" },
				"north": { "uv": [ 9.25, 12, 9.125, 12.5 ], "texture": "#voxels_atlas" },
				"south": { "uv": [ 9, 12, 9.125, 12.5 ], "texture": "#voxels_atlas" },
				"west": { "uv": [ 6.5, 8, 6.625, 8.5 ], "texture": "#voxels_atlas" },
				"east": { "uv": [ 6.5, 8, 6.375, 8.5 ], "texture": "#voxels_atlas" }
			}
		},
		{
			"__comment": "Voxels",
			"from": [ 7.2, 24.4, 14 ],
			"to": [ 8, 25.2, 16.4 ],
			"faces": {
				"down": { "uv": [ 6.25, 8, 6.375, 8.375 ], "texture": "#voxels_atlas" },
				"up": { "uv": [ 9.25, 8.375, 9.375, 8 ], "texture": "#voxels_atlas" },
				"north": { "uv": [ 10.375, 10.25, 10.25, 10.375 ], "texture": "#voxels_atlas" },
				"south": { "uv": [ 10.25, 10.125, 10.375, 10.25 ], "texture": "#voxels_atlas" },
				"west": { "uv": [ 15.625, 15.75, 16, 15.875 ], "texture": "#voxels_atlas" },
				"east": { "uv": [ 16, 15.625, 15.625, 15.75 ], "texture": "#voxels_atlas" }
			}
		},
		{
			"__comment": "Voxels",
			"from": [ 7.2, 24.4, 17.2 ],
			"to": [ 8, 26, 18 ],
			"faces": {
				"down": { "uv": [ 10.25, 9.75, 10.375, 9.875 ], "texture": "#voxels_atlas" },
				"up": { "uv": [ 10.25, 9.75, 10.375, 9.625 ], "texture": "#voxels_atlas" },
				"north": { "uv": [ 10, 8.875, 9.875, 9.125 ], "texture": "#voxels_atlas" },
				"south": { "uv": [ 9.875, 8.625, 10, 8.875 ], "texture": "#voxels_atlas" },
				"west": { "uv": [ 9.875, 8.375, 10, 8.625 ], "texture": "#voxels_atlas" },
				"east": { "uv": [ 10, 8.125, 9.875, 8.375 ], "texture": "#voxels_atlas" }
			}
		},
		{
			"__comment": "Voxels",
			"from": [ 7.2, 25.2, 14.8 ],
			"to": [ 8, 26, 17.2 ],
			"faces": {
				"down": { "uv": [ 9.5, 11.875, 9.625, 12.25 ], "texture": "#voxels_atlas" },
				"up": { "uv": [ 9.625, 12.25, 9.75, 11.875 ], "texture": "#voxels_atlas" },
				"north": { "uv": [ 10.375, 8.75, 10.25, 8.875 ], "texture": "#voxels_atlas" },
				"south": { "uv": [ 10.25, 8.625, 10.375, 8.75 ], "texture": "#voxels_atlas" },
				"west": { "uv": [ 9.5, 11, 9.875, 11.125 ], "texture": "#voxels_atlas" },
				"east": { "uv": [ 9.875, 8.75, 9.5, 8.875 ], "texture": "#voxels_atlas" }
			}
		},
		{
			"__comment": "Voxels",
			"from": [ 8, 8.4, 18 ],
			"to": [ 8.8, 10, 18.8 ],
			"faces": {
				"down": { "uv": [ 10.25, 8.25, 10.375, 8.375 ], "texture": "#voxels_atlas" },
				"up": { "uv": [ 10.25, 8.25, 10.375, 8.125 ], "texture": "#voxels_atlas" },
				"north": { "uv": [ 10.125, 10.25, 10, 10.5 ], "texture": "#voxels_atlas" },
				"south": { "uv": [ 10.125, 10.25, 10.25, 10.5 ], "texture": "#voxels_atlas" },
				"west": { "uv": [ 10, 10, 10.125, 10.25 ], "texture": "#voxels_atlas" },
				"east": { "uv": [ 10.25, 10, 10.125, 10.25 ], "texture": "#voxels_atlas" }
			}
		},
		{
			"__comment": "Voxels",
			"from": [ 8, 10.8, 17.2 ],
			"to": [ 8.8, 11.6, 18 ],
			"faces": {
				"down": { "uv": [ 13.5, 13.5, 13.625, 13.625 ], "texture": "#voxels_atlas" },
				"up": { "uv": [ 13.625, 13.625, 13.75, 13.5 ], "texture": "#voxels_atlas" },
				"north": { "uv": [ 13.875, 13.5, 13.75, 13.625 ], "texture": "#voxels_atlas" },
				"south": { "uv": [ 13.875, 13.5, 14, 13.625 ], "texture": "#voxels_atlas" },
				"west": { "uv": [ 14, 13.5, 14.125, 13.625 ], "texture": "#voxels_atlas" },
				"east": { "uv": [ 14.25, 13.5, 14.125, 13.625 ], "texture": "#voxels_atlas" }
			}
		},
		{
			"__comment": "Voxels",
			"from": [ 8, 15.6, 10 ],
			"to": [ 8.8, 16.4, 10.8 ],
			"faces": {
				"down": { "uv": [ 14.25, 13.5, 14.375, 13.625 ], "texture": "#voxels_atlas" },
				"up": { "uv": [ 14.375, 13.625, 14.5, 13.5 ], "texture": "#voxels_atlas" },
				"north": { "uv": [ 14.625, 13.5, 14.5, 13.625 ], "texture": "#voxels_atlas" },
				"south": { "uv": [ 14.625, 13.5, 14.75, 13.625 ], "texture": "#voxels_atlas" },
				"west": { "uv": [ 14.75, 13.5, 14.875, 13.625 ], "texture": "#voxels_atlas" },
				"east": { "uv": [ 15, 13.5, 14.875, 13.625 ], "texture": "#voxels_atlas" }
			}
		},
		{
			"__comment": "Voxels",
			"from": [ 8, 18, 11.6 ],
			"to": [ 8.8, 19.6, 16.4 ],
			"faces": {
				"down": { "uv": [ 9.375, 13.75, 9.5, 14.5 ], "texture": "#voxels_atlas" },
				"up": { "uv": [ 5.5, 14.25, 5.625, 13.5 ], "texture": "#voxels_atlas" },
				"north": { "uv": [ 10.125, 9.75, 10, 10 ], "texture": "#voxels_atlas" },
				"south": { "uv": [ 10.125, 9.75, 10.25, 10 ], "texture": "#voxels_atlas" },
				"west": { "uv": [ 6.625, 8, 7.375, 8.25 ], "texture": "#voxels_atlas" },
				"east": { "uv": [ 7.375, 8.25, 6.625, 8.5 ], "texture": "#voxels_atlas" }
			}
		},
		{
			"__comment": "Voxels",
			"from": [ 8, 19.6, 12.4 ],
			"to": [ 8.8, 21.2, 16.4 ],
			"faces": {
				"down": { "uv": [ 9.5, 13.25, 9.625, 13.875 ], "texture": "#voxels_atlas" },
				"up": { "uv": [ 9.625, 13.875, 9.75, 13.25 ], "texture": "#voxels_atlas" },
				"north": { "uv": [ 10.25, 9.125, 10.125, 9.375 ], "texture": "#voxels_atlas" },
				"south": { "uv": [ 10, 8.875, 10.125, 9.125 ], "texture": "#voxels_atlas" },
				"west": { "uv": [ 8.25, 10.5, 8.875, 10.75 ], "texture": "#voxels_atlas" },
				"east": { "uv": [ 8.875, 10.75, 8.25, 11 ], "texture": "#voxels_atlas" }
			}
		},
		{
			"__comment": "Voxels",
			"from": [ 8, 21.2, 13.2 ],
			"to": [ 8.8, 22.8, 16.4 ],
			"faces": {
				"down": { "uv": [ 9.625, 12.75, 9.75, 13.25 ], "texture": "#voxels_atlas" },
				"up": { "uv": [ 9.75, 13.25, 9.875, 12.75 ], "texture": "#voxels_atlas" },
				"north": { "uv": [ 10.25, 8.5, 10.125, 8.75 ], "texture": "#voxels_atlas" },
				"south": { "uv": [ 10, 8.25, 10.125, 8.5 ], "texture": "#voxels_atlas" },
				"west": { "uv": [ 7.5, 8.125, 8, 8.375 ], "texture": "#voxels_atlas" },
				"east": { "uv": [ 8.5, 8.625, 8, 8.875 ], "texture": "#voxels_atlas" }
			}
		},
		{
			"__comment": "Voxels",
			"from": [ 8, 22.8, 14 ],
			"to": [ 8.8, 23.6, 16.4 ],
			"faces": {
				"down": { "uv": [ 9.625, 9, 9.75, 9.375 ], "texture": "#voxels_atlas" },
				"up": { "uv": [ 9.75, 9.375, 9.875, 9 ], "texture": "#voxels_atlas" },
				"north": { "uv": [ 10.5, 11.875, 10.375, 12 ], "texture": "#voxels_atlas" },
				"south": { "uv": [ 10.375, 11.75, 10.5, 11.875 ], "texture": "#voxels_atlas" },
				"west": { "uv": [ 9.5, 8.125, 9.875, 8.25 ], "texture": "#voxels_atlas" },
				"east": { "uv": [ 9.875, 8, 9.5, 8.125 ], "texture": "#voxels_atlas" }
			}
		},
		{
			"__comment": "Voxels",
			"from": [ 8, 23.6, 14.8 ],
			"to": [ 8.8, 24.4, 16.4 ],
			"faces": {
				"down": { "uv": [ 10.25, 12.875, 10.375, 13.125 ], "texture": "#voxels_atlas" },
				"up": { "uv": [ 10.25, 12.875, 10.375, 12.625 ], "texture": "#voxels_atlas" },
				"north": { "uv": [ 10.5, 11.125, 10.375, 11.25 ], "texture": "#voxels_atlas" },
				"south": { "uv": [ 10.375, 11, 10.5, 11.125 ], "texture": "#voxels_atlas" },
				"west": { "uv": [ 10.625, 13.5, 10.875, 13.625 ], "texture": "#voxels_atlas" },
				"east": { "uv": [ 11.125, 13.5, 10.875, 13.625 ], "texture": "#voxels_atlas" }
			}
		},
		{
			"__comment": "Voxels",
			"from": [ 8, 24.4, 15.6 ],
			"to": [ 8.8, 25.2, 16.4 ],
			"faces": {
				"down": { "uv": [ 10.375, 10.625, 10.5, 10.75 ], "texture": "#voxels_atlas" },
				"up": { "uv": [ 10.375, 10.625, 10.5, 10.5 ], "texture": "#voxels_atlas" },
				"north": { "uv": [ 10.5, 10.375, 10.375, 10.5 ], "texture": "#voxels_atlas" },
				"south": { "uv": [ 10.375, 10.25, 10.5, 10.375 ], "texture": "#voxels_atlas" },
				"west": { "uv": [ 10.375, 10.125, 10.5, 10.25 ], "texture": "#voxels_atlas" },
				"east": { "uv": [ 10.5, 10, 10.375, 10.125 ], "texture": "#voxels_atlas" }
			}
		},
		{
			"__comment": "Voxels",
			"from": [ 8.8, 11.6, 15.6 ],
			"to": [ 9.6, 12.4, 17.2 ],
			"faces": {
				"down": { "uv": [ 10.25, 12.375, 10.375, 12.625 ], "texture": "#voxels_atlas" },
				"up": { "uv": [ 10.25, 12.375, 10.375, 12.125 ], "texture": "#voxels_atlas" },
				"north": { "uv": [ 10.5, 9.625, 10.375, 9.75 ], "texture": "#voxels_atlas" },
				"south": { "uv": [ 10.375, 9.5, 10.5, 9.625 ], "texture": "#voxels_atlas" },
				"west": { "uv": [ 11.125, 13.5, 11.375, 13.625 ], "texture": "#voxels_atlas" },
				"east": { "uv": [ 11.625, 13.5, 11.375, 13.625 ], "texture": "#voxels_atlas" }
			}
		},
		{
			"__comment": "Voxels",
			"from": [ 8.8, 12.4, 20.4 ],
			"to": [ 9.6, 13.2, 21.2 ],
			"faces": {
				"down": { "uv": [ 10.375, 9.125, 10.5, 9.25 ], "texture": "#voxels_atlas" },
				"up": { "uv": [ 10.375, 9.125, 10.5, 9 ], "texture": "#voxels_atlas" },
				"north": { "uv": [ 10.5, 8.875, 10.375, 9 ], "texture": "#voxels_atlas" },
				"south": { "uv": [ 10.375, 8.75, 10.5, 8.875 ], "texture": "#voxels_atlas" },
				"west": { "uv": [ 10.375, 8.625, 10.5, 8.75 ], "texture": "#voxels_atlas" },
				"east": { "uv": [ 10.5, 8.5, 10.375, 8.625 ], "texture": "#voxels_atlas" }
			}
		},
		{
			"__comment": "Voxels",
			"from": [ 8.8, 16.4, -6 ],
			"to": [ 10.4, 17.2, -5.2 ],
			"faces": {
				"down": { "uv": [ 11.625, 13.5, 11.875, 13.625 ], "texture": "#voxels_atlas" },
				"up": { "uv": [ 11.875, 13.625, 12.125, 13.5 ], "texture": "#voxels_atlas" },
				"north": { "uv": [ 12.375, 13.5, 12.125, 13.625 ], "texture": "#voxels_atlas" },
				"south": { "uv": [ 12.375, 13.5, 12.625, 13.625 ], "texture": "#voxels_atlas" },
				"west": { "uv": [ 10.5, 13.375, 10.625, 13.5 ], "texture": "#voxels_atlas" },
				"east": { "uv": [ 10.75, 13.375, 10.625, 13.5 ], "texture": "#voxels_atlas" }
			}
		},
		{
			"__comment": "Voxels",
			"from": [ 9.599999, 8.4, 2 ],
			"to": [ 10.4, 9.2, 3.6 ],
			"faces": {
				"down": { "uv": [ 10.25, 11.875, 10.375, 12.125 ], "texture": "#voxels_atlas" },
				"up": { "uv": [ 10.25, 11.875, 10.375, 11.625 ], "texture": "#voxels_atlas" },
				"north": { "uv": [ 11.125, 13.375, 11, 13.5 ], "texture": "#voxels_atlas" },
				"south": { "uv": [ 11.125, 13.375, 11.25, 13.5 ], "texture": "#voxels_atlas" },
				"west": { "uv": [ 12.625, 13.5, 12.875, 13.625 ], "texture": "#voxels_atlas" },
				"east": { "uv": [ 13.125, 13.5, 12.875, 13.625 ], "texture": "#voxels_atlas" }
			}
		},
		{
			"__comment": "Voxels",
			"from": [ 9.599999, 10.8, 10.8 ],
			"to": [ 10.4, 12.4, 11.6 ],
			"faces": {
				"down": { "uv": [ 11.5, 13.375, 11.625, 13.5 ], "texture": "#voxels_atlas" },
				"up": { "uv": [ 11.625, 13.5, 11.75, 13.375 ], "texture": "#voxels_atlas" },
				"north": { "uv": [ 10.375, 11.375, 10.25, 11.625 ], "texture": "#voxels_atlas" },
				"south": { "uv": [ 10.25, 11.125, 10.375, 11.375 ], "texture": "#voxels_atlas" },
				"west": { "uv": [ 10.25, 10.875, 10.375, 11.125 ], "texture": "#voxels_atlas" },
				"east": { "uv": [ 10.375, 10.625, 10.25, 10.875 ], "texture": "#voxels_atlas" }
			}
		},
		{
			"__comment": "Voxels",
			"from": [ 9.599999, 11.6, 12.4 ],
			"to": [ 10.4, 12.4, 13.2 ],
			"faces": {
				"down": { "uv": [ 12.25, 13.375, 12.375, 13.5 ], "texture": "#voxels_atlas" },
				"up": { "uv": [ 12.375, 13.5, 12.5, 13.375 ], "texture": "#voxels_atlas" },
				"north": { "uv": [ 12.625, 13.375, 12.5, 13.5 ], "texture": "#voxels_atlas" },
				"south": { "uv": [ 12.625, 13.375, 12.75, 13.5 ], "texture": "#voxels_atlas" },
				"west": { "uv": [ 12.75, 13.375, 12.875, 13.5 ], "texture": "#voxels_atlas" },
				"east": { "uv": [ 13, 13.375, 12.875, 13.5 ], "texture": "#voxels_atlas" }
			}
		},
		{
			"__comment": "Voxels",
			"from": [ 9.599999, 16.4, -6.8 ],
			"to": [ 10.4, 17.2, -6 ],
			"faces": {
				"down": { "uv": [ 13, 13.375, 13.125, 13.5 ], "texture": "#voxels_atlas" },
				"up": { "uv": [ 13.125, 13.5, 13.25, 13.375 ], "texture": "#voxels_atlas" },
				"north": { "uv": [ 13.375, 13.375, 13.25, 13.5 ], "texture": "#voxels_atlas" },
				"south": { "uv": [ 13.375, 13.375, 13.5, 13.5 ], "texture": "#voxels_atlas" },
				"west": { "uv": [ 13.5, 13.375, 13.625, 13.5 ], "texture": "#voxels_atlas" },
				"east": { "uv": [ 13.75, 13.375, 13.625, 13.5 ], "texture": "#voxels_atlas" }
			}
		},
		{
			"__comment": "Voxels",
			"from": [ 25.6, 12.4, 16.4 ],
			"to": [ 26.4, 13.2, 17.2 ],
			"faces": {
				"down": { "uv": [ 13.75, 13.375, 13.875, 13.5 ], "texture": "#voxels_atlas" },
				"up": { "uv": [ 13.875, 13.5, 14, 13.375 ], "texture": "#voxels_atlas" },
				"north": { "uv": [ 14.125, 13.375, 14, 13.5 ], "texture": "#voxels_atlas" },
				"south": { "uv": [ 14.125, 13.375, 14.25, 13.5 ], "texture": "#voxels_atlas" },
				"west": { "uv": [ 14.25, 13.375, 14.375, 13.5 ], "texture": "#voxels_atlas" },
				"east": { "uv": [ 14.5, 13.375, 14.375, 13.5 ], "texture": "#voxels_atlas" }
			}
		}
	],
	"display": {
		"thirdperson_righthand": {
			"translation":  [ 0, -9.5, 80 ],
			"scale":  [ 3.8, 3.8, 3.8 ]
		}
	}
}