{
	"__comment": "Designed by Uran2471 with Cubik Studio - https://cubik.studio",
	"textures": {
		"particle": "items/particle",
		"texture": "items/texture",
		"type91-torpedo": "custom/type91-torpedo"
	},
	"elements": [ 	 
		{
			"__comment": "Voxels",
			"from": [ 16, 3.3333, -9 ],
			"to": [ 18.33333, 4.999967, 7.333334 ],
			"faces": {
				"down": { "uv": [ 0, 9.875, 0.875, 16 ], "texture": "#type91-torpedo" },
				"up": { "uv": [ 0.875, 16, 1.75, 9.875 ], "texture": "#type91-torpedo" },
				"north": { "uv": [ 2.625, 13.625, 1.75, 14.25 ], "texture": "#type91-torpedo" },
				"south": { "uv": [ 1.75, 13, 2.625, 13.625 ], "texture": "#type91-torpedo" },
				"west": { "uv": [ 1.75, 15.375, 7.875, 16 ], "texture": "#type91-torpedo" },
				"east": { "uv": [ 7.875, 14.75, 1.75, 15.375 ], "texture": "#type91-torpedo" }
			}
		},
		{
			"__comment": "Voxels",
			"from": [ 16, 3.6667, -10 ],
			"to": [ 18.33333, 4.6667, -9 ],
			"faces": {
				"down": { "uv": [ 1.75, 11.625, 2.625, 12 ], "texture": "#type91-torpedo" },
				"up": { "uv": [ 1.75, 11.625, 2.625, 11.25 ], "texture": "#type91-torpedo" },
				"north": { "uv": [ 2.625, 10.875, 1.75, 11.25 ], "texture": "#type91-torpedo" },
				"south": { "uv": [ 1.75, 10.5, 2.625, 10.875 ], "texture": "#type91-torpedo" },
				"west": { "uv": [ 4.125, 12.5, 4.5, 12.875 ], "texture": "#type91-torpedo" },
				"east": { "uv": [ 3.875, 10.625, 3.5, 11 ], "texture": "#type91-torpedo" }
			}
		},
		{
			"__comment": "Voxels",
			"from": [ 16, 3.6667, 7.3333 ],
			"to": [ 18.33333, 4.6667, 8.3333 ],
			"faces": {
				"down": { "uv": [ 1.75, 10.125, 2.625, 10.5 ], "texture": "#type91-torpedo" },
				"up": { "uv": [ 2.625, 14.25, 3.5, 13.875 ], "texture": "#type91-torpedo" },
				"north": { "uv": [ 3.5, 13.5, 2.625, 13.875 ], "texture": "#type91-torpedo" },
				"south": { "uv": [ 2.625, 13.125, 3.5, 13.5 ], "texture": "#type91-torpedo" },
				"west": { "uv": [ 3.5, 10.25, 3.875, 10.625 ], "texture": "#type91-torpedo" },
				"east": { "uv": [ 3.875, 9.875, 3.5, 10.25 ], "texture": "#type91-torpedo" }
			}
		},
		{
			"__comment": "Voxels",
			"from": [ 16, 3.6667, 8.3333 ],
			"to": [ 18.33333, 4.333366, 8.666633 ],
			"faces": {
				"down": { "uv": [ 6.625, 13.75, 7.5, 13.875 ], "texture": "#type91-torpedo" },
				"up": { "uv": [ 6.625, 13.75, 7.5, 13.625 ], "texture": "#type91-torpedo" },
				"north": { "uv": [ 3.5, 9.875, 2.625, 10.125 ], "texture": "#type91-torpedo" },
				"south": { "uv": [ 1.75, 9.875, 2.625, 10.125 ], "texture": "#type91-torpedo" },
				"west": { "uv": [ 4, 10, 4.125, 10.25 ], "texture": "#type91-torpedo" },
				"east": { "uv": [ 8, 13.625, 7.875, 13.875 ], "texture": "#type91-torpedo" }
			}
		},
		{
			"__comment": "Voxels",
			"from": [ 16, 4, 10.6667 ],
			"to": [ 16.33333, 4.333333, 12.6667 ],
			"faces": {
				"down": { "uv": [ 4.625, 12.25, 4.75, 13 ], "texture": "#type91-torpedo" },
				"up": { "uv": [ 4.5, 11.25, 4.625, 10.5 ], "texture": "#type91-torpedo" },
				"north": { "uv": [ 5.875, 11, 5.75, 11.125 ], "texture": "#type91-torpedo" },
				"south": { "uv": [ 5.25, 10.5, 5.375, 10.625 ], "texture": "#type91-torpedo" },
				"west": { "uv": [ 6.75, 13.5, 7.5, 13.625 ], "texture": "#type91-torpedo" },
				"east": { "uv": [ 7.5, 13.375, 6.75, 13.5 ], "texture": "#type91-torpedo" }
			}
		},
		{
			"__comment": "Voxels",
			"from": [ 16, 4.6667, -9.3333 ],
			"to": [ 18, 5.000033, -8.999967 ],
			"faces": {
				"down": { "uv": [ 6.75, 13.25, 7.5, 13.375 ], "texture": "#type91-torpedo" },
				"up": { "uv": [ 6.25, 13, 7, 12.875 ], "texture": "#type91-torpedo" },
				"north": { "uv": [ 6.25, 12.875, 5.5, 13 ], "texture": "#type91-torpedo" },
				"south": { "uv": [ 4.75, 12.875, 5.5, 13 ], "texture": "#type91-torpedo" },
				"west": { "uv": [ 5.25, 10.625, 5.375, 10.75 ], "texture": "#type91-torpedo" },
				"east": { "uv": [ 5.375, 10.75, 5.25, 10.875 ], "texture": "#type91-torpedo" }
			}
		},
		{
			"__comment": "Voxels",
			"from": [ 16.3333, 3, -9 ],
			"to": [ 17.99997, 3.333333, 6.666667 ],
			"faces": {
				"down": { "uv": [ 0, 4, 0.625, 9.875 ], "texture": "#type91-torpedo" },
				"up": { "uv": [ 0.625, 9.875, 1.25, 4 ], "texture": "#type91-torpedo" },
				"north": { "uv": [ 7.875, 12.625, 7.25, 12.75 ], "texture": "#type91-torpedo" },
				"south": { "uv": [ 4.75, 12.5, 5.375, 12.625 ], "texture": "#type91-torpedo" },
				"west": { "uv": [ 1.75, 14.625, 7.625, 14.75 ], "texture": "#type91-torpedo" },
				"east": { "uv": [ 7.625, 14.5, 1.75, 14.625 ], "texture": "#type91-torpedo" }
			}
		},
		{
			"__comment": "Voxels",
			"from": [ 16.3333, 3.3333, -10 ],
			"to": [ 17.99997, 3.666633, -9 ],
			"faces": {
				"down": { "uv": [ 2.625, 10.125, 3.25, 10.5 ], "texture": "#type91-torpedo" },
				"up": { "uv": [ 3.5, 14.25, 4.125, 13.875 ], "texture": "#type91-torpedo" },
				"north": { "uv": [ 6, 12.5, 5.375, 12.625 ], "texture": "#type91-torpedo" },
				"south": { "uv": [ 6, 12.5, 6.625, 12.625 ], "texture": "#type91-torpedo" },
				"west": { "uv": [ 7.625, 14.625, 8, 14.75 ], "texture": "#type91-torpedo" },
				"east": { "uv": [ 5.75, 11.375, 5.375, 11.5 ], "texture": "#type91-torpedo" }
			}
		},
		{
			"__comment": "Voxels",
			"from": [ 16.3333, 3.3333, 7.3333 ],
			"to": [ 17.99997, 3.666633, 8.3333 ],
			"faces": {
				"down": { "uv": [ 4.75, 13.875, 5.375, 14.25 ], "texture": "#type91-torpedo" },
				"up": { "uv": [ 4.125, 14.25, 4.75, 13.875 ], "texture": "#type91-torpedo" },
				"north": { "uv": [ 7.25, 12.5, 6.625, 12.625 ], "texture": "#type91-torpedo" },
				"south": { "uv": [ 7.25, 12.5, 7.875, 12.625 ], "texture": "#type91-torpedo" },
				"west": { "uv": [ 5.375, 11.5, 5.75, 11.625 ], "texture": "#type91-torpedo" },
				"east": { "uv": [ 5.75, 10.75, 5.375, 10.875 ], "texture": "#type91-torpedo" }
			}
		},
		{
			"__comment": "Voxels",
			"from": [ 16.3333, 3.3333, 8.3333 ],
			"to": [ 17.66663, 3.666633, 8.666633 ],
			"faces": {
				"down": { "uv": [ 4.75, 10.125, 5.25, 10.25 ], "texture": "#type91-torpedo" },
				"up": { "uv": [ 4.75, 10.375, 5.25, 10.25 ], "texture": "#type91-torpedo" },
				"north": { "uv": [ 5.25, 10.375, 4.75, 10.5 ], "texture": "#type91-torpedo" },
				"south": { "uv": [ 4.75, 10.75, 5.25, 10.875 ], "texture": "#type91-torpedo" },
				"west": { "uv": [ 5.25, 10.875, 5.375, 11 ], "texture": "#type91-torpedo" },
				"east": { "uv": [ 8, 12.75, 7.875, 12.875 ], "texture": "#type91-torpedo" }
			}
		},
		{
			"__comment": "Voxels",
			"from": [ 16.3333, 3.6667, -10.6667 ],
			"to": [ 17.99997, 4.6667, -10.00003 ],
			"faces": {
				"down": { "uv": [ 3.5, 11.5, 4.125, 11.75 ], "texture": "#type91-torpedo" },
				"up": { "uv": [ 3.5, 11.25, 4.125, 11 ], "texture": "#type91-torpedo" },
				"north": { "uv": [ 6, 13.875, 5.375, 14.25 ], "texture": "#type91-torpedo" },
				"south": { "uv": [ 6, 13.875, 6.625, 14.25 ], "texture": "#type91-torpedo" },
				"west": { "uv": [ 3.25, 12.375, 3.5, 12.75 ], "texture": "#type91-torpedo" },
				"east": { "uv": [ 3.5, 12.75, 3.25, 13.125 ], "texture": "#type91-torpedo" }
			}
		},
		{
			"__comment": "Voxels",
			"from": [ 16.3333, 3.6667, 8.666699 ],
			"to": [ 17.99997, 4.6667, 9.666699 ],
			"faces": {
				"down": { "uv": [ 6.625, 13.875, 7.25, 14.25 ], "texture": "#type91-torpedo" },
				"up": { "uv": [ 7.25, 14.25, 7.875, 13.875 ], "texture": "#type91-torpedo" },
				"north": { "uv": [ 4.125, 13.5, 3.5, 13.875 ], "texture": "#type91-torpedo" },
				"south": { "uv": [ 2.625, 12.75, 3.25, 13.125 ], "texture": "#type91-torpedo" },
				"west": { "uv": [ 4.875, 13.25, 5.25, 13.625 ], "texture": "#type91-torpedo" },
				"east": { "uv": [ 4.5, 12.875, 4.125, 13.25 ], "texture": "#type91-torpedo" }
			}
		},
		{
			"__comment": "Voxels",
			"from": [ 16.3333, 3.6667, 11 ],
			"to": [ 17.99997, 4.000033, 11.33333 ],
			"faces": {
				"down": { "uv": [ 4.75, 12.375, 5.375, 12.5 ], "texture": "#type91-torpedo" },
				"up": { "uv": [ 4.75, 12.375, 5.375, 12.25 ], "texture": "#type91-torpedo" },
				"north": { "uv": [ 5.375, 12.125, 4.75, 12.25 ], "texture": "#type91-torpedo" },
				"south": { "uv": [ 4.75, 12, 5.375, 12.125 ], "texture": "#type91-torpedo" },
				"west": { "uv": [ 4.625, 9.875, 4.75, 10 ], "texture": "#type91-torpedo" },
				"east": { "uv": [ 4.625, 9.875, 4.5, 10 ], "texture": "#type91-torpedo" }
			}
		},
		{
			"__comment": "Voxels",
			"from": [ 16.3333, 4, 9.666699 ],
			"to": [ 17.99997, 4.333333, 10.6667 ],
			"faces": {
				"down": { "uv": [ 2.625, 11.625, 3.25, 12 ], "texture": "#type91-torpedo" },
				"up": { "uv": [ 2.625, 11.625, 3.25, 11.25 ], "texture": "#type91-torpedo" },
				"north": { "uv": [ 5.375, 11.875, 4.75, 12 ], "texture": "#type91-torpedo" },
				"south": { "uv": [ 4.75, 11.75, 5.375, 11.875 ], "texture": "#type91-torpedo" },
				"west": { "uv": [ 6.125, 12.25, 6.5, 12.375 ], "texture": "#type91-torpedo" },
				"east": { "uv": [ 8, 12.375, 7.625, 12.5 ], "texture": "#type91-torpedo" }
			}
		},
		{
			"__comment": "Voxels",
			"from": [ 16.3333, 4, 11.3333 ],
			"to": [ 18.3333, 4.333333, 12.66663 ],
			"faces": {
				"down": { "uv": [ 1.75, 12.5, 2.5, 13 ], "texture": "#type91-torpedo" },
				"up": { "uv": [ 1.75, 12.5, 2.5, 12 ], "texture": "#type91-torpedo" },
				"north": { "uv": [ 6.5, 13.125, 5.75, 13.25 ], "texture": "#type91-torpedo" },
				"south": { "uv": [ 5.75, 13, 6.5, 13.125 ], "texture": "#type91-torpedo" },
				"west": { "uv": [ 4.75, 10.5, 5.25, 10.625 ], "texture": "#type91-torpedo" },
				"east": { "uv": [ 5.25, 10.625, 4.75, 10.75 ], "texture": "#type91-torpedo" }
			}
		},
		{
			"__comment": "Voxels",
			"from": [ 16.3333, 4, 12.6667 ],
			"to": [ 17.99997, 4.333333, 13.33337 ],
			"faces": {
				"down": { "uv": [ 3.5, 12, 4.125, 12.25 ], "texture": "#type91-torpedo" },
				"up": { "uv": [ 3.5, 11.5, 4.125, 11.25 ], "texture": "#type91-torpedo" },
				"north": { "uv": [ 5.375, 11.625, 4.75, 11.75 ], "texture": "#type91-torpedo" },
				"south": { "uv": [ 4.75, 11.5, 5.375, 11.625 ], "texture": "#type91-torpedo" },
				"west": { "uv": [ 3.875, 12.5, 4.125, 12.625 ], "texture": "#type91-torpedo" },
				"east": { "uv": [ 5.375, 9.875, 5.125, 10 ], "texture": "#type91-torpedo" }
			}
		},
		{
			"__comment": "Voxels",
			"from": [ 16.3333, 4.3333, 8.3333 ],
			"to": [ 17.99997, 4.666634, 8.666633 ],
			"faces": {
				"down": { "uv": [ 4.75, 11.375, 5.375, 11.5 ], "texture": "#type91-torpedo" },
				"up": { "uv": [ 4.75, 11.375, 5.375, 11.25 ], "texture": "#type91-torpedo" },
				"north": { "uv": [ 5.375, 11.125, 4.75, 11.25 ], "texture": "#type91-torpedo" },
				"south": { "uv": [ 4.75, 11, 5.375, 11.125 ], "texture": "#type91-torpedo" },
				"west": { "uv": [ 5.875, 11.375, 6, 11.5 ], "texture": "#type91-torpedo" },
				"east": { "uv": [ 6, 11.5, 5.875, 11.625 ], "texture": "#type91-torpedo" }
			}
		},
		{
			"__comment": "Voxels",
			"from": [ 16.3333, 4.3333, 11.3333 ],
			"to": [ 17.99997, 4.666634, 11.66663 ],
			"faces": {
				"down": { "uv": [ 7, 12.875, 7.625, 13 ], "texture": "#type91-torpedo" },
				"up": { "uv": [ 4.75, 12.875, 5.375, 12.75 ], "texture": "#type91-torpedo" },
				"north": { "uv": [ 6, 12.75, 5.375, 12.875 ], "texture": "#type91-torpedo" },
				"south": { "uv": [ 6, 12.75, 6.625, 12.875 ], "texture": "#type91-torpedo" },
				"west": { "uv": [ 6.25, 11.875, 6.375, 12 ], "texture": "#type91-torpedo" },
				"east": { "uv": [ 5.875, 10.25, 5.75, 10.375 ], "texture": "#type91-torpedo" }
			}
		},
		{
			"__comment": "Voxels",
			"from": [ 16.3333, 4.6667, -10 ],
			"to": [ 17.99997, 5.000033, -9.333333 ],
			"faces": {
				"down": { "uv": [ 3.5, 11.75, 4.125, 12 ], "texture": "#type91-torpedo" },
				"up": { "uv": [ 3.5, 12.5, 4.125, 12.25 ], "texture": "#type91-torpedo" },
				"north": { "uv": [ 7.25, 12.75, 6.625, 12.875 ], "texture": "#type91-torpedo" },
				"south": { "uv": [ 7.25, 12.75, 7.875, 12.875 ], "texture": "#type91-torpedo" },
				"west": { "uv": [ 5.375, 10.125, 5.625, 10.25 ], "texture": "#type91-torpedo" },
				"east": { "uv": [ 6, 12, 5.75, 12.125 ], "texture": "#type91-torpedo" }
			}
		},
		{
			"__comment": "Voxels",
			"from": [ 16.3333, 4.6667, 7.3333 ],
			"to": [ 17.99997, 5.000033, 8.3333 ],
			"faces": {
				"down": { "uv": [ 2.625, 10.5, 3.25, 10.875 ], "texture": "#type91-torpedo" },
				"up": { "uv": [ 2.625, 12.375, 3.25, 12 ], "texture": "#type91-torpedo" },
				"north": { "uv": [ 5.375, 12.625, 4.75, 12.75 ], "texture": "#type91-torpedo" },
				"south": { "uv": [ 5.375, 12.625, 6, 12.75 ], "texture": "#type91-torpedo" },
				"west": { "uv": [ 7.625, 12.125, 8, 12.25 ], "texture": "#type91-torpedo" },
				"east": { "uv": [ 5.75, 12, 5.375, 12.125 ], "texture": "#type91-torpedo" }
			}
		},
		{
			"__comment": "Voxels",
			"from": [ 16.3333, 5, -9 ],
			"to": [ 17.99997, 5.333333, 6.666667 ],
			"faces": {
				"down": { "uv": [ 1.875, 4, 2.5, 9.875 ], "texture": "#type91-torpedo" },
				"up": { "uv": [ 1.25, 9.875, 1.875, 4 ], "texture": "#type91-torpedo" },
				"north": { "uv": [ 6.625, 12.625, 6, 12.75 ], "texture": "#type91-torpedo" },
				"south": { "uv": [ 6.625, 12.625, 7.25, 12.75 ], "texture": "#type91-torpedo" },
				"west": { "uv": [ 1.75, 14.375, 7.625, 14.5 ], "texture": "#type91-torpedo" },
				"east": { "uv": [ 7.625, 14.25, 1.75, 14.375 ], "texture": "#type91-torpedo" }
			}
		},
		{
			"__comment": "Voxels",
			"from": [ 16.6667, 3, -10 ],
			"to": [ 17.6667, 3.333333, -9 ],
			"faces": {
				"down": { "uv": [ 6, 13.25, 6.375, 13.625 ], "texture": "#type91-torpedo" },
				"up": { "uv": [ 5.625, 13.625, 6, 13.25 ], "texture": "#type91-torpedo" },
				"north": { "uv": [ 5.75, 10.625, 5.375, 10.75 ], "texture": "#type91-torpedo" },
				"south": { "uv": [ 5.375, 10.5, 5.75, 10.625 ], "texture": "#type91-torpedo" },
				"west": { "uv": [ 5.375, 11.75, 5.75, 11.875 ], "texture": "#type91-torpedo" },
				"east": { "uv": [ 5.75, 11.625, 5.375, 11.75 ], "texture": "#type91-torpedo" }
			}
		},
		{
			"__comment": "Voxels",
			"from": [ 16.6667, 3, 6.6667 ],
			"to": [ 17.6667, 3.333333, 7.6667 ],
			"faces": {
				"down": { "uv": [ 5.25, 13.25, 5.625, 13.625 ], "texture": "#type91-torpedo" },
				"up": { "uv": [ 4.125, 12.125, 4.5, 11.75 ], "texture": "#type91-torpedo" },
				"north": { "uv": [ 5.75, 11.25, 5.375, 11.375 ], "texture": "#type91-torpedo" },
				"south": { "uv": [ 5.375, 11.125, 5.75, 11.25 ], "texture": "#type91-torpedo" },
				"west": { "uv": [ 5.375, 11, 5.75, 11.125 ], "texture": "#type91-torpedo" },
				"east": { "uv": [ 5.75, 10.875, 5.375, 11 ], "texture": "#type91-torpedo" }
			}
		},
		{
			"__comment": "Voxels",
			"from": [ 16.6667, 3.3333, -10.6667 ],
			"to": [ 17.6667, 3.666633, -10.00003 ],
			"faces": {
				"down": { "uv": [ 7.25, 13, 7.625, 13.25 ], "texture": "#type91-torpedo" },
				"up": { "uv": [ 6.875, 13.25, 7.25, 13 ], "texture": "#type91-torpedo" },
				"north": { "uv": [ 8, 14.375, 7.625, 14.5 ], "texture": "#type91-torpedo" },
				"south": { "uv": [ 7.625, 14.25, 8, 14.375 ], "texture": "#type91-torpedo" },
				"west": { "uv": [ 6, 12, 6.25, 12.125 ], "texture": "#type91-torpedo" },
				"east": { "uv": [ 6.5, 12, 6.25, 12.125 ], "texture": "#type91-torpedo" }
			}
		},
		{
			"__comment": "Voxels",
			"from": [ 16.6667, 3.3333, 8.666699 ],
			"to": [ 17.6667, 3.666633, 9.666699 ],
			"faces": {
				"down": { "uv": [ 4.125, 10.625, 4.5, 11 ], "texture": "#type91-torpedo" },
				"up": { "uv": [ 4.125, 12.5, 4.5, 12.125 ], "texture": "#type91-torpedo" },
				"north": { "uv": [ 5.125, 9.875, 4.75, 10 ], "texture": "#type91-torpedo" },
				"south": { "uv": [ 5.75, 12.125, 6.125, 12.25 ], "texture": "#type91-torpedo" },
				"west": { "uv": [ 6.125, 12.375, 6.5, 12.5 ], "texture": "#type91-torpedo" },
				"east": { "uv": [ 7.625, 12.375, 7.25, 12.5 ], "texture": "#type91-torpedo" }
			}
		},
		{
			"__comment": "Voxels",
			"from": [ 16.6667, 3.3333, 11 ],
			"to": [ 17.00003, 3.666633, 11.33333 ],
			"faces": {
				"down": { "uv": [ 5.75, 10.625, 5.875, 10.75 ], "texture": "#type91-torpedo" },
				"up": { "uv": [ 5.75, 11.375, 5.875, 11.25 ], "texture": "#type91-torpedo" },
				"north": { "uv": [ 5.875, 11.375, 5.75, 11.5 ], "texture": "#type91-torpedo" },
				"south": { "uv": [ 5.75, 11.125, 5.875, 11.25 ], "texture": "#type91-torpedo" },
				"west": { "uv": [ 7.875, 12.625, 8, 12.75 ], "texture": "#type91-torpedo" },
				"east": { "uv": [ 8, 12.5, 7.875, 12.625 ], "texture": "#type91-torpedo" }
			}
		},
		{
			"__comment": "Voxels",
			"from": [ 16.6667, 3.6667, -11 ],
			"to": [ 17.6667, 4.6667, -10.66667 ],
			"faces": {
				"down": { "uv": [ 7.625, 12.875, 8, 13 ], "texture": "#type91-torpedo" },
				"up": { "uv": [ 6.375, 13.375, 6.75, 13.25 ], "texture": "#type91-torpedo" },
				"north": { "uv": [ 4.5, 11.375, 4.125, 11.75 ], "texture": "#type91-torpedo" },
				"south": { "uv": [ 4.125, 11, 4.5, 11.375 ], "texture": "#type91-torpedo" },
				"west": { "uv": [ 2.5, 12.125, 2.625, 12.5 ], "texture": "#type91-torpedo" },
				"east": { "uv": [ 2.625, 12.625, 2.5, 13 ], "texture": "#type91-torpedo" }
			}
		},
		{
			"__comment": "Voxels",
			"from": [ 16.6667, 3.6667, 9.666699 ],
			"to": [ 17.6667, 4.000033, 10.33337 ],
			"faces": {
				"down": { "uv": [ 4.625, 13, 5, 13.25 ], "texture": "#type91-torpedo" },
				"up": { "uv": [ 7.625, 13.25, 8, 13 ], "texture": "#type91-torpedo" },
				"north": { "uv": [ 6.875, 12.25, 6.5, 12.375 ], "texture": "#type91-torpedo" },
				"south": { "uv": [ 5.375, 11.875, 5.75, 12 ], "texture": "#type91-torpedo" },
				"west": { "uv": [ 7, 12, 7.25, 12.125 ], "texture": "#type91-torpedo" },
				"east": { "uv": [ 7.5, 12, 7.25, 12.125 ], "texture": "#type91-torpedo" }
			}
		},
		{
			"__comment": "Voxels",
			"from": [ 16.6667, 4, 10.6667 ],
			"to": [ 17.6667, 4.333333, 11.33337 ],
			"faces": {
				"down": { "uv": [ 7.5, 13.375, 7.875, 13.625 ], "texture": "#type91-torpedo" },
				"up": { "uv": [ 6.5, 13.25, 6.875, 13 ], "texture": "#type91-torpedo" },
				"north": { "uv": [ 8, 14.5, 7.625, 14.625 ], "texture": "#type91-torpedo" },
				"south": { "uv": [ 4.75, 10, 5.125, 10.125 ], "texture": "#type91-torpedo" },
				"west": { "uv": [ 3.25, 10.875, 3.5, 11 ], "texture": "#type91-torpedo" },
				"east": { "uv": [ 4.125, 13, 3.875, 13.125 ], "texture": "#type91-torpedo" }
			}
		},
		{
			"__comment": "Voxels",
			"from": [ 16.6667, 4.3333, 9.666699 ],
			"to": [ 17.6667, 4.666634, 10.33337 ],
			"faces": {
				"down": { "uv": [ 6.375, 13.375, 6.75, 13.625 ], "texture": "#type91-torpedo" },
				"up": { "uv": [ 7.5, 13.875, 7.875, 13.625 ], "texture": "#type91-torpedo" },
				"north": { "uv": [ 5.75, 12.375, 5.375, 12.5 ], "texture": "#type91-torpedo" },
				"south": { "uv": [ 5.75, 12.375, 6.125, 12.5 ], "texture": "#type91-torpedo" },
				"west": { "uv": [ 3.875, 10.625, 4.125, 10.75 ], "texture": "#type91-torpedo" },
				"east": { "uv": [ 4.125, 10.25, 3.875, 10.375 ], "texture": "#type91-torpedo" }
			}
		},
		{
			"__comment": "Voxels",
			"from": [ 16.6667, 4.3333, 11 ],
			"to": [ 17.33337, 4.999967, 11.33333 ],
			"faces": {
				"down": { "uv": [ 3.875, 9.875, 4.125, 10 ], "texture": "#type91-torpedo" },
				"up": { "uv": [ 5.125, 10.125, 5.375, 10 ], "texture": "#type91-torpedo" },
				"north": { "uv": [ 3.5, 12.125, 3.25, 12.375 ], "texture": "#type91-torpedo" },
				"south": { "uv": [ 3.25, 11.75, 3.5, 12 ], "texture": "#type91-torpedo" },
				"west": { "uv": [ 5.375, 9.875, 5.5, 10.125 ], "texture": "#type91-torpedo" },
				"east": { "uv": [ 5.625, 9.875, 5.5, 10.125 ], "texture": "#type91-torpedo" }
			}
		},
		{
			"__comment": "Voxels",
			"from": [ 16.6667, 4.6667, -10.6667 ],
			"to": [ 17.6667, 5.000033, -10.00003 ],
			"faces": {
				"down": { "uv": [ 5, 13, 5.375, 13.25 ], "texture": "#type91-torpedo" },
				"up": { "uv": [ 5.375, 13.25, 5.75, 13 ], "texture": "#type91-torpedo" },
				"north": { "uv": [ 6.875, 12.375, 6.5, 12.5 ], "texture": "#type91-torpedo" },
				"south": { "uv": [ 6.875, 12.375, 7.25, 12.5 ], "texture": "#type91-torpedo" },
				"west": { "uv": [ 6.75, 12, 7, 12.125 ], "texture": "#type91-torpedo" },
				"east": { "uv": [ 6.75, 12, 6.5, 12.125 ], "texture": "#type91-torpedo" }
			}
		},
		{
			"__comment": "Voxels",
			"from": [ 16.6667, 4.6667, 8.3333 ],
			"to": [ 17.6667, 5.000033, 9.666633 ],
			"faces": {
				"down": { "uv": [ 3.5, 13, 3.875, 13.5 ], "texture": "#type91-torpedo" },
				"up": { "uv": [ 3.5, 13, 3.875, 12.5 ], "texture": "#type91-torpedo" },
				"north": { "uv": [ 5.75, 12.25, 5.375, 12.375 ], "texture": "#type91-torpedo" },
				"south": { "uv": [ 5.75, 12.25, 6.125, 12.375 ], "texture": "#type91-torpedo" },
				"west": { "uv": [ 7.5, 13.25, 8, 13.375 ], "texture": "#type91-torpedo" },
				"east": { "uv": [ 5.25, 10.875, 4.75, 11 ], "texture": "#type91-torpedo" }
			}
		},
		{
			"__comment": "Voxels",
			"from": [ 16.6667, 4.6667, 11.3333 ],
			"to": [ 17.00003, 5.000033, 11.66663 ],
			"faces": {
				"down": { "uv": [ 6, 11.75, 6.125, 11.875 ], "texture": "#type91-torpedo" },
				"up": { "uv": [ 6.125, 11.875, 6.25, 11.75 ], "texture": "#type91-torpedo" },
				"north": { "uv": [ 6.625, 11.75, 6.5, 11.875 ], "texture": "#type91-torpedo" },
				"south": { "uv": [ 2.5, 12.5, 2.625, 12.625 ], "texture": "#type91-torpedo" },
				"west": { "uv": [ 2.5, 12, 2.625, 12.125 ], "texture": "#type91-torpedo" },
				"east": { "uv": [ 4.125, 12.625, 4, 12.75 ], "texture": "#type91-torpedo" }
			}
		},
		{
			"__comment": "Voxels",
			"from": [ 16.6667, 5, -10 ],
			"to": [ 17.6667, 5.333333, -9 ],
			"faces": {
				"down": { "uv": [ 4.125, 10.25, 4.5, 10.625 ], "texture": "#type91-torpedo" },
				"up": { "uv": [ 4.125, 13.625, 4.5, 13.25 ], "texture": "#type91-torpedo" },
				"north": { "uv": [ 7.25, 12.25, 6.875, 12.375 ], "texture": "#type91-torpedo" },
				"south": { "uv": [ 7.25, 12.25, 7.625, 12.375 ], "texture": "#type91-torpedo" },
				"west": { "uv": [ 7.625, 12.25, 8, 12.375 ], "texture": "#type91-torpedo" },
				"east": { "uv": [ 5.75, 12.125, 5.375, 12.25 ], "texture": "#type91-torpedo" }
			}
		},
		{
			"__comment": "Voxels",
			"from": [ 16.6667, 5, 6.6667 ],
			"to": [ 17.6667, 5.333333, 7.6667 ],
			"faces": {
				"down": { "uv": [ 4.125, 9.875, 4.5, 10.25 ], "texture": "#type91-torpedo" },
				"up": { "uv": [ 4.5, 13.625, 4.875, 13.25 ], "texture": "#type91-torpedo" },
				"north": { "uv": [ 6.5, 12.125, 6.125, 12.25 ], "texture": "#type91-torpedo" },
				"south": { "uv": [ 6.5, 12.125, 6.875, 12.25 ], "texture": "#type91-torpedo" },
				"west": { "uv": [ 6.875, 12.125, 7.25, 12.25 ], "texture": "#type91-torpedo" },
				"east": { "uv": [ 7.625, 12.125, 7.25, 12.25 ], "texture": "#type91-torpedo" }
			}
		},
		{
			"__comment": "Voxels",
			"from": [ 17, 3, 10.6667 ],
			"to": [ 17.33333, 3.333333, 13.33337 ],
			"faces": {
				"down": { "uv": [ 4.5, 12.25, 4.625, 13.25 ], "texture": "#type91-torpedo" },
				"up": { "uv": [ 4.5, 12.25, 4.625, 11.25 ], "texture": "#type91-torpedo" },
				"north": { "uv": [ 5.875, 10.5, 5.75, 10.625 ], "texture": "#type91-torpedo" },
				"south": { "uv": [ 5.75, 10.375, 5.875, 10.5 ], "texture": "#type91-torpedo" },
				"west": { "uv": [ 5.625, 13.625, 6.625, 13.75 ], "texture": "#type91-torpedo" },
				"east": { "uv": [ 6.625, 13.75, 5.625, 13.875 ], "texture": "#type91-torpedo" }
			}
		},
		{
			"__comment": "Voxels",
			"from": [ 17, 3.3333, 9.666699 ],
			"to": [ 17.33333, 3.666633, 10.00003 ],
			"faces": {
				"down": { "uv": [ 6.375, 11.875, 6.5, 12 ], "texture": "#type91-torpedo" },
				"up": { "uv": [ 6.5, 12, 6.625, 11.875 ], "texture": "#type91-torpedo" },
				"north": { "uv": [ 6.75, 11.875, 6.625, 12 ], "texture": "#type91-torpedo" },
				"south": { "uv": [ 6.75, 11.875, 6.875, 12 ], "texture": "#type91-torpedo" },
				"west": { "uv": [ 6.875, 11.875, 7, 12 ], "texture": "#type91-torpedo" },
				"east": { "uv": [ 7.875, 11.875, 7.75, 12 ], "texture": "#type91-torpedo" }
			}
		},
		{
			"__comment": "Voxels",
			"from": [ 17, 3.3333, 10.3333 ],
			"to": [ 17.33333, 3.999967, 10.66663 ],
			"faces": {
				"down": { "uv": [ 7.875, 11.875, 8, 12 ], "texture": "#type91-torpedo" },
				"up": { "uv": [ 5.875, 12, 6, 11.875 ], "texture": "#type91-torpedo" },
				"north": { "uv": [ 4.125, 12.75, 4, 13 ], "texture": "#type91-torpedo" },
				"south": { "uv": [ 3.875, 10.75, 4, 11 ], "texture": "#type91-torpedo" },
				"west": { "uv": [ 4, 10.75, 4.125, 11 ], "texture": "#type91-torpedo" },
				"east": { "uv": [ 4, 10.375, 3.875, 10.625 ], "texture": "#type91-torpedo" }
			}
		},
		{
			"__comment": "Voxels",
			"from": [ 17, 3.3333, 11.3333 ],
			"to": [ 17.66667, 3.999967, 11.66663 ],
			"faces": {
				"down": { "uv": [ 3.25, 11.625, 3.5, 11.75 ], "texture": "#type91-torpedo" },
				"up": { "uv": [ 3.25, 11.375, 3.5, 11.25 ], "texture": "#type91-torpedo" },
				"north": { "uv": [ 3.5, 11.375, 3.25, 11.625 ], "texture": "#type91-torpedo" },
				"south": { "uv": [ 3.25, 11, 3.5, 11.25 ], "texture": "#type91-torpedo" },
				"west": { "uv": [ 4, 10.375, 4.125, 10.625 ], "texture": "#type91-torpedo" },
				"east": { "uv": [ 4, 10, 3.875, 10.25 ], "texture": "#type91-torpedo" }
			}
		},
		{
			"__comment": "Voxels",
			"from": [ 17, 3.3333, 11.6667 ],
			"to": [ 17.33333, 3.999967, 13.6667 ],
			"faces": {
				"down": { "uv": [ 4.625, 11.5, 4.75, 12.25 ], "texture": "#type91-torpedo" },
				"up": { "uv": [ 4.625, 11.5, 4.75, 10.75 ], "texture": "#type91-torpedo" },
				"north": { "uv": [ 8, 13.375, 7.875, 13.625 ], "texture": "#type91-torpedo" },
				"south": { "uv": [ 4.5, 10.25, 4.625, 10.5 ], "texture": "#type91-torpedo" },
				"west": { "uv": [ 4.875, 13.625, 5.625, 13.875 ], "texture": "#type91-torpedo" },
				"east": { "uv": [ 4.875, 13.625, 4.125, 13.875 ], "texture": "#type91-torpedo" }
			}
		},
		{
			"__comment": "Voxels",
			"from": [ 17, 3.6667, 10.6667 ],
			"to": [ 17.33333, 4.000033, 11.00003 ],
			"faces": {
				"down": { "uv": [ 5.25, 10.375, 5.375, 10.5 ], "texture": "#type91-torpedo" },
				"up": { "uv": [ 5.25, 10.375, 5.375, 10.25 ], "texture": "#type91-torpedo" },
				"north": { "uv": [ 5.375, 10.125, 5.25, 10.25 ], "texture": "#type91-torpedo" },
				"south": { "uv": [ 5.625, 10.125, 5.75, 10.25 ], "texture": "#type91-torpedo" },
				"west": { "uv": [ 7.75, 12, 7.875, 12.125 ], "texture": "#type91-torpedo" },
				"east": { "uv": [ 8, 12, 7.875, 12.125 ], "texture": "#type91-torpedo" }
			}
		},
		{
			"__comment": "Voxels",
			"from": [ 17, 4, 13.3333 ],
			"to": [ 17.33333, 5, 13.66663 ],
			"faces": {
				"down": { "uv": [ 5.75, 11.625, 5.875, 11.75 ], "texture": "#type91-torpedo" },
				"up": { "uv": [ 5.75, 11.625, 5.875, 11.5 ], "texture": "#type91-torpedo" },
				"north": { "uv": [ 3.375, 10.5, 3.25, 10.875 ], "texture": "#type91-torpedo" },
				"south": { "uv": [ 3.375, 10.5, 3.5, 10.875 ], "texture": "#type91-torpedo" },
				"west": { "uv": [ 3.25, 10.125, 3.375, 10.5 ], "texture": "#type91-torpedo" },
				"east": { "uv": [ 3.5, 10.125, 3.375, 10.5 ], "texture": "#type91-torpedo" }
			}
		},
		{
			"__comment": "Voxels",
			"from": [ 17, 4.3333, 10.3333 ],
			"to": [ 17.33333, 4.999967, 10.66663 ],
			"faces": {
				"down": { "uv": [ 5.75, 10.875, 5.875, 11 ], "texture": "#type91-torpedo" },
				"up": { "uv": [ 5.75, 10.875, 5.875, 10.75 ], "texture": "#type91-torpedo" },
				"north": { "uv": [ 4.625, 10, 4.5, 10.25 ], "texture": "#type91-torpedo" },
				"south": { "uv": [ 4.625, 10.5, 4.75, 10.75 ], "texture": "#type91-torpedo" },
				"west": { "uv": [ 4.625, 10.25, 4.75, 10.5 ], "texture": "#type91-torpedo" },
				"east": { "uv": [ 4.75, 10, 4.625, 10.25 ], "texture": "#type91-torpedo" }
			}
		},
		{
			"__comment": "Voxels",
			"from": [ 17, 4.3333, 10.6667 ],
			"to": [ 17.33333, 4.666634, 11.00003 ],
			"faces": {
				"down": { "uv": [ 5.75, 10.125, 5.875, 10.25 ], "texture": "#type91-torpedo" },
				"up": { "uv": [ 5.75, 10.125, 5.875, 10 ], "texture": "#type91-torpedo" },
				"north": { "uv": [ 5.875, 9.875, 5.75, 10 ], "texture": "#type91-torpedo" },
				"south": { "uv": [ 6.625, 11.75, 6.75, 11.875 ], "texture": "#type91-torpedo" },
				"west": { "uv": [ 6, 11.875, 6.125, 12 ], "texture": "#type91-torpedo" },
				"east": { "uv": [ 6.25, 11.875, 6.125, 12 ], "texture": "#type91-torpedo" }
			}
		},
		{
			"__comment": "Voxels",
			"from": [ 17, 4.3333, 11.6667 ],
			"to": [ 17.33333, 5.3333, 13.33337 ],
			"faces": {
				"down": { "uv": [ 7.875, 15.375, 8, 16 ], "texture": "#type91-torpedo" },
				"up": { "uv": [ 7.875, 15.375, 8, 14.75 ], "texture": "#type91-torpedo" },
				"north": { "uv": [ 8, 13.875, 7.875, 14.25 ], "texture": "#type91-torpedo" },
				"south": { "uv": [ 3.875, 13.125, 4, 13.5 ], "texture": "#type91-torpedo" },
				"west": { "uv": [ 2.625, 10.875, 3.25, 11.25 ], "texture": "#type91-torpedo" },
				"east": { "uv": [ 3.25, 12.375, 2.625, 12.75 ], "texture": "#type91-torpedo" }
			}
		},
		{
			"__comment": "Voxels",
			"from": [ 17, 4.6667, 9.666699 ],
			"to": [ 17.33333, 5.000033, 10.00003 ],
			"faces": {
				"down": { "uv": [ 7, 11.875, 7.125, 12 ], "texture": "#type91-torpedo" },
				"up": { "uv": [ 7.125, 12, 7.25, 11.875 ], "texture": "#type91-torpedo" },
				"north": { "uv": [ 7.375, 11.875, 7.25, 12 ], "texture": "#type91-torpedo" },
				"south": { "uv": [ 7.375, 11.875, 7.5, 12 ], "texture": "#type91-torpedo" },
				"west": { "uv": [ 7.5, 11.875, 7.625, 12 ], "texture": "#type91-torpedo" },
				"east": { "uv": [ 7.75, 11.875, 7.625, 12 ], "texture": "#type91-torpedo" }
			}
		},
		{
			"__comment": "Voxels",
			"from": [ 17, 5, 10.6667 ],
			"to": [ 17.33333, 5.333333, 11.6667 ],
			"faces": {
				"down": { "uv": [ 4, 13.125, 4.125, 13.5 ], "texture": "#type91-torpedo" },
				"up": { "uv": [ 3.875, 13, 4, 12.625 ], "texture": "#type91-torpedo" },
				"north": { "uv": [ 6, 11.75, 5.875, 11.875 ], "texture": "#type91-torpedo" },
				"south": { "uv": [ 5.875, 11.625, 6, 11.75 ], "texture": "#type91-torpedo" },
				"west": { "uv": [ 5.375, 10.375, 5.75, 10.5 ], "texture": "#type91-torpedo" },
				"east": { "uv": [ 5.75, 10.25, 5.375, 10.375 ], "texture": "#type91-torpedo" }
			}
		},
		{
			"__comment": "Voxels",
			"from": [ 17.3333, 3.3333, 11 ],
			"to": [ 17.66663, 3.666633, 11.33333 ],
			"faces": {
				"down": { "uv": [ 5.875, 11.25, 6, 11.375 ], "texture": "#type91-torpedo" },
				"up": { "uv": [ 5.875, 11.25, 6, 11.125 ], "texture": "#type91-torpedo" },
				"north": { "uv": [ 6, 11, 5.875, 11.125 ], "texture": "#type91-torpedo" },
				"south": { "uv": [ 5.875, 10.875, 6, 11 ], "texture": "#type91-torpedo" },
				"west": { "uv": [ 5.875, 10.75, 6, 10.875 ], "texture": "#type91-torpedo" },
				"east": { "uv": [ 6, 10.625, 5.875, 10.75 ], "texture": "#type91-torpedo" }
			}
		},
		{
			"__comment": "Voxels",
			"from": [ 17.3333, 4.6667, 11.3333 ],
			"to": [ 17.66663, 5.000033, 11.66663 ],
			"faces": {
				"down": { "uv": [ 5.875, 10.5, 6, 10.625 ], "texture": "#type91-torpedo" },
				"up": { "uv": [ 5.875, 10.5, 6, 10.375 ], "texture": "#type91-torpedo" },
				"north": { "uv": [ 6, 10.25, 5.875, 10.375 ], "texture": "#type91-torpedo" },
				"south": { "uv": [ 5.875, 10.125, 6, 10.25 ], "texture": "#type91-torpedo" },
				"west": { "uv": [ 5.875, 10, 6, 10.125 ], "texture": "#type91-torpedo" },
				"east": { "uv": [ 6, 9.875, 5.875, 10 ], "texture": "#type91-torpedo" }
			}
		},
		{
			"__comment": "Voxels",
			"from": [ 18, 4, 10.6667 ],
			"to": [ 18.33333, 4.333333, 11.33337 ],
			"faces": {
				"down": { "uv": [ 5.625, 9.875, 5.75, 10.125 ], "texture": "#type91-torpedo" },
				"up": { "uv": [ 5.75, 12, 5.875, 11.75 ], "texture": "#type91-torpedo" },
				"north": { "uv": [ 6.375, 11.75, 6.25, 11.875 ], "texture": "#type91-torpedo" },
				"south": { "uv": [ 6.375, 11.75, 6.5, 11.875 ], "texture": "#type91-torpedo" },
				"west": { "uv": [ 7.5, 12, 7.75, 12.125 ], "texture": "#type91-torpedo" },
				"east": { "uv": [ 3.5, 12, 3.25, 12.125 ], "texture": "#type91-torpedo" }
			}
		}
	],
	"display": {
		"thirdperson_righthand": {
			"translation":  [ -37, 0, 13 ],
			"scale":  [ 3.667, 3.667, 3.667 ]
		},
		"thirdperson_lefthand": {
			"translation":  [ 25, 0, 13 ],
			"scale":  [ 3.667, 3.667, 3.667 ]
		}
	}
}