{
	"__comment": "Designed by Uran2471 with Cubik Studio - https://cubik.studio",
	"textures": {
		"particle": "blocks/particle",
		"texture": "1000lb_bomb",
		"1000lb-gp-bomb": "custom/1000lb-gp-bomb"
	},
	"elements": [ 	 
		{
			"__comment": "Voxels",
			"from": [ 2, 6, 26 ],
			"to": [ 3, 11, 30 ],
			"faces": {
				"down": { "uv": [ 3.5, 9.25, 3.625, 9.75 ], "texture": "#1000lb-gp-bomb" },
				"up": { "uv": [ 2.5, 3.625, 2.625, 3.125 ], "texture": "#1000lb-gp-bomb" },
				"north": { "uv": [ 1.5, 1.25, 1.375, 1.875 ], "texture": "#1000lb-gp-bomb" },
				"south": { "uv": [ 1.5, 1.25, 1.625, 1.875 ], "texture": "#1000lb-gp-bomb" },
				"west": { "uv": [ 12.75, 13.875, 13.25, 14.5 ], "texture": "#1000lb-gp-bomb" },
				"east": { "uv": [ 15.75, 14, 15.25, 14.625 ], "texture": "#1000lb-gp-bomb" }
			}
		},
		{
			"__comment": "Voxels",
			"from": [ 2, 7, -7 ],
			"to": [ 15, 9, 14 ],
			"faces": {
				"down": { "uv": [ 0, 13.375, 1.625, 16 ], "texture": "#1000lb-gp-bomb" },
				"up": { "uv": [ 0, 13.375, 1.625, 10.75 ], "texture": "#1000lb-gp-bomb" },
				"north": { "uv": [ 1.625, 0, 0, 0.25 ], "texture": "#1000lb-gp-bomb" },
				"south": { "uv": [ 4.75, 13.375, 6.375, 13.625 ], "texture": "#1000lb-gp-bomb" },
				"west": { "uv": [ 10.5, 15.25, 13.125, 15.5 ], "texture": "#1000lb-gp-bomb" },
				"east": { "uv": [ 13.125, 15, 10.5, 15.25 ], "texture": "#1000lb-gp-bomb" }
			}
		},
		{
			"__comment": "Voxels",
			"from": [ 2, 9, -6 ],
			"to": [ 15, 10, 14 ],
			"faces": {
				"down": { "uv": [ 0, 5.75, 1.625, 8.25 ], "texture": "#1000lb-gp-bomb" },
				"up": { "uv": [ 0, 10.75, 1.625, 8.25 ], "texture": "#1000lb-gp-bomb" },
				"north": { "uv": [ 6.375, 13.25, 4.75, 13.375 ], "texture": "#1000lb-gp-bomb" },
				"south": { "uv": [ 8.125, 12.875, 9.75, 13 ], "texture": "#1000lb-gp-bomb" },
				"west": { "uv": [ 9, 13, 11.5, 13.125 ], "texture": "#1000lb-gp-bomb" },
				"east": { "uv": [ 11.5, 13.125, 9, 13.25 ], "texture": "#1000lb-gp-bomb" }
			}
		},
		{
			"__comment": "Voxels",
			"from": [ 3, 5, -8 ],
			"to": [ 14, 11, -7 ],
			"faces": {
				"down": { "uv": [ 12.25, 13.25, 13.625, 13.375 ], "texture": "#1000lb-gp-bomb" },
				"up": { "uv": [ 13.625, 13.375, 15, 13.25 ], "texture": "#1000lb-gp-bomb" },
				"north": { "uv": [ 7.75, 14.5, 6.375, 15.25 ], "texture": "#1000lb-gp-bomb" },
				"south": { "uv": [ 6.375, 15.25, 7.75, 16 ], "texture": "#1000lb-gp-bomb" },
				"west": { "uv": [ 1.5, 2.25, 1.625, 3 ], "texture": "#1000lb-gp-bomb" },
				"east": { "uv": [ 1.5, 2.25, 1.375, 3 ], "texture": "#1000lb-gp-bomb" }
			}
		},
		{
			"__comment": "Voxels",
			"from": [ 3, 5, -7 ],
			"to": [ 14, 7, 15 ],
			"faces": {
				"down": { "uv": [ 0, 0.25, 1.375, 3 ], "texture": "#1000lb-gp-bomb" },
				"up": { "uv": [ 0, 5.75, 1.375, 3 ], "texture": "#1000lb-gp-bomb" },
				"north": { "uv": [ 13.625, 13.375, 12.25, 13.625 ], "texture": "#1000lb-gp-bomb" },
				"south": { "uv": [ 10.75, 13.25, 12.125, 13.5 ], "texture": "#1000lb-gp-bomb" },
				"west": { "uv": [ 10.5, 15.75, 13.25, 16 ], "texture": "#1000lb-gp-bomb" },
				"east": { "uv": [ 13.25, 15.5, 10.5, 15.75 ], "texture": "#1000lb-gp-bomb" }
			}
		},
		{
			"__comment": "Voxels",
			"from": [ 3, 5, 26 ],
			"to": [ 4, 6, 30 ],
			"faces": {
				"down": { "uv": [ 2.625, 3.125, 2.75, 3.625 ], "texture": "#1000lb-gp-bomb" },
				"up": { "uv": [ 2.5, 3.125, 2.625, 2.625 ], "texture": "#1000lb-gp-bomb" },
				"north": { "uv": [ 4.75, 9.625, 4.625, 9.75 ], "texture": "#1000lb-gp-bomb" },
				"south": { "uv": [ 4.625, 9.75, 4.75, 9.875 ], "texture": "#1000lb-gp-bomb" },
				"west": { "uv": [ 4, 8, 4.5, 8.125 ], "texture": "#1000lb-gp-bomb" },
				"east": { "uv": [ 4.125, 1.5, 3.625, 1.625 ], "texture": "#1000lb-gp-bomb" }
			}
		},
		{
			"__comment": "Voxels",
			"from": [ 3, 6, -9 ],
			"to": [ 14, 10, -8 ],
			"faces": {
				"down": { "uv": [ 8.875, 12.5, 10.25, 12.625 ], "texture": "#1000lb-gp-bomb" },
				"up": { "uv": [ 8.875, 12.5, 10.25, 12.375 ], "texture": "#1000lb-gp-bomb" },
				"north": { "uv": [ 9.125, 14.875, 7.75, 15.375 ], "texture": "#1000lb-gp-bomb" },
				"south": { "uv": [ 7.75, 14.375, 9.125, 14.875 ], "texture": "#1000lb-gp-bomb" },
				"west": { "uv": [ 2.5, 2.125, 2.625, 2.625 ], "texture": "#1000lb-gp-bomb" },
				"east": { "uv": [ 2.75, 2.125, 2.625, 2.625 ], "texture": "#1000lb-gp-bomb" }
			}
		},
		{
			"__comment": "Voxels",
			"from": [ 3, 6, 15 ],
			"to": [ 14, 11, 16 ],
			"faces": {
				"down": { "uv": [ 10.25, 12.375, 11.625, 12.5 ], "texture": "#1000lb-gp-bomb" },
				"up": { "uv": [ 11.625, 12.625, 13, 12.5 ], "texture": "#1000lb-gp-bomb" },
				"north": { "uv": [ 9.125, 15.375, 7.75, 16 ], "texture": "#1000lb-gp-bomb" },
				"south": { "uv": [ 6.375, 13.875, 7.75, 14.5 ], "texture": "#1000lb-gp-bomb" },
				"west": { "uv": [ 1.375, 0.625, 1.5, 1.25 ], "texture": "#1000lb-gp-bomb" },
				"east": { "uv": [ 1.625, 0.625, 1.5, 1.25 ], "texture": "#1000lb-gp-bomb" }
			}
		},
		{
			"__comment": "Voxels",
			"from": [ 3, 7, -10 ],
			"to": [ 14, 9, -9 ],
			"faces": {
				"down": { "uv": [ 4.625, 12, 6, 12.125 ], "texture": "#1000lb-gp-bomb" },
				"up": { "uv": [ 14.375, 15.625, 15.75, 15.5 ], "texture": "#1000lb-gp-bomb" },
				"north": { "uv": [ 10.75, 13.25, 9.375, 13.5 ], "texture": "#1000lb-gp-bomb" },
				"south": { "uv": [ 6.375, 13.625, 7.75, 13.875 ], "texture": "#1000lb-gp-bomb" },
				"west": { "uv": [ 4.5, 4, 4.625, 4.25 ], "texture": "#1000lb-gp-bomb" },
				"east": { "uv": [ 4.625, 3.75, 4.5, 4 ], "texture": "#1000lb-gp-bomb" }
			}
		},
		{
			"__comment": "Voxels",
			"from": [ 3, 7, 14 ],
			"to": [ 14, 11, 15 ],
			"faces": {
				"down": { "uv": [ 13.875, 12.875, 15.25, 13 ], "texture": "#1000lb-gp-bomb" },
				"up": { "uv": [ 13, 12.5, 14.375, 12.375 ], "texture": "#1000lb-gp-bomb" },
				"north": { "uv": [ 10.5, 15, 9.125, 15.5 ], "texture": "#1000lb-gp-bomb" },
				"south": { "uv": [ 9.125, 15.5, 10.5, 16 ], "texture": "#1000lb-gp-bomb" },
				"west": { "uv": [ 2.5, 1.625, 2.625, 2.125 ], "texture": "#1000lb-gp-bomb" },
				"east": { "uv": [ 2.75, 1.625, 2.625, 2.125 ], "texture": "#1000lb-gp-bomb" }
			}
		},
		{
			"__comment": "Voxels",
			"from": [ 3, 7, 16 ],
			"to": [ 14, 10, 17 ],
			"faces": {
				"down": { "uv": [ 14.375, 12.375, 15.75, 12.5 ], "texture": "#1000lb-gp-bomb" },
				"up": { "uv": [ 10.25, 12.625, 11.625, 12.5 ], "texture": "#1000lb-gp-bomb" },
				"north": { "uv": [ 15.75, 15.625, 14.375, 16 ], "texture": "#1000lb-gp-bomb" },
				"south": { "uv": [ 9.125, 13.625, 10.5, 14 ], "texture": "#1000lb-gp-bomb" },
				"west": { "uv": [ 15.875, 14.625, 16, 15 ], "texture": "#1000lb-gp-bomb" },
				"east": { "uv": [ 16, 13.625, 15.875, 14 ], "texture": "#1000lb-gp-bomb" }
			}
		},
		{
			"__comment": "Voxels",
			"from": [ 3, 8, 25 ],
			"to": [ 14, 9, 29 ],
			"faces": {
				"down": { "uv": [ 7.75, 13.875, 9.125, 14.375 ], "texture": "#1000lb-gp-bomb" },
				"up": { "uv": [ 9.125, 15, 10.5, 14.5 ], "texture": "#1000lb-gp-bomb" },
				"north": { "uv": [ 6, 12.25, 4.625, 12.375 ], "texture": "#1000lb-gp-bomb" },
				"south": { "uv": [ 4.625, 12.125, 6, 12.25 ], "texture": "#1000lb-gp-bomb" },
				"west": { "uv": [ 3.625, 1.125, 4.125, 1.25 ], "texture": "#1000lb-gp-bomb" },
				"east": { "uv": [ 4.125, 1, 3.625, 1.125 ], "texture": "#1000lb-gp-bomb" }
			}
		},
		{
			"__comment": "Voxels",
			"from": [ 3, 9, -7 ],
			"to": [ 14, 11, -6 ],
			"faces": {
				"down": { "uv": [ 13, 12.5, 14.375, 12.625 ], "texture": "#1000lb-gp-bomb" },
				"up": { "uv": [ 11.625, 12.5, 13, 12.375 ], "texture": "#1000lb-gp-bomb" },
				"north": { "uv": [ 15, 13.375, 13.625, 13.625 ], "texture": "#1000lb-gp-bomb" },
				"south": { "uv": [ 5, 13, 6.375, 13.25 ], "texture": "#1000lb-gp-bomb" },
				"west": { "uv": [ 4.5, 3.5, 4.625, 3.75 ], "texture": "#1000lb-gp-bomb" },
				"east": { "uv": [ 4.625, 3.25, 4.5, 3.5 ], "texture": "#1000lb-gp-bomb" }
			}
		},
		{
			"__comment": "Voxels",
			"from": [ 3, 10, -6 ],
			"to": [ 14, 12, 13 ],
			"faces": {
				"down": { "uv": [ 2.75, 13.625, 4.125, 16 ], "texture": "#1000lb-gp-bomb" },
				"up": { "uv": [ 4.125, 16, 5.5, 13.625 ], "texture": "#1000lb-gp-bomb" },
				"north": { "uv": [ 9.125, 13.625, 7.75, 13.875 ], "texture": "#1000lb-gp-bomb" },
				"south": { "uv": [ 3.625, 13, 5, 13.25 ], "texture": "#1000lb-gp-bomb" },
				"west": { "uv": [ 10.5, 14.5, 12.875, 14.75 ], "texture": "#1000lb-gp-bomb" },
				"east": { "uv": [ 12.875, 14.75, 10.5, 15 ], "texture": "#1000lb-gp-bomb" }
			}
		},
		{
			"__comment": "Voxels",
			"from": [ 3, 10, 13 ],
			"to": [ 14, 11, 14 ],
			"faces": {
				"down": { "uv": [ 14.375, 12.5, 15.75, 12.625 ], "texture": "#1000lb-gp-bomb" },
				"up": { "uv": [ 9.75, 13, 11.125, 12.875 ], "texture": "#1000lb-gp-bomb" },
				"north": { "uv": [ 12.5, 12.875, 11.125, 13 ], "texture": "#1000lb-gp-bomb" },
				"south": { "uv": [ 12.5, 12.875, 13.875, 13 ], "texture": "#1000lb-gp-bomb" },
				"west": { "uv": [ 4.625, 9.875, 4.75, 10 ], "texture": "#1000lb-gp-bomb" },
				"east": { "uv": [ 4.75, 10.25, 4.625, 10.375 ], "texture": "#1000lb-gp-bomb" }
			}
		},
		{
			"__comment": "Voxels",
			"from": [ 3, 11, 26 ],
			"to": [ 4, 12, 30 ],
			"faces": {
				"down": { "uv": [ 2.625, 0.625, 2.75, 1.125 ], "texture": "#1000lb-gp-bomb" },
				"up": { "uv": [ 10.25, 14.5, 10.375, 14 ], "texture": "#1000lb-gp-bomb" },
				"north": { "uv": [ 4.75, 10.375, 4.625, 10.5 ], "texture": "#1000lb-gp-bomb" },
				"south": { "uv": [ 4.625, 10.5, 4.75, 10.625 ], "texture": "#1000lb-gp-bomb" },
				"west": { "uv": [ 3.625, 0.375, 4.125, 0.5 ], "texture": "#1000lb-gp-bomb" },
				"east": { "uv": [ 4.125, 0.25, 3.625, 0.375 ], "texture": "#1000lb-gp-bomb" }
			}
		},
		{
			"__comment": "Voxels",
			"from": [ 4, 4, -8 ],
			"to": [ 13, 5, 16 ],
			"faces": {
				"down": { "uv": [ 1.625, 13, 2.75, 16 ], "texture": "#1000lb-gp-bomb" },
				"up": { "uv": [ 1.625, 13, 2.75, 10 ], "texture": "#1000lb-gp-bomb" },
				"north": { "uv": [ 9.25, 11.625, 8.125, 11.75 ], "texture": "#1000lb-gp-bomb" },
				"south": { "uv": [ 14.875, 11.875, 16, 12 ], "texture": "#1000lb-gp-bomb" },
				"west": { "uv": [ 6.375, 13.375, 9.375, 13.5 ], "texture": "#1000lb-gp-bomb" },
				"east": { "uv": [ 9.375, 13.5, 6.375, 13.625 ], "texture": "#1000lb-gp-bomb" }
			}
		},
		{
			"__comment": "Voxels",
			"from": [ 4, 4, 26 ],
			"to": [ 5, 5, 30 ],
			"faces": {
				"down": { "uv": [ 15.75, 15.5, 15.875, 16 ], "texture": "#1000lb-gp-bomb" },
				"up": { "uv": [ 15.875, 16, 16, 15.5 ], "texture": "#1000lb-gp-bomb" },
				"north": { "uv": [ 4.75, 10.625, 4.625, 10.75 ], "texture": "#1000lb-gp-bomb" },
				"south": { "uv": [ 4.625, 11, 4.75, 11.125 ], "texture": "#1000lb-gp-bomb" },
				"west": { "uv": [ 3.625, 0, 4.125, 0.125 ], "texture": "#1000lb-gp-bomb" },
				"east": { "uv": [ 5, 11.375, 4.5, 11.5 ], "texture": "#1000lb-gp-bomb" }
			}
		},
		{
			"__comment": "Voxels",
			"from": [ 4, 5, -10 ],
			"to": [ 13, 7, -9 ],
			"faces": {
				"down": { "uv": [ 12.625, 11.75, 13.75, 11.875 ], "texture": "#1000lb-gp-bomb" },
				"up": { "uv": [ 9.25, 11.875, 10.375, 11.75 ], "texture": "#1000lb-gp-bomb" },
				"north": { "uv": [ 7, 12.625, 5.875, 12.875 ], "texture": "#1000lb-gp-bomb" },
				"south": { "uv": [ 4.75, 12.625, 5.875, 12.875 ], "texture": "#1000lb-gp-bomb" },
				"west": { "uv": [ 4.5, 3, 4.625, 3.25 ], "texture": "#1000lb-gp-bomb" },
				"east": { "uv": [ 4.625, 2.75, 4.5, 3 ], "texture": "#1000lb-gp-bomb" }
			}
		},
		{
			"__comment": "Voxels",
			"from": [ 4, 5, -9 ],
			"to": [ 13, 6, -8 ],
			"faces": {
				"down": { "uv": [ 5.875, 11.625, 7, 11.75 ], "texture": "#1000lb-gp-bomb" },
				"up": { "uv": [ 7, 12, 8.125, 11.875 ], "texture": "#1000lb-gp-bomb" },
				"north": { "uv": [ 7, 11.875, 5.875, 12 ], "texture": "#1000lb-gp-bomb" },
				"south": { "uv": [ 4.75, 11.875, 5.875, 12 ], "texture": "#1000lb-gp-bomb" },
				"west": { "uv": [ 15.875, 11.125, 16, 11.25 ], "texture": "#1000lb-gp-bomb" },
				"east": { "uv": [ 14.125, 11.125, 14, 11.25 ], "texture": "#1000lb-gp-bomb" }
			}
		},
		{
			"__comment": "Voxels",
			"from": [ 4, 5, 15 ],
			"to": [ 13, 6, 17 ],
			"faces": {
				"down": { "uv": [ 1.625, 0, 2.75, 0.25 ], "texture": "#1000lb-gp-bomb" },
				"up": { "uv": [ 13.875, 13.25, 15, 13 ], "texture": "#1000lb-gp-bomb" },
				"north": { "uv": [ 12.625, 11.75, 11.5, 11.875 ], "texture": "#1000lb-gp-bomb" },
				"south": { "uv": [ 10.375, 11.75, 11.5, 11.875 ], "texture": "#1000lb-gp-bomb" },
				"west": { "uv": [ 4.25, 5.125, 4.5, 5.25 ], "texture": "#1000lb-gp-bomb" },
				"east": { "uv": [ 4.5, 5, 4.25, 5.125 ], "texture": "#1000lb-gp-bomb" }
			}
		},
		{
			"__comment": "Voxels",
			"from": [ 4, 6, -11 ],
			"to": [ 13, 10, -10 ],
			"faces": {
				"down": { "uv": [ 4.75, 11.625, 5.875, 11.75 ], "texture": "#1000lb-gp-bomb" },
				"up": { "uv": [ 14.875, 11.875, 16, 11.75 ], "texture": "#1000lb-gp-bomb" },
				"north": { "uv": [ 10.25, 14, 9.125, 14.5 ], "texture": "#1000lb-gp-bomb" },
				"south": { "uv": [ 10.5, 14, 11.625, 14.5 ], "texture": "#1000lb-gp-bomb" },
				"west": { "uv": [ 3.5, 8.75, 3.625, 9.25 ], "texture": "#1000lb-gp-bomb" },
				"east": { "uv": [ 3.625, 8.25, 3.5, 8.75 ], "texture": "#1000lb-gp-bomb" }
			}
		},
		{
			"__comment": "Voxels",
			"from": [ 4, 6, 16 ],
			"to": [ 13, 7, 19 ],
			"faces": {
				"down": { "uv": [ 14.125, 14.625, 15.25, 15 ], "texture": "#1000lb-gp-bomb" },
				"up": { "uv": [ 10.5, 14, 11.625, 13.625 ], "texture": "#1000lb-gp-bomb" },
				"north": { "uv": [ 9.25, 11.875, 8.125, 12 ], "texture": "#1000lb-gp-bomb" },
				"south": { "uv": [ 14.75, 12.125, 15.875, 12.25 ], "texture": "#1000lb-gp-bomb" },
				"west": { "uv": [ 8.375, 11.125, 8.75, 11.25 ], "texture": "#1000lb-gp-bomb" },
				"east": { "uv": [ 9.125, 11.125, 8.75, 11.25 ], "texture": "#1000lb-gp-bomb" }
			}
		},
		{
			"__comment": "Voxels",
			"from": [ 4, 7, 17 ],
			"to": [ 13, 11, 19 ],
			"faces": {
				"down": { "uv": [ 14.875, 12.625, 16, 12.875 ], "texture": "#1000lb-gp-bomb" },
				"up": { "uv": [ 14.125, 13.875, 15.25, 13.625 ], "texture": "#1000lb-gp-bomb" },
				"north": { "uv": [ 14.375, 15.5, 13.25, 16 ], "texture": "#1000lb-gp-bomb" },
				"south": { "uv": [ 11.625, 14, 12.75, 14.5 ], "texture": "#1000lb-gp-bomb" },
				"west": { "uv": [ 1.375, 4, 1.625, 4.5 ], "texture": "#1000lb-gp-bomb" },
				"east": { "uv": [ 1.625, 3.5, 1.375, 4 ], "texture": "#1000lb-gp-bomb" }
			}
		},
		{
			"__comment": "Voxels",
			"from": [ 4, 7, 19 ],
			"to": [ 13, 10, 20 ],
			"faces": {
				"down": { "uv": [ 10.375, 11.625, 11.5, 11.75 ], "texture": "#1000lb-gp-bomb" },
				"up": { "uv": [ 7, 11.75, 8.125, 11.625 ], "texture": "#1000lb-gp-bomb" },
				"north": { "uv": [ 15.25, 14.25, 14.125, 14.625 ], "texture": "#1000lb-gp-bomb" },
				"south": { "uv": [ 11.625, 13.625, 12.75, 14 ], "texture": "#1000lb-gp-bomb" },
				"west": { "uv": [ 4.5, 8.125, 4.625, 8.5 ], "texture": "#1000lb-gp-bomb" },
				"east": { "uv": [ 4.625, 7.75, 4.5, 8.125 ], "texture": "#1000lb-gp-bomb" }
			}
		},
		{
			"__comment": "Voxels",
			"from": [ 4, 8, 24 ],
			"to": [ 13, 9, 25 ],
			"faces": {
				"down": { "uv": [ 3.625, 11.625, 4.75, 11.75 ], "texture": "#1000lb-gp-bomb" },
				"up": { "uv": [ 13.75, 11.875, 14.875, 11.75 ], "texture": "#1000lb-gp-bomb" },
				"north": { "uv": [ 15.875, 12, 14.75, 12.125 ], "texture": "#1000lb-gp-bomb" },
				"south": { "uv": [ 3.625, 11.75, 4.75, 11.875 ], "texture": "#1000lb-gp-bomb" },
				"west": { "uv": [ 13.875, 11.125, 14, 11.25 ], "texture": "#1000lb-gp-bomb" },
				"east": { "uv": [ 13.875, 11.125, 13.75, 11.25 ], "texture": "#1000lb-gp-bomb" }
			}
		},
		{
			"__comment": "Voxels",
			"from": [ 4, 9, -10 ],
			"to": [ 13, 11, -9 ],
			"faces": {
				"down": { "uv": [ 13.75, 11.875, 14.875, 12 ], "texture": "#1000lb-gp-bomb" },
				"up": { "uv": [ 12.625, 12, 13.75, 11.875 ], "texture": "#1000lb-gp-bomb" },
				"north": { "uv": [ 10.375, 12.625, 9.25, 12.875 ], "texture": "#1000lb-gp-bomb" },
				"south": { "uv": [ 3.625, 12.625, 4.75, 12.875 ], "texture": "#1000lb-gp-bomb" },
				"west": { "uv": [ 4.5, 2.5, 4.625, 2.75 ], "texture": "#1000lb-gp-bomb" },
				"east": { "uv": [ 4.625, 2.25, 4.5, 2.5 ], "texture": "#1000lb-gp-bomb" }
			}
		},
		{
			"__comment": "Voxels",
			"from": [ 4, 10, -9 ],
			"to": [ 13, 12, -8 ],
			"faces": {
				"down": { "uv": [ 5.875, 11.75, 7, 11.875 ], "texture": "#1000lb-gp-bomb" },
				"up": { "uv": [ 8.125, 11.875, 9.25, 11.75 ], "texture": "#1000lb-gp-bomb" },
				"north": { "uv": [ 11.5, 12.625, 10.375, 12.875 ], "texture": "#1000lb-gp-bomb" },
				"south": { "uv": [ 12.625, 12.625, 13.75, 12.875 ], "texture": "#1000lb-gp-bomb" },
				"west": { "uv": [ 4.5, 2, 4.625, 2.25 ], "texture": "#1000lb-gp-bomb" },
				"east": { "uv": [ 4.625, 1.75, 4.5, 2 ], "texture": "#1000lb-gp-bomb" }
			}
		},
		{
			"__comment": "Voxels",
			"from": [ 4, 10, 16 ],
			"to": [ 13, 12, 17 ],
			"faces": {
				"down": { "uv": [ 11.5, 11.875, 12.625, 12 ], "texture": "#1000lb-gp-bomb" },
				"up": { "uv": [ 10.375, 12, 11.5, 11.875 ], "texture": "#1000lb-gp-bomb" },
				"north": { "uv": [ 14.875, 12.625, 13.75, 12.875 ], "texture": "#1000lb-gp-bomb" },
				"south": { "uv": [ 11.5, 12.625, 12.625, 12.875 ], "texture": "#1000lb-gp-bomb" },
				"west": { "uv": [ 4.5, 1.5, 4.625, 1.75 ], "texture": "#1000lb-gp-bomb" },
				"east": { "uv": [ 4.625, 1.25, 4.5, 1.5 ], "texture": "#1000lb-gp-bomb" }
			}
		},
		{
			"__comment": "Voxels",
			"from": [ 4, 11, -8 ],
			"to": [ 13, 12, -6 ],
			"faces": {
				"down": { "uv": [ 8.125, 12.625, 9.25, 12.875 ], "texture": "#1000lb-gp-bomb" },
				"up": { "uv": [ 7, 12.875, 8.125, 12.625 ], "texture": "#1000lb-gp-bomb" },
				"north": { "uv": [ 5.875, 11.75, 4.75, 11.875 ], "texture": "#1000lb-gp-bomb" },
				"south": { "uv": [ 9.25, 11.625, 10.375, 11.75 ], "texture": "#1000lb-gp-bomb" },
				"west": { "uv": [ 4.25, 4.875, 4.5, 5 ], "texture": "#1000lb-gp-bomb" },
				"east": { "uv": [ 4.5, 4.75, 4.25, 4.875 ], "texture": "#1000lb-gp-bomb" }
			}
		},
		{
			"__comment": "Voxels",
			"from": [ 4, 11, 13 ],
			"to": [ 13, 12, 16 ],
			"faces": {
				"down": { "uv": [ 14.125, 13.875, 15.25, 14.25 ], "texture": "#1000lb-gp-bomb" },
				"up": { "uv": [ 3.625, 13.625, 4.75, 13.25 ], "texture": "#1000lb-gp-bomb" },
				"north": { "uv": [ 10.375, 11.875, 9.25, 12 ], "texture": "#1000lb-gp-bomb" },
				"south": { "uv": [ 14.75, 12.25, 15.875, 12.375 ], "texture": "#1000lb-gp-bomb" },
				"west": { "uv": [ 12.125, 11.125, 12.5, 11.25 ], "texture": "#1000lb-gp-bomb" },
				"east": { "uv": [ 12.875, 11.125, 12.5, 11.25 ], "texture": "#1000lb-gp-bomb" }
			}
		},
		{
			"__comment": "Voxels",
			"from": [ 4, 12, -5 ],
			"to": [ 13, 13, 13 ],
			"faces": {
				"down": { "uv": [ 1.625, 7.75, 2.75, 10 ], "texture": "#1000lb-gp-bomb" },
				"up": { "uv": [ 1.625, 7.75, 2.75, 5.5 ], "texture": "#1000lb-gp-bomb" },
				"north": { "uv": [ 8.125, 11.75, 7, 11.875 ], "texture": "#1000lb-gp-bomb" },
				"south": { "uv": [ 3.625, 11.875, 4.75, 12 ], "texture": "#1000lb-gp-bomb" },
				"west": { "uv": [ 5.875, 12.875, 8.125, 13 ], "texture": "#1000lb-gp-bomb" },
				"east": { "uv": [ 5.875, 12.875, 3.625, 13 ], "texture": "#1000lb-gp-bomb" }
			}
		},
		{
			"__comment": "Voxels",
			"from": [ 4, 12, 26 ],
			"to": [ 5, 13, 30 ],
			"faces": {
				"down": { "uv": [ 15.875, 14.125, 16, 14.625 ], "texture": "#1000lb-gp-bomb" },
				"up": { "uv": [ 3.5, 10.75, 3.625, 10.25 ], "texture": "#1000lb-gp-bomb" },
				"north": { "uv": [ 13.75, 11.125, 13.625, 11.25 ], "texture": "#1000lb-gp-bomb" },
				"south": { "uv": [ 4.375, 2.625, 4.5, 2.75 ], "texture": "#1000lb-gp-bomb" },
				"west": { "uv": [ 3.625, 1.375, 4.125, 1.5 ], "texture": "#1000lb-gp-bomb" },
				"east": { "uv": [ 4.125, 1.25, 3.625, 1.375 ], "texture": "#1000lb-gp-bomb" }
			}
		},
		{
			"__comment": "Voxels",
			"from": [ 5, 3, -8 ],
			"to": [ 12, 4, 15 ],
			"faces": {
				"down": { "uv": [ 1.625, 2.625, 2.5, 5.5 ], "texture": "#1000lb-gp-bomb" },
				"up": { "uv": [ 2.75, 13.625, 3.625, 10.75 ], "texture": "#1000lb-gp-bomb" },
				"north": { "uv": [ 4.5, 8.625, 3.625, 8.75 ], "texture": "#1000lb-gp-bomb" },
				"south": { "uv": [ 13.25, 13.625, 14.125, 13.75 ], "texture": "#1000lb-gp-bomb" },
				"west": { "uv": [ 9.375, 13.5, 12.25, 13.625 ], "texture": "#1000lb-gp-bomb" },
				"east": { "uv": [ 9.25, 13.25, 6.375, 13.375 ], "texture": "#1000lb-gp-bomb" }
			}
		},
		{
			"__comment": "Voxels",
			"from": [ 5, 3, 26 ],
			"to": [ 6, 4, 30 ],
			"faces": {
				"down": { "uv": [ 2.5, 1.125, 2.625, 1.625 ], "texture": "#1000lb-gp-bomb" },
				"up": { "uv": [ 2.625, 1.625, 2.75, 1.125 ], "texture": "#1000lb-gp-bomb" },
				"north": { "uv": [ 4.375, 2.625, 4.25, 2.75 ], "texture": "#1000lb-gp-bomb" },
				"south": { "uv": [ 4.375, 2.875, 4.5, 3 ], "texture": "#1000lb-gp-bomb" },
				"west": { "uv": [ 5.5, 11.375, 6, 11.5 ], "texture": "#1000lb-gp-bomb" },
				"east": { "uv": [ 4.125, 0.875, 3.625, 1 ], "texture": "#1000lb-gp-bomb" }
			}
		},
		{
			"__comment": "Voxels",
			"from": [ 5, 4, -10 ],
			"to": [ 12, 5, -8 ],
			"faces": {
				"down": { "uv": [ 2.75, 1.25, 3.625, 1.5 ], "texture": "#1000lb-gp-bomb" },
				"up": { "uv": [ 2.75, 1.25, 3.625, 1 ], "texture": "#1000lb-gp-bomb" },
				"north": { "uv": [ 7.125, 11.5, 6.25, 11.625 ], "texture": "#1000lb-gp-bomb" },
				"south": { "uv": [ 7.125, 11.5, 8, 11.625 ], "texture": "#1000lb-gp-bomb" },
				"west": { "uv": [ 4.25, 4.25, 4.5, 4.375 ], "texture": "#1000lb-gp-bomb" },
				"east": { "uv": [ 4.5, 5.625, 4.25, 5.75 ], "texture": "#1000lb-gp-bomb" }
			}
		},
		{
			"__comment": "Voxels",
			"from": [ 5, 4, 16 ],
			"to": [ 12, 5, 17 ],
			"faces": {
				"down": { "uv": [ 8.875, 11.5, 9.75, 11.625 ], "texture": "#1000lb-gp-bomb" },
				"up": { "uv": [ 9.75, 11.625, 10.625, 11.5 ], "texture": "#1000lb-gp-bomb" },
				"north": { "uv": [ 11.5, 11.5, 10.625, 11.625 ], "texture": "#1000lb-gp-bomb" },
				"south": { "uv": [ 11.5, 11.5, 12.375, 11.625 ], "texture": "#1000lb-gp-bomb" },
				"west": { "uv": [ 14.125, 11.125, 14.25, 11.25 ], "texture": "#1000lb-gp-bomb" },
				"east": { "uv": [ 13.625, 11.125, 13.5, 11.25 ], "texture": "#1000lb-gp-bomb" }
			}
		},
		{
			"__comment": "Voxels",
			"from": [ 5, 5, -11 ],
			"to": [ 12, 6, -10 ],
			"faces": {
				"down": { "uv": [ 3.625, 8.5, 4.5, 8.625 ], "texture": "#1000lb-gp-bomb" },
				"up": { "uv": [ 15, 11.625, 15.875, 11.5 ], "texture": "#1000lb-gp-bomb" },
				"north": { "uv": [ 4.5, 11.375, 3.625, 11.5 ], "texture": "#1000lb-gp-bomb" },
				"south": { "uv": [ 3.625, 11.25, 4.5, 11.375 ], "texture": "#1000lb-gp-bomb" },
				"west": { "uv": [ 13.375, 11.125, 13.5, 11.25 ], "texture": "#1000lb-gp-bomb" },
				"east": { "uv": [ 4.5, 3.75, 4.375, 3.875 ], "texture": "#1000lb-gp-bomb" }
			}
		},
		{
			"__comment": "Voxels",
			"from": [ 5, 5, 17 ],
			"to": [ 12, 6, 20 ],
			"faces": {
				"down": { "uv": [ 2.75, 6.625, 3.625, 7 ], "texture": "#1000lb-gp-bomb" },
				"up": { "uv": [ 2.75, 8.125, 3.625, 7.75 ], "texture": "#1000lb-gp-bomb" },
				"north": { "uv": [ 4.5, 10.625, 3.625, 10.75 ], "texture": "#1000lb-gp-bomb" },
				"south": { "uv": [ 3.625, 10.5, 4.5, 10.625 ], "texture": "#1000lb-gp-bomb" },
				"west": { "uv": [ 4.125, 0.75, 4.5, 0.875 ], "texture": "#1000lb-gp-bomb" },
				"east": { "uv": [ 7.625, 11.125, 7.25, 11.25 ], "texture": "#1000lb-gp-bomb" }
			}
		},
		{
			"__comment": "Voxels",
			"from": [ 5, 6, -12 ],
			"to": [ 12, 11, -11 ],
			"faces": {
				"down": { "uv": [ 3.625, 10.25, 4.5, 10.375 ], "texture": "#1000lb-gp-bomb" },
				"up": { "uv": [ 3.625, 10.25, 4.5, 10.125 ], "texture": "#1000lb-gp-bomb" },
				"north": { "uv": [ 14.125, 14.25, 13.25, 14.875 ], "texture": "#1000lb-gp-bomb" },
				"south": { "uv": [ 13.25, 14.875, 14.125, 15.5 ], "texture": "#1000lb-gp-bomb" },
				"west": { "uv": [ 2.5, 3.625, 2.625, 4.25 ], "texture": "#1000lb-gp-bomb" },
				"east": { "uv": [ 2.75, 3.625, 2.625, 4.25 ], "texture": "#1000lb-gp-bomb" }
			}
		},
		{
			"__comment": "Voxels",
			"from": [ 5, 6, 19 ],
			"to": [ 12, 7, 22 ],
			"faces": {
				"down": { "uv": [ 2.75, 7, 3.625, 7.375 ], "texture": "#1000lb-gp-bomb" },
				"up": { "uv": [ 2.75, 6.25, 3.625, 5.875 ], "texture": "#1000lb-gp-bomb" },
				"north": { "uv": [ 4.5, 9.375, 3.625, 9.5 ], "texture": "#1000lb-gp-bomb" },
				"south": { "uv": [ 3.625, 9.25, 4.5, 9.375 ], "texture": "#1000lb-gp-bomb" },
				"west": { "uv": [ 12.125, 11.25, 12.5, 11.375 ], "texture": "#1000lb-gp-bomb" },
				"east": { "uv": [ 7.25, 11.25, 6.875, 11.375 ], "texture": "#1000lb-gp-bomb" }
			}
		},
		{
			"__comment": "Voxels",
			"from": [ 5, 7, -13 ],
			"to": [ 12, 10, -12 ],
			"faces": {
				"down": { "uv": [ 3.625, 9.125, 4.5, 9.25 ], "texture": "#1000lb-gp-bomb" },
				"up": { "uv": [ 3.625, 9.125, 4.5, 9 ], "texture": "#1000lb-gp-bomb" },
				"north": { "uv": [ 3.625, 5.5, 2.75, 5.875 ], "texture": "#1000lb-gp-bomb" },
				"south": { "uv": [ 2.75, 6.25, 3.625, 6.625 ], "texture": "#1000lb-gp-bomb" },
				"west": { "uv": [ 4.5, 8.5, 4.625, 8.875 ], "texture": "#1000lb-gp-bomb" },
				"east": { "uv": [ 3.5, 1.5, 3.375, 1.875 ], "texture": "#1000lb-gp-bomb" }
			}
		},
		{
			"__comment": "Voxels",
			"from": [ 5, 7, 20 ],
			"to": [ 12, 10, 22 ],
			"faces": {
				"down": { "uv": [ 2.75, 0.75, 3.625, 1 ], "texture": "#1000lb-gp-bomb" },
				"up": { "uv": [ 15, 13.25, 15.875, 13 ], "texture": "#1000lb-gp-bomb" },
				"north": { "uv": [ 3.625, 7.375, 2.75, 7.75 ], "texture": "#1000lb-gp-bomb" },
				"south": { "uv": [ 15, 15.125, 15.875, 15.5 ], "texture": "#1000lb-gp-bomb" },
				"west": { "uv": [ 1.375, 1.875, 1.625, 2.25 ], "texture": "#1000lb-gp-bomb" },
				"east": { "uv": [ 1.625, 3.125, 1.375, 3.5 ], "texture": "#1000lb-gp-bomb" }
			}
		},
		{
			"__comment": "Voxels",
			"from": [ 5, 7, 22 ],
			"to": [ 12, 9, 23 ],
			"faces": {
				"down": { "uv": [ 15, 15, 15.875, 15.125 ], "texture": "#1000lb-gp-bomb" },
				"up": { "uv": [ 3.625, 11, 4.5, 10.875 ], "texture": "#1000lb-gp-bomb" },
				"north": { "uv": [ 5.375, 12.375, 4.5, 12.625 ], "texture": "#1000lb-gp-bomb" },
				"south": { "uv": [ 5.375, 12.375, 6.25, 12.625 ], "texture": "#1000lb-gp-bomb" },
				"west": { "uv": [ 15.875, 13, 16, 13.25 ], "texture": "#1000lb-gp-bomb" },
				"east": { "uv": [ 16, 13.375, 15.875, 13.625 ], "texture": "#1000lb-gp-bomb" }
			}
		},
		{
			"__comment": "Voxels",
			"from": [ 5, 8, 23 ],
			"to": [ 12, 9, 24 ],
			"faces": {
				"down": { "uv": [ 3.625, 10.375, 4.5, 10.5 ], "texture": "#1000lb-gp-bomb" },
				"up": { "uv": [ 3.625, 8.875, 4.5, 8.75 ], "texture": "#1000lb-gp-bomb" },
				"north": { "uv": [ 4.5, 8.875, 3.625, 9 ], "texture": "#1000lb-gp-bomb" },
				"south": { "uv": [ 3.625, 10, 4.5, 10.125 ], "texture": "#1000lb-gp-bomb" },
				"west": { "uv": [ 4.25, 3.5, 4.375, 3.625 ], "texture": "#1000lb-gp-bomb" },
				"east": { "uv": [ 4.75, 6.625, 4.625, 6.75 ], "texture": "#1000lb-gp-bomb" }
			}
		},
		{
			"__comment": "Voxels",
			"from": [ 5, 10, -11 ],
			"to": [ 12, 12, -10 ],
			"faces": {
				"down": { "uv": [ 14.125, 11.625, 15, 11.75 ], "texture": "#1000lb-gp-bomb" },
				"up": { "uv": [ 3.625, 9.625, 4.5, 9.5 ], "texture": "#1000lb-gp-bomb" },
				"north": { "uv": [ 3.625, 0.5, 2.75, 0.75 ], "texture": "#1000lb-gp-bomb" },
				"south": { "uv": [ 2.75, 0.25, 3.625, 0.5 ], "texture": "#1000lb-gp-bomb" },
				"west": { "uv": [ 12.125, 13.25, 12.25, 13.5 ], "texture": "#1000lb-gp-bomb" },
				"east": { "uv": [ 13.25, 13.625, 13.125, 13.875 ], "texture": "#1000lb-gp-bomb" }
			}
		},
		{
			"__comment": "Voxels",
			"from": [ 5, 10, 19 ],
			"to": [ 12, 11, 20 ],
			"faces": {
				"down": { "uv": [ 3.625, 10.75, 4.5, 10.875 ], "texture": "#1000lb-gp-bomb" },
				"up": { "uv": [ 15, 13.375, 15.875, 13.25 ], "texture": "#1000lb-gp-bomb" },
				"north": { "uv": [ 4.5, 11.125, 3.625, 11.25 ], "texture": "#1000lb-gp-bomb" },
				"south": { "uv": [ 12.375, 11.5, 13.25, 11.625 ], "texture": "#1000lb-gp-bomb" },
				"west": { "uv": [ 15.125, 11.125, 15.25, 11.25 ], "texture": "#1000lb-gp-bomb" },
				"east": { "uv": [ 15.375, 11.125, 15.25, 11.25 ], "texture": "#1000lb-gp-bomb" }
			}
		},
		{
			"__comment": "Voxels",
			"from": [ 5, 11, -10 ],
			"to": [ 12, 12, -9 ],
			"faces": {
				"down": { "uv": [ 8, 11.5, 8.875, 11.625 ], "texture": "#1000lb-gp-bomb" },
				"up": { "uv": [ 5.375, 11.625, 6.25, 11.5 ], "texture": "#1000lb-gp-bomb" },
				"north": { "uv": [ 5.375, 11.5, 4.5, 11.625 ], "texture": "#1000lb-gp-bomb" },
				"south": { "uv": [ 3.625, 11, 4.5, 11.125 ], "texture": "#1000lb-gp-bomb" },
				"west": { "uv": [ 15.75, 11.125, 15.875, 11.25 ], "texture": "#1000lb-gp-bomb" },
				"east": { "uv": [ 4.75, 9, 4.625, 9.125 ], "texture": "#1000lb-gp-bomb" }
			}
		},
		{
			"__comment": "Voxels",
			"from": [ 5, 11, 17 ],
			"to": [ 12, 12, 19 ],
			"faces": {
				"down": { "uv": [ 2.75, 0, 3.625, 0.25 ], "texture": "#1000lb-gp-bomb" },
				"up": { "uv": [ 15, 13.625, 15.875, 13.375 ], "texture": "#1000lb-gp-bomb" },
				"north": { "uv": [ 4.5, 11.5, 3.625, 11.625 ], "texture": "#1000lb-gp-bomb" },
				"south": { "uv": [ 11.5, 11.625, 12.375, 11.75 ], "texture": "#1000lb-gp-bomb" },
				"west": { "uv": [ 4.25, 7.375, 4.5, 7.5 ], "texture": "#1000lb-gp-bomb" },
				"east": { "uv": [ 4.5, 7.5, 4.25, 7.625 ], "texture": "#1000lb-gp-bomb" }
			}
		},
		{
			"__comment": "Voxels",
			"from": [ 5, 12, -9 ],
			"to": [ 12, 13, -5 ],
			"faces": {
				"down": { "uv": [ 14.125, 15, 15, 15.5 ], "texture": "#1000lb-gp-bomb" },
				"up": { "uv": [ 13.25, 14.25, 14.125, 13.75 ], "texture": "#1000lb-gp-bomb" },
				"north": { "uv": [ 4.5, 9.625, 3.625, 9.75 ], "texture": "#1000lb-gp-bomb" },
				"south": { "uv": [ 12.375, 11.625, 13.25, 11.75 ], "texture": "#1000lb-gp-bomb" },
				"west": { "uv": [ 5, 11.375, 5.5, 11.5 ], "texture": "#1000lb-gp-bomb" },
				"east": { "uv": [ 4.125, 0.75, 3.625, 0.875 ], "texture": "#1000lb-gp-bomb" }
			}
		},
		{
			"__comment": "Voxels",
			"from": [ 5, 12, 13 ],
			"to": [ 12, 14, 14 ],
			"faces": {
				"down": { "uv": [ 3.625, 9.875, 4.5, 10 ], "texture": "#1000lb-gp-bomb" },
				"up": { "uv": [ 3.625, 9.875, 4.5, 9.75 ], "texture": "#1000lb-gp-bomb" },
				"north": { "uv": [ 4.5, 12.375, 3.625, 12.625 ], "texture": "#1000lb-gp-bomb" },
				"south": { "uv": [ 6.25, 12.375, 7.125, 12.625 ], "texture": "#1000lb-gp-bomb" },
				"west": { "uv": [ 4.5, 5.25, 4.625, 5.5 ], "texture": "#1000lb-gp-bomb" },
				"east": { "uv": [ 4.625, 5.5, 4.5, 5.75 ], "texture": "#1000lb-gp-bomb" }
			}
		},
		{
			"__comment": "Voxels",
			"from": [ 5, 12, 14 ],
			"to": [ 12, 13, 16 ],
			"faces": {
				"down": { "uv": [ 7.125, 12.375, 8, 12.625 ], "texture": "#1000lb-gp-bomb" },
				"up": { "uv": [ 8, 12.625, 8.875, 12.375 ], "texture": "#1000lb-gp-bomb" },
				"north": { "uv": [ 14.125, 11.625, 13.25, 11.75 ], "texture": "#1000lb-gp-bomb" },
				"south": { "uv": [ 15, 11.625, 15.875, 11.75 ], "texture": "#1000lb-gp-bomb" },
				"west": { "uv": [ 4.25, 6.875, 4.5, 7 ], "texture": "#1000lb-gp-bomb" },
				"east": { "uv": [ 4.5, 7, 4.25, 7.125 ], "texture": "#1000lb-gp-bomb" }
			}
		},
		{
			"__comment": "Voxels",
			"from": [ 5, 13, -6 ],
			"to": [ 12, 14, 13 ],
			"faces": {
				"down": { "uv": [ 1.625, 0.25, 2.5, 2.625 ], "texture": "#1000lb-gp-bomb" },
				"up": { "uv": [ 5.5, 16, 6.375, 13.625 ], "texture": "#1000lb-gp-bomb" },
				"north": { "uv": [ 14.125, 11.5, 13.25, 11.625 ], "texture": "#1000lb-gp-bomb" },
				"south": { "uv": [ 14.125, 11.5, 15, 11.625 ], "texture": "#1000lb-gp-bomb" },
				"west": { "uv": [ 11.5, 13, 13.875, 13.125 ], "texture": "#1000lb-gp-bomb" },
				"east": { "uv": [ 13.875, 13.125, 11.5, 13.25 ], "texture": "#1000lb-gp-bomb" }
			}
		},
		{
			"__comment": "Voxels",
			"from": [ 5, 13, 26 ],
			"to": [ 6, 14, 30 ],
			"faces": {
				"down": { "uv": [ 3.5, 4.5, 3.625, 5 ], "texture": "#1000lb-gp-bomb" },
				"up": { "uv": [ 3.375, 5, 3.5, 4.5 ], "texture": "#1000lb-gp-bomb" },
				"north": { "uv": [ 4.75, 6.5, 4.625, 6.625 ], "texture": "#1000lb-gp-bomb" },
				"south": { "uv": [ 4.625, 6.375, 4.75, 6.5 ], "texture": "#1000lb-gp-bomb" },
				"west": { "uv": [ 6.5, 11.375, 7, 11.5 ], "texture": "#1000lb-gp-bomb" },
				"east": { "uv": [ 6.5, 11.375, 6, 11.5 ], "texture": "#1000lb-gp-bomb" }
			}
		},
		{
			"__comment": "Voxels",
			"from": [ 6, 2, 26 ],
			"to": [ 11, 3, 30 ],
			"faces": {
				"down": { "uv": [ 2.75, 3.5, 3.375, 4 ], "texture": "#1000lb-gp-bomb" },
				"up": { "uv": [ 2.75, 4.5, 3.375, 4 ], "texture": "#1000lb-gp-bomb" },
				"north": { "uv": [ 15.875, 12.875, 15.25, 13 ], "texture": "#1000lb-gp-bomb" },
				"south": { "uv": [ 6, 12, 6.625, 12.125 ], "texture": "#1000lb-gp-bomb" },
				"west": { "uv": [ 7.5, 11.375, 8, 11.5 ], "texture": "#1000lb-gp-bomb" },
				"east": { "uv": [ 7.5, 11.375, 7, 11.5 ], "texture": "#1000lb-gp-bomb" }
			}
		},
		{
			"__comment": "Voxels",
			"from": [ 6, 3, -9 ],
			"to": [ 11, 4, -8 ],
			"faces": {
				"down": { "uv": [ 6.625, 12, 7.25, 12.125 ], "texture": "#1000lb-gp-bomb" },
				"up": { "uv": [ 7.25, 12.125, 7.875, 12 ], "texture": "#1000lb-gp-bomb" },
				"north": { "uv": [ 8.5, 12, 7.875, 12.125 ], "texture": "#1000lb-gp-bomb" },
				"south": { "uv": [ 8.5, 12, 9.125, 12.125 ], "texture": "#1000lb-gp-bomb" },
				"west": { "uv": [ 15.875, 11.625, 16, 11.75 ], "texture": "#1000lb-gp-bomb" },
				"east": { "uv": [ 16, 11.5, 15.875, 11.625 ], "texture": "#1000lb-gp-bomb" }
			}
		},
		{
			"__comment": "Voxels",
			"from": [ 6, 3, 15 ],
			"to": [ 11, 4, 16 ],
			"faces": {
				"down": { "uv": [ 9.125, 12, 9.75, 12.125 ], "texture": "#1000lb-gp-bomb" },
				"up": { "uv": [ 9.75, 12.125, 10.375, 12 ], "texture": "#1000lb-gp-bomb" },
				"north": { "uv": [ 11, 12, 10.375, 12.125 ], "texture": "#1000lb-gp-bomb" },
				"south": { "uv": [ 11, 12, 11.625, 12.125 ], "texture": "#1000lb-gp-bomb" },
				"west": { "uv": [ 4.625, 8, 4.75, 8.125 ], "texture": "#1000lb-gp-bomb" },
				"east": { "uv": [ 4.75, 8.375, 4.625, 8.5 ], "texture": "#1000lb-gp-bomb" }
			}
		},
		{
			"__comment": "Voxels",
			"from": [ 6, 4, -11 ],
			"to": [ 11, 5, -10 ],
			"faces": {
				"down": { "uv": [ 11.625, 12, 12.25, 12.125 ], "texture": "#1000lb-gp-bomb" },
				"up": { "uv": [ 12.25, 12.125, 12.875, 12 ], "texture": "#1000lb-gp-bomb" },
				"north": { "uv": [ 13.5, 12, 12.875, 12.125 ], "texture": "#1000lb-gp-bomb" },
				"south": { "uv": [ 13.5, 12, 14.125, 12.125 ], "texture": "#1000lb-gp-bomb" },
				"west": { "uv": [ 4.25, 2.875, 4.375, 3 ], "texture": "#1000lb-gp-bomb" },
				"east": { "uv": [ 4.375, 3.75, 4.25, 3.875 ], "texture": "#1000lb-gp-bomb" }
			}
		},
		{
			"__comment": "Voxels",
			"from": [ 6, 4, 17 ],
			"to": [ 11, 5, 19 ],
			"faces": {
				"down": { "uv": [ 10.375, 12.125, 11, 12.375 ], "texture": "#1000lb-gp-bomb" },
				"up": { "uv": [ 9.75, 12.375, 10.375, 12.125 ], "texture": "#1000lb-gp-bomb" },
				"north": { "uv": [ 14.75, 12, 14.125, 12.125 ], "texture": "#1000lb-gp-bomb" },
				"south": { "uv": [ 3.625, 7.875, 4.25, 8 ], "texture": "#1000lb-gp-bomb" },
				"west": { "uv": [ 15.75, 14, 16, 14.125 ], "texture": "#1000lb-gp-bomb" },
				"east": { "uv": [ 16, 12.5, 15.75, 12.625 ], "texture": "#1000lb-gp-bomb" }
			}
		},
		{
			"__comment": "Voxels",
			"from": [ 6, 5, -12 ],
			"to": [ 11, 6, -11 ],
			"faces": {
				"down": { "uv": [ 3.625, 7.75, 4.25, 7.875 ], "texture": "#1000lb-gp-bomb" },
				"up": { "uv": [ 3.625, 7.75, 4.25, 7.625 ], "texture": "#1000lb-gp-bomb" },
				"north": { "uv": [ 4.25, 7.5, 3.625, 7.625 ], "texture": "#1000lb-gp-bomb" },
				"south": { "uv": [ 3.625, 7.375, 4.25, 7.5 ], "texture": "#1000lb-gp-bomb" },
				"west": { "uv": [ 15.875, 13.25, 16, 13.375 ], "texture": "#1000lb-gp-bomb" },
				"east": { "uv": [ 9.375, 13.25, 9.25, 13.375 ], "texture": "#1000lb-gp-bomb" }
			}
		},
		{
			"__comment": "Voxels",
			"from": [ 6, 5, 20 ],
			"to": [ 11, 6, 22 ],
			"faces": {
				"down": { "uv": [ 11.625, 12.125, 12.25, 12.375 ], "texture": "#1000lb-gp-bomb" },
				"up": { "uv": [ 11, 12.375, 11.625, 12.125 ], "texture": "#1000lb-gp-bomb" },
				"north": { "uv": [ 4.25, 7.25, 3.625, 7.375 ], "texture": "#1000lb-gp-bomb" },
				"south": { "uv": [ 3.625, 7.125, 4.25, 7.25 ], "texture": "#1000lb-gp-bomb" },
				"west": { "uv": [ 4.25, 4.5, 4.5, 4.625 ], "texture": "#1000lb-gp-bomb" },
				"east": { "uv": [ 4.5, 4.375, 4.25, 4.5 ], "texture": "#1000lb-gp-bomb" }
			}
		},
		{
			"__comment": "Voxels",
			"from": [ 6, 6, -13 ],
			"to": [ 11, 7, -12 ],
			"faces": {
				"down": { "uv": [ 3.625, 7, 4.25, 7.125 ], "texture": "#1000lb-gp-bomb" },
				"up": { "uv": [ 3.625, 7, 4.25, 6.875 ], "texture": "#1000lb-gp-bomb" },
				"north": { "uv": [ 4.25, 6.75, 3.625, 6.875 ], "texture": "#1000lb-gp-bomb" },
				"south": { "uv": [ 3.625, 6.625, 4.25, 6.75 ], "texture": "#1000lb-gp-bomb" },
				"west": { "uv": [ 4.375, 4, 4.5, 4.125 ], "texture": "#1000lb-gp-bomb" },
				"east": { "uv": [ 4.375, 4, 4.25, 4.125 ], "texture": "#1000lb-gp-bomb" }
			}
		},
		{
			"__comment": "Voxels",
			"from": [ 6, 6, 22 ],
			"to": [ 11, 7, 24 ],
			"faces": {
				"down": { "uv": [ 8.5, 12.125, 9.125, 12.375 ], "texture": "#1000lb-gp-bomb" },
				"up": { "uv": [ 7.875, 12.375, 8.5, 12.125 ], "texture": "#1000lb-gp-bomb" },
				"north": { "uv": [ 4.25, 6.5, 3.625, 6.625 ], "texture": "#1000lb-gp-bomb" },
				"south": { "uv": [ 3.625, 6.375, 4.25, 6.5 ], "texture": "#1000lb-gp-bomb" },
				"west": { "uv": [ 4.25, 7.75, 4.5, 7.875 ], "texture": "#1000lb-gp-bomb" },
				"east": { "uv": [ 4.5, 7.625, 4.25, 7.75 ], "texture": "#1000lb-gp-bomb" }
			}
		},
		{
			"__comment": "Voxels",
			"from": [ 6, 7, -14 ],
			"to": [ 11, 10, -13 ],
			"faces": {
				"down": { "uv": [ 3.625, 6.25, 4.25, 6.375 ], "texture": "#1000lb-gp-bomb" },
				"up": { "uv": [ 3.625, 6.25, 4.25, 6.125 ], "texture": "#1000lb-gp-bomb" },
				"north": { "uv": [ 15.875, 13.625, 15.25, 14 ], "texture": "#1000lb-gp-bomb" },
				"south": { "uv": [ 2.75, 1.5, 3.375, 1.875 ], "texture": "#1000lb-gp-bomb" },
				"west": { "uv": [ 3.375, 1.875, 3.5, 2.25 ], "texture": "#1000lb-gp-bomb" },
				"east": { "uv": [ 3.625, 1.875, 3.5, 2.25 ], "texture": "#1000lb-gp-bomb" }
			}
		},
		{
			"__comment": "Voxels",
			"from": [ 6, 7, 23 ],
			"to": [ 11, 8, 26 ],
			"faces": {
				"down": { "uv": [ 2.75, 1.875, 3.375, 2.25 ], "texture": "#1000lb-gp-bomb" },
				"up": { "uv": [ 15.25, 15, 15.875, 14.625 ], "texture": "#1000lb-gp-bomb" },
				"north": { "uv": [ 4.25, 6, 3.625, 6.125 ], "texture": "#1000lb-gp-bomb" },
				"south": { "uv": [ 3.625, 5.875, 4.25, 6 ], "texture": "#1000lb-gp-bomb" },
				"west": { "uv": [ 8.75, 11.25, 9.125, 11.375 ], "texture": "#1000lb-gp-bomb" },
				"east": { "uv": [ 9.5, 11.25, 9.125, 11.375 ], "texture": "#1000lb-gp-bomb" }
			}
		},
		{
			"__comment": "Voxels",
			"from": [ 6, 9, 22 ],
			"to": [ 11, 11, 23 ],
			"faces": {
				"down": { "uv": [ 3.625, 5.75, 4.25, 5.875 ], "texture": "#1000lb-gp-bomb" },
				"up": { "uv": [ 3.625, 5.75, 4.25, 5.625 ], "texture": "#1000lb-gp-bomb" },
				"north": { "uv": [ 13.5, 12.125, 12.875, 12.375 ], "texture": "#1000lb-gp-bomb" },
				"south": { "uv": [ 9.125, 12.125, 9.75, 12.375 ], "texture": "#1000lb-gp-bomb" },
				"west": { "uv": [ 13.125, 15.25, 13.25, 15.5 ], "texture": "#1000lb-gp-bomb" },
				"east": { "uv": [ 13.25, 15, 13.125, 15.25 ], "texture": "#1000lb-gp-bomb" }
			}
		},
		{
			"__comment": "Voxels",
			"from": [ 6, 9, 23 ],
			"to": [ 11, 10, 25 ],
			"faces": {
				"down": { "uv": [ 14.125, 12.125, 14.75, 12.375 ], "texture": "#1000lb-gp-bomb" },
				"up": { "uv": [ 13.5, 12.375, 14.125, 12.125 ], "texture": "#1000lb-gp-bomb" },
				"north": { "uv": [ 4.25, 5.5, 3.625, 5.625 ], "texture": "#1000lb-gp-bomb" },
				"south": { "uv": [ 3.625, 5.375, 4.25, 5.5 ], "texture": "#1000lb-gp-bomb" },
				"west": { "uv": [ 4.25, 4.625, 4.5, 4.75 ], "texture": "#1000lb-gp-bomb" },
				"east": { "uv": [ 1.625, 3, 1.375, 3.125 ], "texture": "#1000lb-gp-bomb" }
			}
		},
		{
			"__comment": "Voxels",
			"from": [ 6, 10, -13 ],
			"to": [ 11, 11, -12 ],
			"faces": {
				"down": { "uv": [ 3.625, 5.25, 4.25, 5.375 ], "texture": "#1000lb-gp-bomb" },
				"up": { "uv": [ 3.625, 5.25, 4.25, 5.125 ], "texture": "#1000lb-gp-bomb" },
				"north": { "uv": [ 4.25, 5, 3.625, 5.125 ], "texture": "#1000lb-gp-bomb" },
				"south": { "uv": [ 3.625, 4.875, 4.25, 5 ], "texture": "#1000lb-gp-bomb" },
				"west": { "uv": [ 4.375, 3.875, 4.5, 4 ], "texture": "#1000lb-gp-bomb" },
				"east": { "uv": [ 4.375, 3.875, 4.25, 4 ], "texture": "#1000lb-gp-bomb" }
			}
		},
		{
			"__comment": "Voxels",
			"from": [ 6, 10, 20 ],
			"to": [ 11, 11, 22 ],
			"faces": {
				"down": { "uv": [ 6, 12.125, 6.625, 12.375 ], "texture": "#1000lb-gp-bomb" },
				"up": { "uv": [ 6.625, 12.375, 7.25, 12.125 ], "texture": "#1000lb-gp-bomb" },
				"north": { "uv": [ 4.25, 4.75, 3.625, 4.875 ], "texture": "#1000lb-gp-bomb" },
				"south": { "uv": [ 3.625, 4.625, 4.25, 4.75 ], "texture": "#1000lb-gp-bomb" },
				"west": { "uv": [ 15.75, 12.375, 16, 12.5 ], "texture": "#1000lb-gp-bomb" },
				"east": { "uv": [ 4.5, 7.875, 4.25, 8 ], "texture": "#1000lb-gp-bomb" }
			}
		},
		{
			"__comment": "Voxels",
			"from": [ 6, 11, -12 ],
			"to": [ 11, 12, -11 ],
			"faces": {
				"down": { "uv": [ 3.625, 4.5, 4.25, 4.625 ], "texture": "#1000lb-gp-bomb" },
				"up": { "uv": [ 3.625, 4.5, 4.25, 4.375 ], "texture": "#1000lb-gp-bomb" },
				"north": { "uv": [ 4.25, 4.25, 3.625, 4.375 ], "texture": "#1000lb-gp-bomb" },
				"south": { "uv": [ 3.625, 4.125, 4.25, 4.25 ], "texture": "#1000lb-gp-bomb" },
				"west": { "uv": [ 15.875, 12, 16, 12.125 ], "texture": "#1000lb-gp-bomb" },
				"east": { "uv": [ 16, 12.125, 15.875, 12.25 ], "texture": "#1000lb-gp-bomb" }
			}
		},
		{
			"__comment": "Voxels",
			"from": [ 6, 11, 19 ],
			"to": [ 11, 12, 20 ],
			"faces": {
				"down": { "uv": [ 3.625, 4, 4.25, 4.125 ], "texture": "#1000lb-gp-bomb" },
				"up": { "uv": [ 3.625, 4, 4.25, 3.875 ], "texture": "#1000lb-gp-bomb" },
				"north": { "uv": [ 4.25, 3.75, 3.625, 3.875 ], "texture": "#1000lb-gp-bomb" },
				"south": { "uv": [ 3.625, 3.625, 4.25, 3.75 ], "texture": "#1000lb-gp-bomb" },
				"west": { "uv": [ 3.5, 8.125, 3.625, 8.25 ], "texture": "#1000lb-gp-bomb" },
				"east": { "uv": [ 16, 15, 15.875, 15.125 ], "texture": "#1000lb-gp-bomb" }
			}
		},
		{
			"__comment": "Voxels",
			"from": [ 6, 12, -10 ],
			"to": [ 11, 13, -9 ],
			"faces": {
				"down": { "uv": [ 3.625, 3.5, 4.25, 3.625 ], "texture": "#1000lb-gp-bomb" },
				"up": { "uv": [ 3.625, 3.5, 4.25, 3.375 ], "texture": "#1000lb-gp-bomb" },
				"north": { "uv": [ 4.25, 3.25, 3.625, 3.375 ], "texture": "#1000lb-gp-bomb" },
				"south": { "uv": [ 3.625, 3.125, 4.25, 3.25 ], "texture": "#1000lb-gp-bomb" },
				"west": { "uv": [ 4.625, 6.75, 4.75, 6.875 ], "texture": "#1000lb-gp-bomb" },
				"east": { "uv": [ 4.75, 7.375, 4.625, 7.5 ], "texture": "#1000lb-gp-bomb" }
			}
		},
		{
			"__comment": "Voxels",
			"from": [ 6, 12, 16 ],
			"to": [ 11, 13, 18 ],
			"faces": {
				"down": { "uv": [ 7.25, 12.125, 7.875, 12.375 ], "texture": "#1000lb-gp-bomb" },
				"up": { "uv": [ 12.25, 12.375, 12.875, 12.125 ], "texture": "#1000lb-gp-bomb" },
				"north": { "uv": [ 4.25, 3, 3.625, 3.125 ], "texture": "#1000lb-gp-bomb" },
				"south": { "uv": [ 3.625, 2.875, 4.25, 3 ], "texture": "#1000lb-gp-bomb" },
				"west": { "uv": [ 4.25, 7.25, 4.5, 7.375 ], "texture": "#1000lb-gp-bomb" },
				"east": { "uv": [ 4.5, 7.125, 4.25, 7.25 ], "texture": "#1000lb-gp-bomb" }
			}
		},
		{
			"__comment": "Voxels",
			"from": [ 6, 13, -7 ],
			"to": [ 11, 14, -6 ],
			"faces": {
				"down": { "uv": [ 3.625, 2.75, 4.25, 2.875 ], "texture": "#1000lb-gp-bomb" },
				"up": { "uv": [ 3.625, 2.75, 4.25, 2.625 ], "texture": "#1000lb-gp-bomb" },
				"north": { "uv": [ 4.25, 2.5, 3.625, 2.625 ], "texture": "#1000lb-gp-bomb" },
				"south": { "uv": [ 3.625, 2.375, 4.25, 2.5 ], "texture": "#1000lb-gp-bomb" },
				"west": { "uv": [ 4.625, 7.5, 4.75, 7.625 ], "texture": "#1000lb-gp-bomb" },
				"east": { "uv": [ 4.75, 7.625, 4.625, 7.75 ], "texture": "#1000lb-gp-bomb" }
			}
		},
		{
			"__comment": "Voxels",
			"from": [ 6, 13, 14 ],
			"to": [ 11, 14, 15 ],
			"faces": {
				"down": { "uv": [ 3.625, 2.25, 4.25, 2.375 ], "texture": "#1000lb-gp-bomb" },
				"up": { "uv": [ 3.625, 2.25, 4.25, 2.125 ], "texture": "#1000lb-gp-bomb" },
				"north": { "uv": [ 4.25, 2, 3.625, 2.125 ], "texture": "#1000lb-gp-bomb" },
				"south": { "uv": [ 3.625, 1.875, 4.25, 2 ], "texture": "#1000lb-gp-bomb" },
				"west": { "uv": [ 4.625, 8.75, 4.75, 8.875 ], "texture": "#1000lb-gp-bomb" },
				"east": { "uv": [ 4.75, 8.875, 4.625, 9 ], "texture": "#1000lb-gp-bomb" }
			}
		},
		{
			"__comment": "Voxels",
			"from": [ 6, 14, 26 ],
			"to": [ 11, 15, 30 ],
			"faces": {
				"down": { "uv": [ 2.75, 5, 3.375, 5.5 ], "texture": "#1000lb-gp-bomb" },
				"up": { "uv": [ 2.75, 5, 3.375, 4.5 ], "texture": "#1000lb-gp-bomb" },
				"north": { "uv": [ 4.25, 1.75, 3.625, 1.875 ], "texture": "#1000lb-gp-bomb" },
				"south": { "uv": [ 3.625, 1.625, 4.25, 1.75 ], "texture": "#1000lb-gp-bomb" },
				"west": { "uv": [ 8, 11.375, 8.5, 11.5 ], "texture": "#1000lb-gp-bomb" },
				"east": { "uv": [ 9, 11.375, 8.5, 11.5 ], "texture": "#1000lb-gp-bomb" }
			}
		},
		{
			"__comment": "Voxels",
			"from": [ 7, 2, -7 ],
			"to": [ 10, 3, 14 ],
			"faces": {
				"down": { "uv": [ 2.75, 8.125, 3.125, 10.75 ], "texture": "#1000lb-gp-bomb" },
				"up": { "uv": [ 3.125, 10.75, 3.5, 8.125 ], "texture": "#1000lb-gp-bomb" },
				"north": { "uv": [ 15.125, 11.25, 14.75, 11.375 ], "texture": "#1000lb-gp-bomb" },
				"south": { "uv": [ 15.125, 11.25, 15.5, 11.375 ], "texture": "#1000lb-gp-bomb" },
				"west": { "uv": [ 6.375, 13.125, 9, 13.25 ], "texture": "#1000lb-gp-bomb" },
				"east": { "uv": [ 9, 13, 6.375, 13.125 ], "texture": "#1000lb-gp-bomb" }
			}
		},
		{
			"__comment": "Voxels",
			"from": [ 7, 3, -10 ],
			"to": [ 10, 4, -9 ],
			"faces": {
				"down": { "uv": [ 5, 11.125, 5.375, 11.25 ], "texture": "#1000lb-gp-bomb" },
				"up": { "uv": [ 5.375, 11.25, 5.75, 11.125 ], "texture": "#1000lb-gp-bomb" },
				"north": { "uv": [ 6.125, 11.125, 5.75, 11.25 ], "texture": "#1000lb-gp-bomb" },
				"south": { "uv": [ 6.125, 11.125, 6.5, 11.25 ], "texture": "#1000lb-gp-bomb" },
				"west": { "uv": [ 15, 11.125, 15.125, 11.25 ], "texture": "#1000lb-gp-bomb" },
				"east": { "uv": [ 14.5, 11.125, 14.375, 11.25 ], "texture": "#1000lb-gp-bomb" }
			}
		},
		{
			"__comment": "Voxels",
			"from": [ 7, 3, 16 ],
			"to": [ 10, 4, 17 ],
			"faces": {
				"down": { "uv": [ 12.875, 11.125, 13.25, 11.25 ], "texture": "#1000lb-gp-bomb" },
				"up": { "uv": [ 7.625, 11.25, 8, 11.125 ], "texture": "#1000lb-gp-bomb" },
				"north": { "uv": [ 8.375, 11.125, 8, 11.25 ], "texture": "#1000lb-gp-bomb" },
				"south": { "uv": [ 4.125, 0.625, 4.5, 0.75 ], "texture": "#1000lb-gp-bomb" },
				"west": { "uv": [ 14.25, 11.125, 14.375, 11.25 ], "texture": "#1000lb-gp-bomb" },
				"east": { "uv": [ 13.375, 11.125, 13.25, 11.25 ], "texture": "#1000lb-gp-bomb" }
			}
		},
		{
			"__comment": "Voxels",
			"from": [ 7, 4, -12 ],
			"to": [ 10, 5, -11 ],
			"faces": {
				"down": { "uv": [ 7.25, 11.25, 7.625, 11.375 ], "texture": "#1000lb-gp-bomb" },
				"up": { "uv": [ 8, 11.375, 8.375, 11.25 ], "texture": "#1000lb-gp-bomb" },
				"north": { "uv": [ 8.75, 11.25, 8.375, 11.375 ], "texture": "#1000lb-gp-bomb" },
				"south": { "uv": [ 13.625, 11.25, 14, 11.375 ], "texture": "#1000lb-gp-bomb" },
				"west": { "uv": [ 15.875, 11.25, 16, 11.375 ], "texture": "#1000lb-gp-bomb" },
				"east": { "uv": [ 4.5, 2.25, 4.375, 2.375 ], "texture": "#1000lb-gp-bomb" }
			}
		},
		{
			"__comment": "Voxels",
			"from": [ 7, 4, 19 ],
			"to": [ 10, 5, 20 ],
			"faces": {
				"down": { "uv": [ 9.5, 11.125, 9.875, 11.25 ], "texture": "#1000lb-gp-bomb" },
				"up": { "uv": [ 9.875, 11.25, 10.25, 11.125 ], "texture": "#1000lb-gp-bomb" },
				"north": { "uv": [ 10.625, 11.125, 10.25, 11.25 ], "texture": "#1000lb-gp-bomb" },
				"south": { "uv": [ 10.625, 11.125, 11, 11.25 ], "texture": "#1000lb-gp-bomb" },
				"west": { "uv": [ 4.375, 2.375, 4.5, 2.5 ], "texture": "#1000lb-gp-bomb" },
				"east": { "uv": [ 4.5, 3.375, 4.375, 3.5 ], "texture": "#1000lb-gp-bomb" }
			}
		},
		{
			"__comment": "Voxels",
			"from": [ 7, 5, -13 ],
			"to": [ 10, 6, -12 ],
			"faces": {
				"down": { "uv": [ 11.75, 11.125, 12.125, 11.25 ], "texture": "#1000lb-gp-bomb" },
				"up": { "uv": [ 4.125, 1.375, 4.5, 1.25 ], "texture": "#1000lb-gp-bomb" },
				"north": { "uv": [ 4.5, 1.125, 4.125, 1.25 ], "texture": "#1000lb-gp-bomb" },
				"south": { "uv": [ 4.125, 1, 4.5, 1.125 ], "texture": "#1000lb-gp-bomb" },
				"west": { "uv": [ 4.25, 3.375, 4.375, 3.5 ], "texture": "#1000lb-gp-bomb" },
				"east": { "uv": [ 4.75, 8.125, 4.625, 8.25 ], "texture": "#1000lb-gp-bomb" }
			}
		},
		{
			"__comment": "Voxels",
			"from": [ 7, 5, 22 ],
			"to": [ 10, 6, 23 ],
			"faces": {
				"down": { "uv": [ 4.125, 0.25, 4.5, 0.375 ], "texture": "#1000lb-gp-bomb" },
				"up": { "uv": [ 13.75, 11.5, 14.125, 11.375 ], "texture": "#1000lb-gp-bomb" },
				"north": { "uv": [ 14.5, 11.375, 14.125, 11.5 ], "texture": "#1000lb-gp-bomb" },
				"south": { "uv": [ 6.125, 11.25, 6.5, 11.375 ], "texture": "#1000lb-gp-bomb" },
				"west": { "uv": [ 4.625, 8.25, 4.75, 8.375 ], "texture": "#1000lb-gp-bomb" },
				"east": { "uv": [ 15, 11.125, 14.875, 11.25 ], "texture": "#1000lb-gp-bomb" }
			}
		},
		{
			"__comment": "Voxels",
			"from": [ 7, 6, -14 ],
			"to": [ 10, 7, -13 ],
			"faces": {
				"down": { "uv": [ 7.625, 11.25, 8, 11.375 ], "texture": "#1000lb-gp-bomb" },
				"up": { "uv": [ 11, 11.375, 11.375, 11.25 ], "texture": "#1000lb-gp-bomb" },
				"north": { "uv": [ 11.75, 11.25, 11.375, 11.375 ], "texture": "#1000lb-gp-bomb" },
				"south": { "uv": [ 12.875, 11.25, 13.25, 11.375 ], "texture": "#1000lb-gp-bomb" },
				"west": { "uv": [ 14.5, 11.125, 14.625, 11.25 ], "texture": "#1000lb-gp-bomb" },
				"east": { "uv": [ 4.5, 3.5, 4.375, 3.625 ], "texture": "#1000lb-gp-bomb" }
			}
		},
		{
			"__comment": "Voxels",
			"from": [ 7, 6, 24 ],
			"to": [ 10, 7, 26 ],
			"faces": {
				"down": { "uv": [ 4, 8.25, 4.375, 8.5 ], "texture": "#1000lb-gp-bomb" },
				"up": { "uv": [ 3.25, 3.125, 3.625, 2.875 ], "texture": "#1000lb-gp-bomb" },
				"north": { "uv": [ 15.875, 11.25, 15.5, 11.375 ], "texture": "#1000lb-gp-bomb" },
				"south": { "uv": [ 13.25, 11.25, 13.625, 11.375 ], "texture": "#1000lb-gp-bomb" },
				"west": { "uv": [ 4.25, 6.75, 4.5, 6.875 ], "texture": "#1000lb-gp-bomb" },
				"east": { "uv": [ 4.5, 5.75, 4.25, 5.875 ], "texture": "#1000lb-gp-bomb" }
			}
		},
		{
			"__comment": "Voxels",
			"from": [ 7, 7, 26 ],
			"to": [ 10, 8, 28 ],
			"faces": {
				"down": { "uv": [ 12.875, 14.75, 13.25, 15 ], "texture": "#1000lb-gp-bomb" },
				"up": { "uv": [ 3.625, 8.5, 4, 8.25 ], "texture": "#1000lb-gp-bomb" },
				"north": { "uv": [ 6.875, 11.25, 6.5, 11.375 ], "texture": "#1000lb-gp-bomb" },
				"south": { "uv": [ 4.125, 0.375, 4.5, 0.5 ], "texture": "#1000lb-gp-bomb" },
				"west": { "uv": [ 4.25, 6.625, 4.5, 6.75 ], "texture": "#1000lb-gp-bomb" },
				"east": { "uv": [ 4.5, 6.5, 4.25, 6.625 ], "texture": "#1000lb-gp-bomb" }
			}
		},
		{
			"__comment": "Voxels",
			"from": [ 7, 8, -15 ],
			"to": [ 10, 9, -14 ],
			"faces": {
				"down": { "uv": [ 4.125, 0.875, 4.5, 1 ], "texture": "#1000lb-gp-bomb" },
				"up": { "uv": [ 11.375, 11.25, 11.75, 11.125 ], "texture": "#1000lb-gp-bomb" },
				"north": { "uv": [ 11.375, 11.125, 11, 11.25 ], "texture": "#1000lb-gp-bomb" },
				"south": { "uv": [ 9.125, 11.125, 9.5, 11.25 ], "texture": "#1000lb-gp-bomb" },
				"west": { "uv": [ 4.5, 0.125, 4.625, 0.25 ], "texture": "#1000lb-gp-bomb" },
				"east": { "uv": [ 4.625, 0, 4.5, 0.125 ], "texture": "#1000lb-gp-bomb" }
			}
		},
		{
			"__comment": "Voxels",
			"from": [ 7, 9, 25 ],
			"to": [ 10, 10, 27 ],
			"faces": {
				"down": { "uv": [ 3.25, 2.25, 3.625, 2.5 ], "texture": "#1000lb-gp-bomb" },
				"up": { "uv": [ 12.75, 13.875, 13.125, 13.625 ], "texture": "#1000lb-gp-bomb" },
				"north": { "uv": [ 4.5, 0.5, 4.125, 0.625 ], "texture": "#1000lb-gp-bomb" },
				"south": { "uv": [ 6.875, 11.125, 7.25, 11.25 ], "texture": "#1000lb-gp-bomb" },
				"west": { "uv": [ 4.25, 6.375, 4.5, 6.5 ], "texture": "#1000lb-gp-bomb" },
				"east": { "uv": [ 4.5, 6.25, 4.25, 6.375 ], "texture": "#1000lb-gp-bomb" }
			}
		},
		{
			"__comment": "Voxels",
			"from": [ 7, 10, 23 ],
			"to": [ 10, 11, 24 ],
			"faces": {
				"down": { "uv": [ 6.5, 11.125, 6.875, 11.25 ], "texture": "#1000lb-gp-bomb" },
				"up": { "uv": [ 14.375, 11.375, 14.75, 11.25 ], "texture": "#1000lb-gp-bomb" },
				"north": { "uv": [ 14.375, 11.25, 14, 11.375 ], "texture": "#1000lb-gp-bomb" },
				"south": { "uv": [ 12.5, 11.25, 12.875, 11.375 ], "texture": "#1000lb-gp-bomb" },
				"west": { "uv": [ 4.625, 9.5, 4.75, 9.625 ], "texture": "#1000lb-gp-bomb" },
				"east": { "uv": [ 4.75, 9.125, 4.625, 9.25 ], "texture": "#1000lb-gp-bomb" }
			}
		},
		{
			"__comment": "Voxels",
			"from": [ 7, 11, 20 ],
			"to": [ 10, 12, 22 ],
			"faces": {
				"down": { "uv": [ 12.875, 14.5, 13.25, 14.75 ], "texture": "#1000lb-gp-bomb" },
				"up": { "uv": [ 3.625, 8.25, 4, 8 ], "texture": "#1000lb-gp-bomb" },
				"north": { "uv": [ 12.125, 11.25, 11.75, 11.375 ], "texture": "#1000lb-gp-bomb" },
				"south": { "uv": [ 10.625, 11.25, 11, 11.375 ], "texture": "#1000lb-gp-bomb" },
				"west": { "uv": [ 4.25, 6.125, 4.5, 6.25 ], "texture": "#1000lb-gp-bomb" },
				"east": { "uv": [ 4.5, 6, 4.25, 6.125 ], "texture": "#1000lb-gp-bomb" }
			}
		},
		{
			"__comment": "Voxels",
			"from": [ 7, 12, -11 ],
			"to": [ 10, 13, -10 ],
			"faces": {
				"down": { "uv": [ 10.25, 11.25, 10.625, 11.375 ], "texture": "#1000lb-gp-bomb" },
				"up": { "uv": [ 9.875, 11.375, 10.25, 11.25 ], "texture": "#1000lb-gp-bomb" },
				"north": { "uv": [ 9.875, 11.25, 9.5, 11.375 ], "texture": "#1000lb-gp-bomb" },
				"south": { "uv": [ 5.75, 11.25, 6.125, 11.375 ], "texture": "#1000lb-gp-bomb" },
				"west": { "uv": [ 4.625, 7.25, 4.75, 7.375 ], "texture": "#1000lb-gp-bomb" },
				"east": { "uv": [ 4.75, 6.875, 4.625, 7 ], "texture": "#1000lb-gp-bomb" }
			}
		},
		{
			"__comment": "Voxels",
			"from": [ 7, 12, 18 ],
			"to": [ 10, 13, 19 ],
			"faces": {
				"down": { "uv": [ 5.375, 11.25, 5.75, 11.375 ], "texture": "#1000lb-gp-bomb" },
				"up": { "uv": [ 4.625, 11.25, 5, 11.125 ], "texture": "#1000lb-gp-bomb" },
				"north": { "uv": [ 5.375, 11.25, 5, 11.375 ], "texture": "#1000lb-gp-bomb" },
				"south": { "uv": [ 4.625, 11.25, 5, 11.375 ], "texture": "#1000lb-gp-bomb" },
				"west": { "uv": [ 4.625, 6.25, 4.75, 6.375 ], "texture": "#1000lb-gp-bomb" },
				"east": { "uv": [ 4.75, 6.125, 4.625, 6.25 ], "texture": "#1000lb-gp-bomb" }
			}
		},
		{
			"__comment": "Voxels",
			"from": [ 7, 13, -8 ],
			"to": [ 10, 14, -7 ],
			"faces": {
				"down": { "uv": [ 15.625, 11.375, 16, 11.5 ], "texture": "#1000lb-gp-bomb" },
				"up": { "uv": [ 15.25, 11.5, 15.625, 11.375 ], "texture": "#1000lb-gp-bomb" },
				"north": { "uv": [ 15.25, 11.375, 14.875, 11.5 ], "texture": "#1000lb-gp-bomb" },
				"south": { "uv": [ 14.5, 11.375, 14.875, 11.5 ], "texture": "#1000lb-gp-bomb" },
				"west": { "uv": [ 15.875, 12.875, 16, 13 ], "texture": "#1000lb-gp-bomb" },
				"east": { "uv": [ 16, 12.25, 15.875, 12.375 ], "texture": "#1000lb-gp-bomb" }
			}
		},
		{
			"__comment": "Voxels",
			"from": [ 7, 13, 15 ],
			"to": [ 10, 14, 16 ],
			"faces": {
				"down": { "uv": [ 13.375, 11.375, 13.75, 11.5 ], "texture": "#1000lb-gp-bomb" },
				"up": { "uv": [ 13, 11.5, 13.375, 11.375 ], "texture": "#1000lb-gp-bomb" },
				"north": { "uv": [ 4.5, 0, 4.125, 0.125 ], "texture": "#1000lb-gp-bomb" },
				"south": { "uv": [ 4.125, 0.125, 4.5, 0.25 ], "texture": "#1000lb-gp-bomb" },
				"west": { "uv": [ 4.25, 4.125, 4.375, 4.25 ], "texture": "#1000lb-gp-bomb" },
				"east": { "uv": [ 4.5, 4.125, 4.375, 4.25 ], "texture": "#1000lb-gp-bomb" }
			}
		},
		{
			"__comment": "Voxels",
			"from": [ 8, 3, 25 ],
			"to": [ 9, 6, 29 ],
			"faces": {
				"down": { "uv": [ 3.5, 5, 3.625, 5.5 ], "texture": "#1000lb-gp-bomb" },
				"up": { "uv": [ 3.375, 5.5, 3.5, 5 ], "texture": "#1000lb-gp-bomb" },
				"north": { "uv": [ 2.75, 0.25, 2.625, 0.625 ], "texture": "#1000lb-gp-bomb" },
				"south": { "uv": [ 2.5, 0.25, 2.625, 0.625 ], "texture": "#1000lb-gp-bomb" },
				"west": { "uv": [ 3.625, 12, 4.125, 12.375 ], "texture": "#1000lb-gp-bomb" },
				"east": { "uv": [ 4.625, 12, 4.125, 12.375 ], "texture": "#1000lb-gp-bomb" }
			}
		},
		{
			"__comment": "Voxels",
			"from": [ 8, 4, 24 ],
			"to": [ 9, 6, 25 ],
			"faces": {
				"down": { "uv": [ 4.25, 3.625, 4.375, 3.75 ], "texture": "#1000lb-gp-bomb" },
				"up": { "uv": [ 4.375, 3.75, 4.5, 3.625 ], "texture": "#1000lb-gp-bomb" },
				"north": { "uv": [ 4.5, 8.25, 4.375, 8.5 ], "texture": "#1000lb-gp-bomb" },
				"south": { "uv": [ 4.5, 6.75, 4.625, 7 ], "texture": "#1000lb-gp-bomb" },
				"west": { "uv": [ 4.5, 6.5, 4.625, 6.75 ], "texture": "#1000lb-gp-bomb" },
				"east": { "uv": [ 4.625, 6.25, 4.5, 6.5 ], "texture": "#1000lb-gp-bomb" }
			}
		},
		{
			"__comment": "Voxels",
			"from": [ 8, 5, 23 ],
			"to": [ 9, 6, 24 ],
			"faces": {
				"down": { "uv": [ 4.25, 3.25, 4.375, 3.375 ], "texture": "#1000lb-gp-bomb" },
				"up": { "uv": [ 4.375, 3.375, 4.5, 3.25 ], "texture": "#1000lb-gp-bomb" },
				"north": { "uv": [ 4.375, 3.125, 4.25, 3.25 ], "texture": "#1000lb-gp-bomb" },
				"south": { "uv": [ 4.375, 3.125, 4.5, 3.25 ], "texture": "#1000lb-gp-bomb" },
				"west": { "uv": [ 4.25, 3, 4.375, 3.125 ], "texture": "#1000lb-gp-bomb" },
				"east": { "uv": [ 4.5, 3, 4.375, 3.125 ], "texture": "#1000lb-gp-bomb" }
			}
		},
		{
			"__comment": "Voxels",
			"from": [ 8, 6, 26 ],
			"to": [ 9, 7, 29 ],
			"faces": {
				"down": { "uv": [ 1.5, 0.25, 1.625, 0.625 ], "texture": "#1000lb-gp-bomb" },
				"up": { "uv": [ 1.375, 0.625, 1.5, 0.25 ], "texture": "#1000lb-gp-bomb" },
				"north": { "uv": [ 4.375, 2.75, 4.25, 2.875 ], "texture": "#1000lb-gp-bomb" },
				"south": { "uv": [ 4.375, 2.75, 4.5, 2.875 ], "texture": "#1000lb-gp-bomb" },
				"west": { "uv": [ 4.125, 1.375, 4.5, 1.5 ], "texture": "#1000lb-gp-bomb" },
				"east": { "uv": [ 4.5, 1.5, 4.125, 1.625 ], "texture": "#1000lb-gp-bomb" }
			}
		},
		{
			"__comment": "Voxels",
			"from": [ 8, 7, -15 ],
			"to": [ 9, 8, -14 ],
			"faces": {
				"down": { "uv": [ 4.25, 2.5, 4.375, 2.625 ], "texture": "#1000lb-gp-bomb" },
				"up": { "uv": [ 4.375, 2.625, 4.5, 2.5 ], "texture": "#1000lb-gp-bomb" },
				"north": { "uv": [ 4.375, 2.375, 4.25, 2.5 ], "texture": "#1000lb-gp-bomb" },
				"south": { "uv": [ 15.625, 11.125, 15.75, 11.25 ], "texture": "#1000lb-gp-bomb" },
				"west": { "uv": [ 4.25, 2.25, 4.375, 2.375 ], "texture": "#1000lb-gp-bomb" },
				"east": { "uv": [ 4.75, 6, 4.625, 6.125 ], "texture": "#1000lb-gp-bomb" }
			}
		},
		{
			"__comment": "Voxels",
			"from": [ 8, 7, 28 ],
			"to": [ 9, 8, 29 ],
			"faces": {
				"down": { "uv": [ 4.25, 2.125, 4.375, 2.25 ], "texture": "#1000lb-gp-bomb" },
				"up": { "uv": [ 4.375, 2.25, 4.5, 2.125 ], "texture": "#1000lb-gp-bomb" },
				"north": { "uv": [ 4.375, 2, 4.25, 2.125 ], "texture": "#1000lb-gp-bomb" },
				"south": { "uv": [ 4.375, 2, 4.5, 2.125 ], "texture": "#1000lb-gp-bomb" },
				"west": { "uv": [ 4.25, 1.875, 4.375, 2 ], "texture": "#1000lb-gp-bomb" },
				"east": { "uv": [ 4.5, 1.875, 4.375, 2 ], "texture": "#1000lb-gp-bomb" }
			}
		},
		{
			"__comment": "Voxels",
			"from": [ 8, 8, -16 ],
			"to": [ 9, 9, -15 ],
			"faces": {
				"down": { "uv": [ 4.25, 1.75, 4.375, 1.875 ], "texture": "#1000lb-gp-bomb" },
				"up": { "uv": [ 4.375, 1.875, 4.5, 1.75 ], "texture": "#1000lb-gp-bomb" },
				"north": { "uv": [ 4.375, 1.625, 4.25, 1.75 ], "texture": "#1000lb-gp-bomb" },
				"south": { "uv": [ 4.375, 1.625, 4.5, 1.75 ], "texture": "#1000lb-gp-bomb" },
				"west": { "uv": [ 4.5, 1.125, 4.625, 1.25 ], "texture": "#1000lb-gp-bomb" },
				"east": { "uv": [ 4.625, 1, 4.5, 1.125 ], "texture": "#1000lb-gp-bomb" }
			}
		},
		{
			"__comment": "Voxels",
			"from": [ 8, 9, -15 ],
			"to": [ 9, 10, -14 ],
			"faces": {
				"down": { "uv": [ 4.5, 0.875, 4.625, 1 ], "texture": "#1000lb-gp-bomb" },
				"up": { "uv": [ 4.5, 0.875, 4.625, 0.75 ], "texture": "#1000lb-gp-bomb" },
				"north": { "uv": [ 4.625, 0.625, 4.5, 0.75 ], "texture": "#1000lb-gp-bomb" },
				"south": { "uv": [ 4.5, 0.5, 4.625, 0.625 ], "texture": "#1000lb-gp-bomb" },
				"west": { "uv": [ 4.5, 0.375, 4.625, 0.5 ], "texture": "#1000lb-gp-bomb" },
				"east": { "uv": [ 4.625, 0.25, 4.5, 0.375 ], "texture": "#1000lb-gp-bomb" }
			}
		},
		{
			"__comment": "Voxels",
			"from": [ 8, 9, 27 ],
			"to": [ 9, 14, 29 ],
			"faces": {
				"down": { "uv": [ 4.5, 6, 4.625, 6.25 ], "texture": "#1000lb-gp-bomb" },
				"up": { "uv": [ 4.5, 6, 4.625, 5.75 ], "texture": "#1000lb-gp-bomb" },
				"north": { "uv": [ 2.625, 4.875, 2.5, 5.5 ], "texture": "#1000lb-gp-bomb" },
				"south": { "uv": [ 2.625, 4.875, 2.75, 5.5 ], "texture": "#1000lb-gp-bomb" },
				"west": { "uv": [ 1.375, 4.5, 1.625, 5.125 ], "texture": "#1000lb-gp-bomb" },
				"east": { "uv": [ 1.625, 5.125, 1.375, 5.75 ], "texture": "#1000lb-gp-bomb" }
			}
		},
		{
			"__comment": "Voxels",
			"from": [ 8, 10, 24 ],
			"to": [ 9, 13, 27 ],
			"faces": {
				"down": { "uv": [ 15.875, 15.125, 16, 15.5 ], "texture": "#1000lb-gp-bomb" },
				"up": { "uv": [ 4.5, 7.375, 4.625, 7 ], "texture": "#1000lb-gp-bomb" },
				"north": { "uv": [ 4.625, 7.375, 4.5, 7.75 ], "texture": "#1000lb-gp-bomb" },
				"south": { "uv": [ 3.5, 1.5, 3.625, 1.875 ], "texture": "#1000lb-gp-bomb" },
				"west": { "uv": [ 3.25, 2.5, 3.625, 2.875 ], "texture": "#1000lb-gp-bomb" },
				"east": { "uv": [ 3.625, 3.125, 3.25, 3.5 ], "texture": "#1000lb-gp-bomb" }
			}
		},
		{
			"__comment": "Voxels",
			"from": [ 8, 11, 22 ],
			"to": [ 9, 12, 24 ],
			"faces": {
				"down": { "uv": [ 4.5, 5, 4.625, 5.25 ], "texture": "#1000lb-gp-bomb" },
				"up": { "uv": [ 4.5, 5, 4.625, 4.75 ], "texture": "#1000lb-gp-bomb" },
				"north": { "uv": [ 14.75, 11.125, 14.625, 11.25 ], "texture": "#1000lb-gp-bomb" },
				"south": { "uv": [ 14.75, 11.125, 14.875, 11.25 ], "texture": "#1000lb-gp-bomb" },
				"west": { "uv": [ 4.25, 5.5, 4.5, 5.625 ], "texture": "#1000lb-gp-bomb" },
				"east": { "uv": [ 4.5, 5.375, 4.25, 5.5 ], "texture": "#1000lb-gp-bomb" }
			}
		},
		{
			"__comment": "Voxels",
			"from": [ 8, 13, 25 ],
			"to": [ 9, 14, 27 ],
			"faces": {
				"down": { "uv": [ 4.5, 4.5, 4.625, 4.75 ], "texture": "#1000lb-gp-bomb" },
				"up": { "uv": [ 4.5, 4.5, 4.625, 4.25 ], "texture": "#1000lb-gp-bomb" },
				"north": { "uv": [ 15.5, 11.125, 15.375, 11.25 ], "texture": "#1000lb-gp-bomb" },
				"south": { "uv": [ 15.5, 11.125, 15.625, 11.25 ], "texture": "#1000lb-gp-bomb" },
				"west": { "uv": [ 4.25, 5.875, 4.5, 6 ], "texture": "#1000lb-gp-bomb" },
				"east": { "uv": [ 4.5, 5.25, 4.25, 5.375 ], "texture": "#1000lb-gp-bomb" }
			}
		},
		{
			"__comment": "Voxels",
			"from": [ 11, 3, 26 ],
			"to": [ 12, 4, 30 ],
			"faces": {
				"down": { "uv": [ 3.5, 9.75, 3.625, 10.25 ], "texture": "#1000lb-gp-bomb" },
				"up": { "uv": [ 15.75, 14.625, 15.875, 14.125 ], "texture": "#1000lb-gp-bomb" },
				"north": { "uv": [ 4.75, 10.875, 4.625, 11 ], "texture": "#1000lb-gp-bomb" },
				"south": { "uv": [ 4.625, 10.75, 4.75, 10.875 ], "texture": "#1000lb-gp-bomb" },
				"west": { "uv": [ 3.625, 0.125, 4.125, 0.25 ], "texture": "#1000lb-gp-bomb" },
				"east": { "uv": [ 4.125, 0.5, 3.625, 0.625 ], "texture": "#1000lb-gp-bomb" }
			}
		},
		{
			"__comment": "Voxels",
			"from": [ 11, 13, 26 ],
			"to": [ 12, 14, 30 ],
			"faces": {
				"down": { "uv": [ 10.375, 14, 10.5, 14.5 ], "texture": "#1000lb-gp-bomb" },
				"up": { "uv": [ 2.5, 1.125, 2.625, 0.625 ], "texture": "#1000lb-gp-bomb" },
				"north": { "uv": [ 4.75, 10.125, 4.625, 10.25 ], "texture": "#1000lb-gp-bomb" },
				"south": { "uv": [ 4.625, 10, 4.75, 10.125 ], "texture": "#1000lb-gp-bomb" },
				"west": { "uv": [ 3.625, 0.625, 4.125, 0.75 ], "texture": "#1000lb-gp-bomb" },
				"east": { "uv": [ 4.5, 8.125, 4, 8.25 ], "texture": "#1000lb-gp-bomb" }
			}
		},
		{
			"__comment": "Voxels",
			"from": [ 12, 4, 26 ],
			"to": [ 13, 5, 30 ],
			"faces": {
				"down": { "uv": [ 2.625, 2.625, 2.75, 3.125 ], "texture": "#1000lb-gp-bomb" },
				"up": { "uv": [ 3.5, 4.5, 3.625, 4 ], "texture": "#1000lb-gp-bomb" },
				"north": { "uv": [ 4.75, 9.375, 4.625, 9.5 ], "texture": "#1000lb-gp-bomb" },
				"south": { "uv": [ 4.625, 9.25, 4.75, 9.375 ], "texture": "#1000lb-gp-bomb" },
				"west": { "uv": [ 9, 11.375, 9.5, 11.5 ], "texture": "#1000lb-gp-bomb" },
				"east": { "uv": [ 10, 11.375, 9.5, 11.5 ], "texture": "#1000lb-gp-bomb" }
			}
		},
		{
			"__comment": "Voxels",
			"from": [ 12, 12, 26 ],
			"to": [ 13, 13, 30 ],
			"faces": {
				"down": { "uv": [ 3.375, 3.5, 3.5, 4 ], "texture": "#1000lb-gp-bomb" },
				"up": { "uv": [ 3.5, 4, 3.625, 3.5 ], "texture": "#1000lb-gp-bomb" },
				"north": { "uv": [ 4.75, 8.625, 4.625, 8.75 ], "texture": "#1000lb-gp-bomb" },
				"south": { "uv": [ 4.625, 8.5, 4.75, 8.625 ], "texture": "#1000lb-gp-bomb" },
				"west": { "uv": [ 10, 11.375, 10.5, 11.5 ], "texture": "#1000lb-gp-bomb" },
				"east": { "uv": [ 11, 11.375, 10.5, 11.5 ], "texture": "#1000lb-gp-bomb" }
			}
		},
		{
			"__comment": "Voxels",
			"from": [ 13, 5, 26 ],
			"to": [ 14, 6, 30 ],
			"faces": {
				"down": { "uv": [ 4.5, 10.875, 4.625, 11.375 ], "texture": "#1000lb-gp-bomb" },
				"up": { "uv": [ 4.5, 10.875, 4.625, 10.375 ], "texture": "#1000lb-gp-bomb" },
				"north": { "uv": [ 4.75, 7.875, 4.625, 8 ], "texture": "#1000lb-gp-bomb" },
				"south": { "uv": [ 4.625, 7.75, 4.75, 7.875 ], "texture": "#1000lb-gp-bomb" },
				"west": { "uv": [ 11, 11.375, 11.5, 11.5 ], "texture": "#1000lb-gp-bomb" },
				"east": { "uv": [ 12, 11.375, 11.5, 11.5 ], "texture": "#1000lb-gp-bomb" }
			}
		},
		{
			"__comment": "Voxels",
			"from": [ 13, 11, 26 ],
			"to": [ 14, 12, 30 ],
			"faces": {
				"down": { "uv": [ 4.5, 9.875, 4.625, 10.375 ], "texture": "#1000lb-gp-bomb" },
				"up": { "uv": [ 4.5, 9.875, 4.625, 9.375 ], "texture": "#1000lb-gp-bomb" },
				"north": { "uv": [ 4.75, 7.125, 4.625, 7.25 ], "texture": "#1000lb-gp-bomb" },
				"south": { "uv": [ 4.625, 7, 4.75, 7.125 ], "texture": "#1000lb-gp-bomb" },
				"west": { "uv": [ 12, 11.375, 12.5, 11.5 ], "texture": "#1000lb-gp-bomb" },
				"east": { "uv": [ 13, 11.375, 12.5, 11.5 ], "texture": "#1000lb-gp-bomb" }
			}
		},
		{
			"__comment": "Voxels",
			"from": [ 14, 6, 26 ],
			"to": [ 15, 11, 30 ],
			"faces": {
				"down": { "uv": [ 4.5, 8.875, 4.625, 9.375 ], "texture": "#1000lb-gp-bomb" },
				"up": { "uv": [ 3.375, 4.5, 3.5, 4 ], "texture": "#1000lb-gp-bomb" },
				"north": { "uv": [ 2.625, 4.25, 2.5, 4.875 ], "texture": "#1000lb-gp-bomb" },
				"south": { "uv": [ 2.625, 4.25, 2.75, 4.875 ], "texture": "#1000lb-gp-bomb" },
				"west": { "uv": [ 2.75, 2.875, 3.25, 3.5 ], "texture": "#1000lb-gp-bomb" },
				"east": { "uv": [ 3.25, 2.25, 2.75, 2.875 ], "texture": "#1000lb-gp-bomb" }
			}
		}
	],
	"display": {
		"thirdperson_righthand": {
			"translation":  [ 0, -2, 0 ],
			"scale":  [ 0.6146, 0.6146, 0.6146 ]
		},
		"thirdperson_lefthand": {
			"translation":  [ 0, -1.125, 0 ],
			"scale":  [ 0.5976, 0.5976, 0.5976 ]
		}
	}
}