{
	"__comment": "Designed by Uran2471 with Cubik Studio - https://cubik.studio",
	"textures": {
		"particle": "blocks/particle",
		"texture": "blocks/texture",
		"250lb-gp-bomb": "custom/250lb-gp-bomb"
	},
	"elements": [ 	 
		{
			"__comment": "Voxels",
			"from": [ 4, 5, -6 ],
			"to": [ 13, 10, 1 ],
			"faces": {
				"down": { "uv": [ 0.875, 15.125, 2, 16 ], "texture": "#250lb-gp-bomb" },
				"up": { "uv": [ 0.875, 15.125, 2, 14.25 ], "texture": "#250lb-gp-bomb" },
				"north": { "uv": [ 2, 13.625, 0.875, 14.25 ], "texture": "#250lb-gp-bomb" },
				"south": { "uv": [ 0.875, 13, 2, 13.625 ], "texture": "#250lb-gp-bomb" },
				"west": { "uv": [ 2, 10.375, 2.875, 11 ], "texture": "#250lb-gp-bomb" },
				"east": { "uv": [ 2.875, 9.75, 2, 10.375 ], "texture": "#250lb-gp-bomb" }
			}
		},
		{
			"__comment": "Voxels",
			"from": [ 4, 5, 23 ],
			"to": [ 5, 10, 32 ],
			"faces": {
				"down": { "uv": [ 4.625, 8.625, 4.75, 9.75 ], "texture": "#250lb-gp-bomb" },
				"up": { "uv": [ 4.75, 9.75, 4.875, 8.625 ], "texture": "#250lb-gp-bomb" },
				"north": { "uv": [ 4.75, 8, 4.625, 8.625 ], "texture": "#250lb-gp-bomb" },
				"south": { "uv": [ 6.625, 8, 6.75, 8.625 ], "texture": "#250lb-gp-bomb" },
				"west": { "uv": [ 0.875, 12.375, 2, 13 ], "texture": "#250lb-gp-bomb" },
				"east": { "uv": [ 2, 11.75, 0.875, 12.375 ], "texture": "#250lb-gp-bomb" }
			}
		},
		{
			"__comment": "Voxels",
			"from": [ 4, 6, -8 ],
			"to": [ 13, 9, -6 ],
			"faces": {
				"down": { "uv": [ 5.5, 15, 6.625, 15.25 ], "texture": "#250lb-gp-bomb" },
				"up": { "uv": [ 5.5, 14.75, 6.625, 14.5 ], "texture": "#250lb-gp-bomb" },
				"north": { "uv": [ 4, 9.875, 2.875, 10.25 ], "texture": "#250lb-gp-bomb" },
				"south": { "uv": [ 2.875, 10.25, 4, 10.625 ], "texture": "#250lb-gp-bomb" },
				"west": { "uv": [ 2.625, 8.25, 2.875, 8.625 ], "texture": "#250lb-gp-bomb" },
				"east": { "uv": [ 2.875, 8.625, 2.625, 9 ], "texture": "#250lb-gp-bomb" }
			}
		},
		{
			"__comment": "Voxels",
			"from": [ 4, 6, 1 ],
			"to": [ 13, 10, 2 ],
			"faces": {
				"down": { "uv": [ 5.5, 12.5, 6.625, 12.625 ], "texture": "#250lb-gp-bomb" },
				"up": { "uv": [ 5.5, 12.5, 6.625, 12.375 ], "texture": "#250lb-gp-bomb" },
				"north": { "uv": [ 4, 14.5, 2.875, 15 ], "texture": "#250lb-gp-bomb" },
				"south": { "uv": [ 2.875, 14, 4, 14.5 ], "texture": "#250lb-gp-bomb" },
				"west": { "uv": [ 3.75, 11.5, 3.875, 12 ], "texture": "#250lb-gp-bomb" },
				"east": { "uv": [ 4, 12, 3.875, 12.5 ], "texture": "#250lb-gp-bomb" }
			}
		},
		{
			"__comment": "Voxels",
			"from": [ 4, 6, 2 ],
			"to": [ 13, 9, 6 ],
			"faces": {
				"down": { "uv": [ 2.875, 15.5, 4, 16 ], "texture": "#250lb-gp-bomb" },
				"up": { "uv": [ 2.875, 15.5, 4, 15 ], "texture": "#250lb-gp-bomb" },
				"north": { "uv": [ 4, 9.5, 2.875, 9.875 ], "texture": "#250lb-gp-bomb" },
				"south": { "uv": [ 2.875, 10.625, 4, 11 ], "texture": "#250lb-gp-bomb" },
				"west": { "uv": [ 4, 10.625, 4.5, 11 ], "texture": "#250lb-gp-bomb" },
				"east": { "uv": [ 4.5, 11, 4, 11.375 ], "texture": "#250lb-gp-bomb" }
			}
		},
		{
			"__comment": "Voxels",
			"from": [ 4, 7, -9 ],
			"to": [ 13, 9, -8 ],
			"faces": {
				"down": { "uv": [ 5.5, 11.875, 6.625, 12 ], "texture": "#250lb-gp-bomb" },
				"up": { "uv": [ 5.5, 11.875, 6.625, 11.75 ], "texture": "#250lb-gp-bomb" },
				"north": { "uv": [ 6.625, 15.25, 5.5, 15.5 ], "texture": "#250lb-gp-bomb" },
				"south": { "uv": [ 5.5, 14, 6.625, 14.25 ], "texture": "#250lb-gp-bomb" },
				"west": { "uv": [ 7.875, 14.125, 8, 14.375 ], "texture": "#250lb-gp-bomb" },
				"east": { "uv": [ 7.875, 10.875, 7.75, 11.125 ], "texture": "#250lb-gp-bomb" }
			}
		},
		{
			"__comment": "Voxels",
			"from": [ 4, 7, 6 ],
			"to": [ 13, 9, 7 ],
			"faces": {
				"down": { "uv": [ 5.5, 11.625, 6.625, 11.75 ], "texture": "#250lb-gp-bomb" },
				"up": { "uv": [ 5.5, 11.625, 6.625, 11.5 ], "texture": "#250lb-gp-bomb" },
				"north": { "uv": [ 6.625, 14.75, 5.5, 15 ], "texture": "#250lb-gp-bomb" },
				"south": { "uv": [ 5.5, 14.25, 6.625, 14.5 ], "texture": "#250lb-gp-bomb" },
				"west": { "uv": [ 7.625, 10.875, 7.75, 11.125 ], "texture": "#250lb-gp-bomb" },
				"east": { "uv": [ 7.875, 11.125, 7.75, 11.375 ], "texture": "#250lb-gp-bomb" }
			}
		},
		{
			"__comment": "Voxels",
			"from": [ 4, 7, 19 ],
			"to": [ 13, 8, 20 ],
			"faces": {
				"down": { "uv": [ 5.5, 11.375, 6.625, 11.5 ], "texture": "#250lb-gp-bomb" },
				"up": { "uv": [ 5.5, 11.375, 6.625, 11.25 ], "texture": "#250lb-gp-bomb" },
				"north": { "uv": [ 6.625, 11.125, 5.5, 11.25 ], "texture": "#250lb-gp-bomb" },
				"south": { "uv": [ 5.5, 11, 6.625, 11.125 ], "texture": "#250lb-gp-bomb" },
				"west": { "uv": [ 14.25, 15.75, 14.375, 15.875 ], "texture": "#250lb-gp-bomb" },
				"east": { "uv": [ 14.25, 15.75, 14.125, 15.875 ], "texture": "#250lb-gp-bomb" }
			}
		},
		{
			"__comment": "Voxels",
			"from": [ 4, 7, 20 ],
			"to": [ 6, 8, 23 ],
			"faces": {
				"down": { "uv": [ 2.625, 11.625, 2.875, 12 ], "texture": "#250lb-gp-bomb" },
				"up": { "uv": [ 2.625, 11.625, 2.875, 11.25 ], "texture": "#250lb-gp-bomb" },
				"north": { "uv": [ 6.625, 8.25, 6.375, 8.375 ], "texture": "#250lb-gp-bomb" },
				"south": { "uv": [ 6.375, 8.375, 6.625, 8.5 ], "texture": "#250lb-gp-bomb" },
				"west": { "uv": [ 9.875, 15.75, 10.25, 15.875 ], "texture": "#250lb-gp-bomb" },
				"east": { "uv": [ 14.75, 15.875, 14.375, 16 ], "texture": "#250lb-gp-bomb" }
			}
		},
		{
			"__comment": "Voxels",
			"from": [ 4, 9, -7 ],
			"to": [ 13, 10, -6 ],
			"faces": {
				"down": { "uv": [ 5.5, 9.375, 6.625, 9.5 ], "texture": "#250lb-gp-bomb" },
				"up": { "uv": [ 5.5, 9.375, 6.625, 9.25 ], "texture": "#250lb-gp-bomb" },
				"north": { "uv": [ 6.625, 9.125, 5.5, 9.25 ], "texture": "#250lb-gp-bomb" },
				"south": { "uv": [ 5.5, 13.875, 6.625, 14 ], "texture": "#250lb-gp-bomb" },
				"west": { "uv": [ 12.5, 15.75, 12.625, 15.875 ], "texture": "#250lb-gp-bomb" },
				"east": { "uv": [ 14.125, 15.75, 14, 15.875 ], "texture": "#250lb-gp-bomb" }
			}
		},
		{
			"__comment": "Voxels",
			"from": [ 5, 4, -7 ],
			"to": [ 12, 6, -6 ],
			"faces": {
				"down": { "uv": [ 6.625, 14.5, 7.5, 14.625 ], "texture": "#250lb-gp-bomb" },
				"up": { "uv": [ 6.625, 14.75, 7.5, 14.625 ], "texture": "#250lb-gp-bomb" },
				"north": { "uv": [ 5.5, 14.25, 4.625, 14.5 ], "texture": "#250lb-gp-bomb" },
				"south": { "uv": [ 4.625, 14, 5.5, 14.25 ], "texture": "#250lb-gp-bomb" },
				"west": { "uv": [ 5.25, 8.375, 5.375, 8.625 ], "texture": "#250lb-gp-bomb" },
				"east": { "uv": [ 7.875, 12.125, 7.75, 12.375 ], "texture": "#250lb-gp-bomb" }
			}
		},
		{
			"__comment": "Voxels",
			"from": [ 5, 4, -6 ],
			"to": [ 12, 5, 2 ],
			"faces": {
				"down": { "uv": [ 0, 11.5, 0.875, 12.5 ], "texture": "#250lb-gp-bomb" },
				"up": { "uv": [ 0, 13.5, 0.875, 12.5 ], "texture": "#250lb-gp-bomb" },
				"north": { "uv": [ 7.5, 15, 6.625, 15.125 ], "texture": "#250lb-gp-bomb" },
				"south": { "uv": [ 6.625, 15.125, 7.5, 15.25 ], "texture": "#250lb-gp-bomb" },
				"west": { "uv": [ 5.625, 10.5, 6.625, 10.625 ], "texture": "#250lb-gp-bomb" },
				"east": { "uv": [ 6.625, 10.125, 5.625, 10.25 ], "texture": "#250lb-gp-bomb" }
			}
		},
		{
			"__comment": "Voxels",
			"from": [ 5, 4, 23 ],
			"to": [ 6, 5, 32 ],
			"faces": {
				"down": { "uv": [ 0.625, 8.125, 0.75, 9.25 ], "texture": "#250lb-gp-bomb" },
				"up": { "uv": [ 0.75, 9.25, 0.875, 8.125 ], "texture": "#250lb-gp-bomb" },
				"north": { "uv": [ 13.75, 15.75, 13.625, 15.875 ], "texture": "#250lb-gp-bomb" },
				"south": { "uv": [ 13.5, 15.75, 13.625, 15.875 ], "texture": "#250lb-gp-bomb" },
				"west": { "uv": [ 5.5, 13.75, 6.625, 13.875 ], "texture": "#250lb-gp-bomb" },
				"east": { "uv": [ 6.625, 13.625, 5.5, 13.75 ], "texture": "#250lb-gp-bomb" }
			}
		},
		{
			"__comment": "Voxels",
			"from": [ 5, 5, -9 ],
			"to": [ 12, 7, -8 ],
			"faces": {
				"down": { "uv": [ 5.5, 8, 6.375, 8.125 ], "texture": "#250lb-gp-bomb" },
				"up": { "uv": [ 5.5, 8.5, 6.375, 8.375 ], "texture": "#250lb-gp-bomb" },
				"north": { "uv": [ 5.5, 12.5, 4.625, 12.75 ], "texture": "#250lb-gp-bomb" },
				"south": { "uv": [ 4.625, 12.25, 5.5, 12.5 ], "texture": "#250lb-gp-bomb" },
				"west": { "uv": [ 0.625, 9.25, 0.75, 9.5 ], "texture": "#250lb-gp-bomb" },
				"east": { "uv": [ 8, 12.125, 7.875, 12.375 ], "texture": "#250lb-gp-bomb" }
			}
		},
		{
			"__comment": "Voxels",
			"from": [ 5, 5, -8 ],
			"to": [ 12, 6, -7 ],
			"faces": {
				"down": { "uv": [ 5.625, 9.75, 6.5, 9.875 ], "texture": "#250lb-gp-bomb" },
				"up": { "uv": [ 6.625, 13.75, 7.5, 13.625 ], "texture": "#250lb-gp-bomb" },
				"north": { "uv": [ 6.375, 8.625, 5.5, 8.75 ], "texture": "#250lb-gp-bomb" },
				"south": { "uv": [ 6.625, 14.125, 7.5, 14.25 ], "texture": "#250lb-gp-bomb" },
				"west": { "uv": [ 13.375, 15.75, 13.5, 15.875 ], "texture": "#250lb-gp-bomb" },
				"east": { "uv": [ 13.375, 15.75, 13.25, 15.875 ], "texture": "#250lb-gp-bomb" }
			}
		},
		{
			"__comment": "Voxels",
			"from": [ 5, 5, 1 ],
			"to": [ 12, 6, 7 ],
			"faces": {
				"down": { "uv": [ 2, 13.75, 2.875, 14.5 ], "texture": "#250lb-gp-bomb" },
				"up": { "uv": [ 2, 15.25, 2.875, 14.5 ], "texture": "#250lb-gp-bomb" },
				"north": { "uv": [ 7.5, 14.25, 6.625, 14.375 ], "texture": "#250lb-gp-bomb" },
				"south": { "uv": [ 6.625, 15.5, 7.5, 15.625 ], "texture": "#250lb-gp-bomb" },
				"west": { "uv": [ 7, 11.5, 7.75, 11.625 ], "texture": "#250lb-gp-bomb" },
				"east": { "uv": [ 7.75, 12.375, 7, 12.5 ], "texture": "#250lb-gp-bomb" }
			}
		},
		{
			"__comment": "Voxels",
			"from": [ 5, 6, -11 ],
			"to": [ 12, 10, -9 ],
			"faces": {
				"down": { "uv": [ 4.625, 13.25, 5.5, 13.5 ], "texture": "#250lb-gp-bomb" },
				"up": { "uv": [ 4.625, 13.75, 5.5, 13.5 ], "texture": "#250lb-gp-bomb" },
				"north": { "uv": [ 3.75, 11, 2.875, 11.5 ], "texture": "#250lb-gp-bomb" },
				"south": { "uv": [ 2.875, 12.5, 3.75, 13 ], "texture": "#250lb-gp-bomb" },
				"west": { "uv": [ 2.625, 12, 2.875, 12.5 ], "texture": "#250lb-gp-bomb" },
				"east": { "uv": [ 2.875, 12.5, 2.625, 13 ], "texture": "#250lb-gp-bomb" }
			}
		},
		{
			"__comment": "Voxels",
			"from": [ 5, 6, 6 ],
			"to": [ 12, 7, 12 ],
			"faces": {
				"down": { "uv": [ 2, 15.25, 2.875, 16 ], "texture": "#250lb-gp-bomb" },
				"up": { "uv": [ 2, 13.75, 2.875, 13 ], "texture": "#250lb-gp-bomb" },
				"north": { "uv": [ 7.5, 15.25, 6.625, 15.375 ], "texture": "#250lb-gp-bomb" },
				"south": { "uv": [ 6.625, 15.375, 7.5, 15.5 ], "texture": "#250lb-gp-bomb" },
				"west": { "uv": [ 7, 12.75, 7.75, 12.875 ], "texture": "#250lb-gp-bomb" },
				"east": { "uv": [ 7.375, 12.875, 6.625, 13 ], "texture": "#250lb-gp-bomb" }
			}
		},
		{
			"__comment": "Voxels",
			"from": [ 5, 7, -12 ],
			"to": [ 12, 9, -11 ],
			"faces": {
				"down": { "uv": [ 6.625, 14.375, 7.5, 14.5 ], "texture": "#250lb-gp-bomb" },
				"up": { "uv": [ 6.625, 15.75, 7.5, 15.625 ], "texture": "#250lb-gp-bomb" },
				"north": { "uv": [ 5.5, 12.75, 4.625, 13 ], "texture": "#250lb-gp-bomb" },
				"south": { "uv": [ 4.625, 11.25, 5.5, 11.5 ], "texture": "#250lb-gp-bomb" },
				"west": { "uv": [ 7.875, 13.625, 8, 13.875 ], "texture": "#250lb-gp-bomb" },
				"east": { "uv": [ 8, 13.875, 7.875, 14.125 ], "texture": "#250lb-gp-bomb" }
			}
		},
		{
			"__comment": "Voxels",
			"from": [ 5, 7, 7 ],
			"to": [ 12, 10, 11 ],
			"faces": {
				"down": { "uv": [ 2.875, 13, 3.75, 13.5 ], "texture": "#250lb-gp-bomb" },
				"up": { "uv": [ 2.875, 14, 3.75, 13.5 ], "texture": "#250lb-gp-bomb" },
				"north": { "uv": [ 5.5, 14.5, 4.625, 14.875 ], "texture": "#250lb-gp-bomb" },
				"south": { "uv": [ 4.625, 14.875, 5.5, 15.25 ], "texture": "#250lb-gp-bomb" },
				"west": { "uv": [ 3.5, 9.125, 4, 9.5 ], "texture": "#250lb-gp-bomb" },
				"east": { "uv": [ 4, 8.5, 3.5, 8.875 ], "texture": "#250lb-gp-bomb" }
			}
		},
		{
			"__comment": "Voxels",
			"from": [ 5, 7, 11 ],
			"to": [ 12, 9, 14 ],
			"faces": {
				"down": { "uv": [ 4.625, 15.625, 5.5, 16 ], "texture": "#250lb-gp-bomb" },
				"up": { "uv": [ 4.625, 15.625, 5.5, 15.25 ], "texture": "#250lb-gp-bomb" },
				"north": { "uv": [ 2.875, 8, 2, 8.25 ], "texture": "#250lb-gp-bomb" },
				"south": { "uv": [ 4.625, 13.75, 5.5, 14 ], "texture": "#250lb-gp-bomb" },
				"west": { "uv": [ 7, 12.125, 7.375, 12.375 ], "texture": "#250lb-gp-bomb" },
				"east": { "uv": [ 7, 11.625, 6.625, 11.875 ], "texture": "#250lb-gp-bomb" }
			}
		},
		{
			"__comment": "Voxels",
			"from": [ 5, 7, 14 ],
			"to": [ 12, 8, 15 ],
			"faces": {
				"down": { "uv": [ 6.625, 13.75, 7.5, 13.875 ], "texture": "#250lb-gp-bomb" },
				"up": { "uv": [ 6.625, 13.625, 7.5, 13.5 ], "texture": "#250lb-gp-bomb" },
				"north": { "uv": [ 7.5, 13.375, 6.625, 13.5 ], "texture": "#250lb-gp-bomb" },
				"south": { "uv": [ 6.625, 13.25, 7.5, 13.375 ], "texture": "#250lb-gp-bomb" },
				"west": { "uv": [ 7.875, 8.125, 8, 8.25 ], "texture": "#250lb-gp-bomb" },
				"east": { "uv": [ 8, 8.25, 7.875, 8.375 ], "texture": "#250lb-gp-bomb" }
			}
		},
		{
			"__comment": "Voxels",
			"from": [ 5, 7, 18 ],
			"to": [ 12, 8, 19 ],
			"faces": {
				"down": { "uv": [ 6.625, 13.125, 7.5, 13.25 ], "texture": "#250lb-gp-bomb" },
				"up": { "uv": [ 6.625, 13.125, 7.5, 13 ], "texture": "#250lb-gp-bomb" },
				"north": { "uv": [ 6.375, 8.75, 5.5, 8.875 ], "texture": "#250lb-gp-bomb" },
				"south": { "uv": [ 5.5, 8.5, 6.375, 8.625 ], "texture": "#250lb-gp-bomb" },
				"west": { "uv": [ 7.875, 10, 8, 10.125 ], "texture": "#250lb-gp-bomb" },
				"east": { "uv": [ 8, 10.125, 7.875, 10.25 ], "texture": "#250lb-gp-bomb" }
			}
		},
		{
			"__comment": "Voxels",
			"from": [ 5, 7, 23 ],
			"to": [ 6, 8, 27 ],
			"faces": {
				"down": { "uv": [ 3.75, 13, 3.875, 13.5 ], "texture": "#250lb-gp-bomb" },
				"up": { "uv": [ 3.75, 14, 3.875, 13.5 ], "texture": "#250lb-gp-bomb" },
				"north": { "uv": [ 8, 10.25, 7.875, 10.375 ], "texture": "#250lb-gp-bomb" },
				"south": { "uv": [ 7.875, 10.75, 8, 10.875 ], "texture": "#250lb-gp-bomb" },
				"west": { "uv": [ 4.75, 8, 5.25, 8.125 ], "texture": "#250lb-gp-bomb" },
				"east": { "uv": [ 7.875, 8.375, 7.375, 8.5 ], "texture": "#250lb-gp-bomb" }
			}
		},
		{
			"__comment": "Voxels",
			"from": [ 5, 9, -9 ],
			"to": [ 12, 10, -7 ],
			"faces": {
				"down": { "uv": [ 4.625, 12, 5.5, 12.25 ], "texture": "#250lb-gp-bomb" },
				"up": { "uv": [ 4.625, 12, 5.5, 11.75 ], "texture": "#250lb-gp-bomb" },
				"north": { "uv": [ 7.5, 14.875, 6.625, 15 ], "texture": "#250lb-gp-bomb" },
				"south": { "uv": [ 6.625, 14.75, 7.5, 14.875 ], "texture": "#250lb-gp-bomb" },
				"west": { "uv": [ 10.75, 15.75, 11, 15.875 ], "texture": "#250lb-gp-bomb" },
				"east": { "uv": [ 10.5, 15.75, 10.25, 15.875 ], "texture": "#250lb-gp-bomb" }
			}
		},
		{
			"__comment": "Voxels",
			"from": [ 5, 9, 2 ],
			"to": [ 12, 11, 6 ],
			"faces": {
				"down": { "uv": [ 2.875, 11.5, 3.75, 12 ], "texture": "#250lb-gp-bomb" },
				"up": { "uv": [ 2.875, 12.5, 3.75, 12 ], "texture": "#250lb-gp-bomb" },
				"north": { "uv": [ 5.5, 13, 4.625, 13.25 ], "texture": "#250lb-gp-bomb" },
				"south": { "uv": [ 4.625, 11.5, 5.5, 11.75 ], "texture": "#250lb-gp-bomb" },
				"west": { "uv": [ 1.5, 8, 2, 8.25 ], "texture": "#250lb-gp-bomb" },
				"east": { "uv": [ 4, 8.875, 3.5, 9.125 ], "texture": "#250lb-gp-bomb" }
			}
		},
		{
			"__comment": "Voxels",
			"from": [ 5, 9, 6 ],
			"to": [ 12, 10, 7 ],
			"faces": {
				"down": { "uv": [ 5.625, 9.625, 6.5, 9.75 ], "texture": "#250lb-gp-bomb" },
				"up": { "uv": [ 5.625, 9.625, 6.5, 9.5 ], "texture": "#250lb-gp-bomb" },
				"north": { "uv": [ 6.375, 9, 5.5, 9.125 ], "texture": "#250lb-gp-bomb" },
				"south": { "uv": [ 5.5, 8.875, 6.375, 9 ], "texture": "#250lb-gp-bomb" },
				"west": { "uv": [ 7.875, 11.125, 8, 11.25 ], "texture": "#250lb-gp-bomb" },
				"east": { "uv": [ 8, 11.25, 7.875, 11.375 ], "texture": "#250lb-gp-bomb" }
			}
		},
		{
			"__comment": "Voxels",
			"from": [ 5, 10, -8 ],
			"to": [ 12, 11, 2 ],
			"faces": {
				"down": { "uv": [ 0, 13.5, 0.875, 14.75 ], "texture": "#250lb-gp-bomb" },
				"up": { "uv": [ 0, 16, 0.875, 14.75 ], "texture": "#250lb-gp-bomb" },
				"north": { "uv": [ 6.375, 8.25, 5.5, 8.375 ], "texture": "#250lb-gp-bomb" },
				"south": { "uv": [ 5.5, 8.125, 6.375, 8.25 ], "texture": "#250lb-gp-bomb" },
				"west": { "uv": [ 6.625, 15.75, 7.875, 15.875 ], "texture": "#250lb-gp-bomb" },
				"east": { "uv": [ 7.875, 15.875, 6.625, 16 ], "texture": "#250lb-gp-bomb" }
			}
		},
		{
			"__comment": "Voxels",
			"from": [ 5, 10, 23 ],
			"to": [ 6, 11, 32 ],
			"faces": {
				"down": { "uv": [ 1.875, 9.5, 2, 10.625 ], "texture": "#250lb-gp-bomb" },
				"up": { "uv": [ 1.875, 11.75, 2, 10.625 ], "texture": "#250lb-gp-bomb" },
				"north": { "uv": [ 8.125, 14.125, 8, 14.25 ], "texture": "#250lb-gp-bomb" },
				"south": { "uv": [ 8, 14.25, 8.125, 14.375 ], "texture": "#250lb-gp-bomb" },
				"west": { "uv": [ 5.5, 13.125, 6.625, 13.25 ], "texture": "#250lb-gp-bomb" },
				"east": { "uv": [ 6.625, 13, 5.5, 13.125 ], "texture": "#250lb-gp-bomb" }
			}
		},
		{
			"__comment": "Voxels",
			"from": [ 6, 3, 23 ],
			"to": [ 11, 4, 32 ],
			"faces": {
				"down": { "uv": [ 0, 8.125, 0.625, 9.25 ], "texture": "#250lb-gp-bomb" },
				"up": { "uv": [ 0, 11.5, 0.625, 10.375 ], "texture": "#250lb-gp-bomb" },
				"north": { "uv": [ 7.875, 8.625, 7.25, 8.75 ], "texture": "#250lb-gp-bomb" },
				"south": { "uv": [ 6.75, 8.5, 7.375, 8.625 ], "texture": "#250lb-gp-bomb" },
				"west": { "uv": [ 5.5, 12.875, 6.625, 13 ], "texture": "#250lb-gp-bomb" },
				"east": { "uv": [ 6.625, 12.75, 5.5, 12.875 ], "texture": "#250lb-gp-bomb" }
			}
		},
		{
			"__comment": "Voxels",
			"from": [ 6, 4, -9 ],
			"to": [ 11, 5, -7 ],
			"faces": {
				"down": { "uv": [ 4, 9.125, 4.625, 9.375 ], "texture": "#250lb-gp-bomb" },
				"up": { "uv": [ 4, 9.125, 4.625, 8.875 ], "texture": "#250lb-gp-bomb" },
				"north": { "uv": [ 7.375, 8.375, 6.75, 8.5 ], "texture": "#250lb-gp-bomb" },
				"south": { "uv": [ 6.75, 8.25, 7.375, 8.375 ], "texture": "#250lb-gp-bomb" },
				"west": { "uv": [ 6.375, 8.5, 6.625, 8.625 ], "texture": "#250lb-gp-bomb" },
				"east": { "uv": [ 0.875, 10.375, 0.625, 10.5 ], "texture": "#250lb-gp-bomb" }
			}
		},
		{
			"__comment": "Voxels",
			"from": [ 6, 4, 2 ],
			"to": [ 11, 5, 7 ],
			"faces": {
				"down": { "uv": [ 4, 14.75, 4.625, 15.375 ], "texture": "#250lb-gp-bomb" },
				"up": { "uv": [ 4, 16, 4.625, 15.375 ], "texture": "#250lb-gp-bomb" },
				"north": { "uv": [ 7.375, 8.125, 6.75, 8.25 ], "texture": "#250lb-gp-bomb" },
				"south": { "uv": [ 6.75, 8, 7.375, 8.125 ], "texture": "#250lb-gp-bomb" },
				"west": { "uv": [ 0, 8, 0.625, 8.125 ], "texture": "#250lb-gp-bomb" },
				"east": { "uv": [ 4.625, 8, 4, 8.125 ], "texture": "#250lb-gp-bomb" }
			}
		},
		{
			"__comment": "Voxels",
			"from": [ 6, 5, -12 ],
			"to": [ 11, 7, -11 ],
			"faces": {
				"down": { "uv": [ 7, 11.375, 7.625, 11.5 ], "texture": "#250lb-gp-bomb" },
				"up": { "uv": [ 7, 11.125, 7.625, 11 ], "texture": "#250lb-gp-bomb" },
				"north": { "uv": [ 4.625, 8.125, 4, 8.375 ], "texture": "#250lb-gp-bomb" },
				"south": { "uv": [ 4.625, 10.5, 5.25, 10.75 ], "texture": "#250lb-gp-bomb" },
				"west": { "uv": [ 7.875, 11.375, 8, 11.625 ], "texture": "#250lb-gp-bomb" },
				"east": { "uv": [ 8, 12.375, 7.875, 12.625 ], "texture": "#250lb-gp-bomb" }
			}
		},
		{
			"__comment": "Voxels",
			"from": [ 6, 5, -11 ],
			"to": [ 11, 6, -9 ],
			"faces": {
				"down": { "uv": [ 2.875, 8, 3.5, 8.25 ], "texture": "#250lb-gp-bomb" },
				"up": { "uv": [ 4, 10.125, 4.625, 9.875 ], "texture": "#250lb-gp-bomb" },
				"north": { "uv": [ 7.625, 10.875, 7, 11 ], "texture": "#250lb-gp-bomb" },
				"south": { "uv": [ 6.625, 10.75, 7.25, 10.875 ], "texture": "#250lb-gp-bomb" },
				"west": { "uv": [ 12, 15.75, 12.25, 15.875 ], "texture": "#250lb-gp-bomb" },
				"east": { "uv": [ 11.5, 15.75, 11.25, 15.875 ], "texture": "#250lb-gp-bomb" }
			}
		},
		{
			"__comment": "Voxels",
			"from": [ 6, 5, 7 ],
			"to": [ 11, 6, 15 ],
			"faces": {
				"down": { "uv": [ 2, 11, 2.625, 12 ], "texture": "#250lb-gp-bomb" },
				"up": { "uv": [ 2, 13, 2.625, 12 ], "texture": "#250lb-gp-bomb" },
				"north": { "uv": [ 7.875, 10.75, 7.25, 10.875 ], "texture": "#250lb-gp-bomb" },
				"south": { "uv": [ 6.625, 10.625, 7.25, 10.75 ], "texture": "#250lb-gp-bomb" },
				"west": { "uv": [ 5.625, 9.875, 6.625, 10 ], "texture": "#250lb-gp-bomb" },
				"east": { "uv": [ 6.625, 10, 5.625, 10.125 ], "texture": "#250lb-gp-bomb" }
			}
		},
		{
			"__comment": "Voxels",
			"from": [ 6, 6, -13 ],
			"to": [ 11, 9, -12 ],
			"faces": {
				"down": { "uv": [ 7.25, 10.625, 7.875, 10.75 ], "texture": "#250lb-gp-bomb" },
				"up": { "uv": [ 6.625, 10.625, 7.25, 10.5 ], "texture": "#250lb-gp-bomb" },
				"north": { "uv": [ 4.625, 13.25, 4, 13.625 ], "texture": "#250lb-gp-bomb" },
				"south": { "uv": [ 4, 14.375, 4.625, 14.75 ], "texture": "#250lb-gp-bomb" },
				"west": { "uv": [ 5.25, 8, 5.375, 8.375 ], "texture": "#250lb-gp-bomb" },
				"east": { "uv": [ 5.5, 9.75, 5.375, 10.125 ], "texture": "#250lb-gp-bomb" }
			}
		},
		{
			"__comment": "Voxels",
			"from": [ 6, 6, 12 ],
			"to": [ 11, 7, 18 ],
			"faces": {
				"down": { "uv": [ 2, 8.25, 2.625, 9 ], "texture": "#250lb-gp-bomb" },
				"up": { "uv": [ 2, 9.75, 2.625, 9 ], "texture": "#250lb-gp-bomb" },
				"north": { "uv": [ 7.875, 10.5, 7.25, 10.625 ], "texture": "#250lb-gp-bomb" },
				"south": { "uv": [ 6.625, 10.375, 7.25, 10.5 ], "texture": "#250lb-gp-bomb" },
				"west": { "uv": [ 7, 12.625, 7.75, 12.75 ], "texture": "#250lb-gp-bomb" },
				"east": { "uv": [ 7.75, 12.5, 7, 12.625 ], "texture": "#250lb-gp-bomb" }
			}
		},
		{
			"__comment": "Voxels",
			"from": [ 6, 7, 15 ],
			"to": [ 11, 10, 17 ],
			"faces": {
				"down": { "uv": [ 4, 8.625, 4.625, 8.875 ], "texture": "#250lb-gp-bomb" },
				"up": { "uv": [ 4, 8.625, 4.625, 8.375 ], "texture": "#250lb-gp-bomb" },
				"north": { "uv": [ 1.5, 8, 0.875, 8.375 ], "texture": "#250lb-gp-bomb" },
				"south": { "uv": [ 4, 12.125, 4.625, 12.5 ], "texture": "#250lb-gp-bomb" },
				"west": { "uv": [ 2.625, 9, 2.875, 9.375 ], "texture": "#250lb-gp-bomb" },
				"east": { "uv": [ 2.875, 9.375, 2.625, 9.75 ], "texture": "#250lb-gp-bomb" }
			}
		},
		{
			"__comment": "Voxels",
			"from": [ 6, 7, 17 ],
			"to": [ 11, 9, 18 ],
			"faces": {
				"down": { "uv": [ 7.25, 10.375, 7.875, 10.5 ], "texture": "#250lb-gp-bomb" },
				"up": { "uv": [ 6.625, 10.375, 7.25, 10.25 ], "texture": "#250lb-gp-bomb" },
				"north": { "uv": [ 4.625, 9.625, 4, 9.875 ], "texture": "#250lb-gp-bomb" },
				"south": { "uv": [ 4, 9.375, 4.625, 9.625 ], "texture": "#250lb-gp-bomb" },
				"west": { "uv": [ 0.75, 9.25, 0.875, 9.5 ], "texture": "#250lb-gp-bomb" },
				"east": { "uv": [ 5.5, 8.375, 5.375, 8.625 ], "texture": "#250lb-gp-bomb" }
			}
		},
		{
			"__comment": "Voxels",
			"from": [ 6, 8, 14 ],
			"to": [ 11, 10, 15 ],
			"faces": {
				"down": { "uv": [ 7.25, 10.25, 7.875, 10.375 ], "texture": "#250lb-gp-bomb" },
				"up": { "uv": [ 6.625, 10.25, 7.25, 10.125 ], "texture": "#250lb-gp-bomb" },
				"north": { "uv": [ 5.25, 10.75, 4.625, 11 ], "texture": "#250lb-gp-bomb" },
				"south": { "uv": [ 4.625, 11, 5.25, 11.25 ], "texture": "#250lb-gp-bomb" },
				"west": { "uv": [ 7.875, 12.625, 8, 12.875 ], "texture": "#250lb-gp-bomb" },
				"east": { "uv": [ 8, 12.875, 7.875, 13.125 ], "texture": "#250lb-gp-bomb" }
			}
		},
		{
			"__comment": "Voxels",
			"from": [ 6, 8, 18 ],
			"to": [ 11, 9, 19 ],
			"faces": {
				"down": { "uv": [ 7.25, 10.125, 7.875, 10.25 ], "texture": "#250lb-gp-bomb" },
				"up": { "uv": [ 6.625, 10.125, 7.25, 10 ], "texture": "#250lb-gp-bomb" },
				"north": { "uv": [ 7.875, 10, 7.25, 10.125 ], "texture": "#250lb-gp-bomb" },
				"south": { "uv": [ 6.625, 9.875, 7.25, 10 ], "texture": "#250lb-gp-bomb" },
				"west": { "uv": [ 8, 14.625, 8.125, 14.75 ], "texture": "#250lb-gp-bomb" },
				"east": { "uv": [ 8.125, 14.75, 8, 14.875 ], "texture": "#250lb-gp-bomb" }
			}
		},
		{
			"__comment": "Voxels",
			"from": [ 6, 9, -12 ],
			"to": [ 11, 10, -11 ],
			"faces": {
				"down": { "uv": [ 7.25, 9.875, 7.875, 10 ], "texture": "#250lb-gp-bomb" },
				"up": { "uv": [ 6.625, 9.875, 7.25, 9.75 ], "texture": "#250lb-gp-bomb" },
				"north": { "uv": [ 7.875, 9.75, 7.25, 9.875 ], "texture": "#250lb-gp-bomb" },
				"south": { "uv": [ 6.625, 9.625, 7.25, 9.75 ], "texture": "#250lb-gp-bomb" },
				"west": { "uv": [ 14.875, 15.75, 15, 15.875 ], "texture": "#250lb-gp-bomb" },
				"east": { "uv": [ 15.125, 15.75, 15, 15.875 ], "texture": "#250lb-gp-bomb" }
			}
		},
		{
			"__comment": "Voxels",
			"from": [ 6, 9, 11 ],
			"to": [ 11, 10, 14 ],
			"faces": {
				"down": { "uv": [ 4, 12.875, 4.625, 13.25 ], "texture": "#250lb-gp-bomb" },
				"up": { "uv": [ 4, 12.875, 4.625, 12.5 ], "texture": "#250lb-gp-bomb" },
				"north": { "uv": [ 7.875, 9.625, 7.25, 9.75 ], "texture": "#250lb-gp-bomb" },
				"south": { "uv": [ 6.625, 9.5, 7.25, 9.625 ], "texture": "#250lb-gp-bomb" },
				"west": { "uv": [ 9.125, 15.75, 9.5, 15.875 ], "texture": "#250lb-gp-bomb" },
				"east": { "uv": [ 7.875, 15, 7.5, 15.125 ], "texture": "#250lb-gp-bomb" }
			}
		},
		{
			"__comment": "Voxels",
			"from": [ 6, 10, -11 ],
			"to": [ 11, 11, -8 ],
			"faces": {
				"down": { "uv": [ 4, 14, 4.625, 14.375 ], "texture": "#250lb-gp-bomb" },
				"up": { "uv": [ 4, 14, 4.625, 13.625 ], "texture": "#250lb-gp-bomb" },
				"north": { "uv": [ 7.875, 9.5, 7.25, 9.625 ], "texture": "#250lb-gp-bomb" },
				"south": { "uv": [ 6.625, 9.375, 7.25, 9.5 ], "texture": "#250lb-gp-bomb" },
				"west": { "uv": [ 7.5, 14.875, 7.875, 15 ], "texture": "#250lb-gp-bomb" },
				"east": { "uv": [ 11, 15.875, 10.625, 16 ], "texture": "#250lb-gp-bomb" }
			}
		},
		{
			"__comment": "Voxels",
			"from": [ 6, 10, 6 ],
			"to": [ 11, 11, 11 ],
			"faces": {
				"down": { "uv": [ 2.875, 8.25, 3.5, 8.875 ], "texture": "#250lb-gp-bomb" },
				"up": { "uv": [ 2.875, 9.5, 3.5, 8.875 ], "texture": "#250lb-gp-bomb" },
				"north": { "uv": [ 7.875, 9.375, 7.25, 9.5 ], "texture": "#250lb-gp-bomb" },
				"south": { "uv": [ 6.625, 9.25, 7.25, 9.375 ], "texture": "#250lb-gp-bomb" },
				"west": { "uv": [ 7.25, 9.25, 7.875, 9.375 ], "texture": "#250lb-gp-bomb" },
				"east": { "uv": [ 7.25, 9.125, 6.625, 9.25 ], "texture": "#250lb-gp-bomb" }
			}
		},
		{
			"__comment": "Voxels",
			"from": [ 6, 11, -7 ],
			"to": [ 11, 12, 2 ],
			"faces": {
				"down": { "uv": [ 0.875, 8.375, 1.5, 9.5 ], "texture": "#250lb-gp-bomb" },
				"up": { "uv": [ 0.875, 10.625, 1.5, 9.5 ], "texture": "#250lb-gp-bomb" },
				"north": { "uv": [ 7.875, 9.125, 7.25, 9.25 ], "texture": "#250lb-gp-bomb" },
				"south": { "uv": [ 6.625, 9, 7.25, 9.125 ], "texture": "#250lb-gp-bomb" },
				"west": { "uv": [ 5.5, 12, 6.625, 12.125 ], "texture": "#250lb-gp-bomb" },
				"east": { "uv": [ 6.625, 12.125, 5.5, 12.25 ], "texture": "#250lb-gp-bomb" }
			}
		},
		{
			"__comment": "Voxels",
			"from": [ 6, 11, 23 ],
			"to": [ 11, 12, 32 ],
			"faces": {
				"down": { "uv": [ 0, 9.25, 0.625, 10.375 ], "texture": "#250lb-gp-bomb" },
				"up": { "uv": [ 0.875, 11.75, 1.5, 10.625 ], "texture": "#250lb-gp-bomb" },
				"north": { "uv": [ 7.875, 9, 7.25, 9.125 ], "texture": "#250lb-gp-bomb" },
				"south": { "uv": [ 6.625, 8.875, 7.25, 9 ], "texture": "#250lb-gp-bomb" },
				"west": { "uv": [ 5.5, 12.625, 6.625, 12.75 ], "texture": "#250lb-gp-bomb" },
				"east": { "uv": [ 6.625, 13.25, 5.5, 13.375 ], "texture": "#250lb-gp-bomb" }
			}
		},
		{
			"__comment": "Voxels",
			"from": [ 7, 3, -7 ],
			"to": [ 10, 4, 2 ],
			"faces": {
				"down": { "uv": [ 1.5, 10.625, 1.875, 11.75 ], "texture": "#250lb-gp-bomb" },
				"up": { "uv": [ 1.5, 10.625, 1.875, 9.5 ], "texture": "#250lb-gp-bomb" },
				"north": { "uv": [ 8.375, 15.75, 8, 15.875 ], "texture": "#250lb-gp-bomb" },
				"south": { "uv": [ 8.375, 15.75, 8.75, 15.875 ], "texture": "#250lb-gp-bomb" },
				"west": { "uv": [ 5.5, 13.375, 6.625, 13.5 ], "texture": "#250lb-gp-bomb" },
				"east": { "uv": [ 6.625, 13.5, 5.5, 13.625 ], "texture": "#250lb-gp-bomb" }
			}
		},
		{
			"__comment": "Voxels",
			"from": [ 7, 4, -11 ],
			"to": [ 10, 5, -9 ],
			"faces": {
				"down": { "uv": [ 7.375, 11.125, 7.75, 11.375 ], "texture": "#250lb-gp-bomb" },
				"up": { "uv": [ 6.625, 11.125, 7, 10.875 ], "texture": "#250lb-gp-bomb" },
				"north": { "uv": [ 7.875, 15.5, 7.5, 15.625 ], "texture": "#250lb-gp-bomb" },
				"south": { "uv": [ 7.5, 15.375, 7.875, 15.5 ], "texture": "#250lb-gp-bomb" },
				"west": { "uv": [ 11, 15.75, 11.25, 15.875 ], "texture": "#250lb-gp-bomb" },
				"east": { "uv": [ 12.5, 15.75, 12.25, 15.875 ], "texture": "#250lb-gp-bomb" }
			}
		},
		{
			"__comment": "Voxels",
			"from": [ 7, 4, 7 ],
			"to": [ 10, 5, 11 ],
			"faces": {
				"down": { "uv": [ 3.5, 8, 3.875, 8.5 ], "texture": "#250lb-gp-bomb" },
				"up": { "uv": [ 4, 10.625, 4.375, 10.125 ], "texture": "#250lb-gp-bomb" },
				"north": { "uv": [ 7.875, 14.75, 7.5, 14.875 ], "texture": "#250lb-gp-bomb" },
				"south": { "uv": [ 7.5, 14.625, 7.875, 14.75 ], "texture": "#250lb-gp-bomb" },
				"west": { "uv": [ 7.375, 12.875, 7.875, 13 ], "texture": "#250lb-gp-bomb" },
				"east": { "uv": [ 7.875, 8.5, 7.375, 8.625 ], "texture": "#250lb-gp-bomb" }
			}
		},
		{
			"__comment": "Voxels",
			"from": [ 7, 5, -13 ],
			"to": [ 10, 6, -12 ],
			"faces": {
				"down": { "uv": [ 7.5, 14.5, 7.875, 14.625 ], "texture": "#250lb-gp-bomb" },
				"up": { "uv": [ 7.5, 14.5, 7.875, 14.375 ], "texture": "#250lb-gp-bomb" },
				"north": { "uv": [ 7.875, 14.25, 7.5, 14.375 ], "texture": "#250lb-gp-bomb" },
				"south": { "uv": [ 7.5, 14.125, 7.875, 14.25 ], "texture": "#250lb-gp-bomb" },
				"west": { "uv": [ 14.375, 15.75, 14.5, 15.875 ], "texture": "#250lb-gp-bomb" },
				"east": { "uv": [ 8, 10.625, 7.875, 10.75 ], "texture": "#250lb-gp-bomb" }
			}
		},
		{
			"__comment": "Voxels",
			"from": [ 7, 5, 15 ],
			"to": [ 10, 6, 17 ],
			"faces": {
				"down": { "uv": [ 7, 11.625, 7.375, 11.875 ], "texture": "#250lb-gp-bomb" },
				"up": { "uv": [ 7.375, 12.375, 7.75, 12.125 ], "texture": "#250lb-gp-bomb" },
				"north": { "uv": [ 7.75, 8, 7.375, 8.125 ], "texture": "#250lb-gp-bomb" },
				"south": { "uv": [ 7.5, 13.5, 7.875, 13.625 ], "texture": "#250lb-gp-bomb" },
				"west": { "uv": [ 5.25, 10.75, 5.5, 10.875 ], "texture": "#250lb-gp-bomb" },
				"east": { "uv": [ 5.5, 10.625, 5.25, 10.75 ], "texture": "#250lb-gp-bomb" }
			}
		},
		{
			"__comment": "Voxels",
			"from": [ 7, 6, -14 ],
			"to": [ 10, 9, -13 ],
			"faces": {
				"down": { "uv": [ 7.5, 13.125, 7.875, 13.25 ], "texture": "#250lb-gp-bomb" },
				"up": { "uv": [ 7.5, 13.125, 7.875, 13 ], "texture": "#250lb-gp-bomb" },
				"north": { "uv": [ 5.375, 9.75, 5, 10.125 ], "texture": "#250lb-gp-bomb" },
				"south": { "uv": [ 4.625, 9.75, 5, 10.125 ], "texture": "#250lb-gp-bomb" },
				"west": { "uv": [ 3.75, 11.125, 3.875, 11.5 ], "texture": "#250lb-gp-bomb" },
				"east": { "uv": [ 4, 11.125, 3.875, 11.5 ], "texture": "#250lb-gp-bomb" }
			}
		},
		{
			"__comment": "Voxels",
			"from": [ 7, 6, 18 ],
			"to": [ 10, 7, 20 ],
			"faces": {
				"down": { "uv": [ 7, 11.875, 7.375, 12.125 ], "texture": "#250lb-gp-bomb" },
				"up": { "uv": [ 6.625, 11.625, 7, 11.375 ], "texture": "#250lb-gp-bomb" },
				"north": { "uv": [ 9.125, 15.875, 8.75, 16 ], "texture": "#250lb-gp-bomb" },
				"south": { "uv": [ 9.125, 15.875, 9.5, 16 ], "texture": "#250lb-gp-bomb" },
				"west": { "uv": [ 6.375, 9, 6.625, 9.125 ], "texture": "#250lb-gp-bomb" },
				"east": { "uv": [ 6.625, 8.875, 6.375, 9 ], "texture": "#250lb-gp-bomb" }
			}
		},
		{
			"__comment": "Voxels",
			"from": [ 7, 7, -15 ],
			"to": [ 10, 8, -14 ],
			"faces": {
				"down": { "uv": [ 13.25, 15.875, 13.625, 16 ], "texture": "#250lb-gp-bomb" },
				"up": { "uv": [ 14, 16, 14.375, 15.875 ], "texture": "#250lb-gp-bomb" },
				"north": { "uv": [ 9.875, 15.75, 9.5, 15.875 ], "texture": "#250lb-gp-bomb" },
				"south": { "uv": [ 7.5, 15.625, 7.875, 15.75 ], "texture": "#250lb-gp-bomb" },
				"west": { "uv": [ 7.875, 9.875, 8, 10 ], "texture": "#250lb-gp-bomb" },
				"east": { "uv": [ 8, 8.875, 7.875, 9 ], "texture": "#250lb-gp-bomb" }
			}
		},
		{
			"__comment": "Voxels",
			"from": [ 7, 7, 20 ],
			"to": [ 10, 8, 22 ],
			"faces": {
				"down": { "uv": [ 7, 11.125, 7.375, 11.375 ], "texture": "#250lb-gp-bomb" },
				"up": { "uv": [ 6.625, 11.375, 7, 11.125 ], "texture": "#250lb-gp-bomb" },
				"north": { "uv": [ 7.875, 13.875, 7.5, 14 ], "texture": "#250lb-gp-bomb" },
				"south": { "uv": [ 7.5, 13.625, 7.875, 13.75 ], "texture": "#250lb-gp-bomb" },
				"west": { "uv": [ 6.375, 8.75, 6.625, 8.875 ], "texture": "#250lb-gp-bomb" },
				"east": { "uv": [ 6.625, 8.625, 6.375, 8.75 ], "texture": "#250lb-gp-bomb" }
			}
		},
		{
			"__comment": "Voxels",
			"from": [ 7, 8, 19 ],
			"to": [ 10, 9, 20 ],
			"faces": {
				"down": { "uv": [ 8, 15.875, 8.375, 16 ], "texture": "#250lb-gp-bomb" },
				"up": { "uv": [ 8.375, 16, 8.75, 15.875 ], "texture": "#250lb-gp-bomb" },
				"north": { "uv": [ 9.875, 15.875, 9.5, 16 ], "texture": "#250lb-gp-bomb" },
				"south": { "uv": [ 9.875, 15.875, 10.25, 16 ], "texture": "#250lb-gp-bomb" },
				"west": { "uv": [ 7.875, 8, 8, 8.125 ], "texture": "#250lb-gp-bomb" },
				"east": { "uv": [ 16, 15.875, 15.875, 16 ], "texture": "#250lb-gp-bomb" }
			}
		},
		{
			"__comment": "Voxels",
			"from": [ 7, 9, -13 ],
			"to": [ 10, 10, -12 ],
			"faces": {
				"down": { "uv": [ 7.5, 13.375, 7.875, 13.5 ], "texture": "#250lb-gp-bomb" },
				"up": { "uv": [ 7.5, 13.375, 7.875, 13.25 ], "texture": "#250lb-gp-bomb" },
				"north": { "uv": [ 7.875, 15.25, 7.5, 15.375 ], "texture": "#250lb-gp-bomb" },
				"south": { "uv": [ 10.25, 15.875, 10.625, 16 ], "texture": "#250lb-gp-bomb" },
				"west": { "uv": [ 12.625, 15.75, 12.75, 15.875 ], "texture": "#250lb-gp-bomb" },
				"east": { "uv": [ 12.875, 15.75, 12.75, 15.875 ], "texture": "#250lb-gp-bomb" }
			}
		},
		{
			"__comment": "Voxels",
			"from": [ 7, 9, 17 ],
			"to": [ 10, 10, 19 ],
			"faces": {
				"down": { "uv": [ 7.375, 11.625, 7.75, 11.875 ], "texture": "#250lb-gp-bomb" },
				"up": { "uv": [ 7.375, 12.125, 7.75, 11.875 ], "texture": "#250lb-gp-bomb" },
				"north": { "uv": [ 11.375, 15.875, 11, 16 ], "texture": "#250lb-gp-bomb" },
				"south": { "uv": [ 11.375, 15.875, 11.75, 16 ], "texture": "#250lb-gp-bomb" },
				"west": { "uv": [ 11.5, 15.75, 11.75, 15.875 ], "texture": "#250lb-gp-bomb" },
				"east": { "uv": [ 12, 15.75, 11.75, 15.875 ], "texture": "#250lb-gp-bomb" }
			}
		},
		{
			"__comment": "Voxels",
			"from": [ 7, 10, -12 ],
			"to": [ 10, 11, -11 ],
			"faces": {
				"down": { "uv": [ 11.75, 15.875, 12.125, 16 ], "texture": "#250lb-gp-bomb" },
				"up": { "uv": [ 12.125, 16, 12.5, 15.875 ], "texture": "#250lb-gp-bomb" },
				"north": { "uv": [ 12.875, 15.875, 12.5, 16 ], "texture": "#250lb-gp-bomb" },
				"south": { "uv": [ 12.875, 15.875, 13.25, 16 ], "texture": "#250lb-gp-bomb" },
				"west": { "uv": [ 12.875, 15.75, 13, 15.875 ], "texture": "#250lb-gp-bomb" },
				"east": { "uv": [ 14.75, 15.75, 14.625, 15.875 ], "texture": "#250lb-gp-bomb" }
			}
		},
		{
			"__comment": "Voxels",
			"from": [ 7, 10, 11 ],
			"to": [ 10, 11, 14 ],
			"faces": {
				"down": { "uv": [ 5, 10.125, 5.375, 10.5 ], "texture": "#250lb-gp-bomb" },
				"up": { "uv": [ 4.625, 10.5, 5, 10.125 ], "texture": "#250lb-gp-bomb" },
				"north": { "uv": [ 15.125, 15.875, 14.75, 16 ], "texture": "#250lb-gp-bomb" },
				"south": { "uv": [ 15.125, 15.875, 15.5, 16 ], "texture": "#250lb-gp-bomb" },
				"west": { "uv": [ 15.5, 15.875, 15.875, 16 ], "texture": "#250lb-gp-bomb" },
				"east": { "uv": [ 9.125, 15.75, 8.75, 15.875 ], "texture": "#250lb-gp-bomb" }
			}
		},
		{
			"__comment": "Voxels",
			"from": [ 7, 11, -9 ],
			"to": [ 10, 12, -7 ],
			"faces": {
				"down": { "uv": [ 6.625, 12.375, 7, 12.625 ], "texture": "#250lb-gp-bomb" },
				"up": { "uv": [ 6.625, 12.875, 7, 12.625 ], "texture": "#250lb-gp-bomb" },
				"north": { "uv": [ 7.875, 13.75, 7.5, 13.875 ], "texture": "#250lb-gp-bomb" },
				"south": { "uv": [ 13.625, 15.875, 14, 16 ], "texture": "#250lb-gp-bomb" },
				"west": { "uv": [ 5.25, 10.5, 5.5, 10.625 ], "texture": "#250lb-gp-bomb" },
				"east": { "uv": [ 10.75, 15.75, 10.5, 15.875 ], "texture": "#250lb-gp-bomb" }
			}
		},
		{
			"__comment": "Voxels",
			"from": [ 7, 11, 2 ],
			"to": [ 10, 12, 7 ],
			"faces": {
				"down": { "uv": [ 1.5, 8.875, 1.875, 9.5 ], "texture": "#250lb-gp-bomb" },
				"up": { "uv": [ 1.5, 8.875, 1.875, 8.25 ], "texture": "#250lb-gp-bomb" },
				"north": { "uv": [ 7.875, 14, 7.5, 14.125 ], "texture": "#250lb-gp-bomb" },
				"south": { "uv": [ 7.5, 15.125, 7.875, 15.25 ], "texture": "#250lb-gp-bomb" },
				"west": { "uv": [ 7.25, 8.875, 7.875, 9 ], "texture": "#250lb-gp-bomb" },
				"east": { "uv": [ 7.25, 8.75, 6.625, 8.875 ], "texture": "#250lb-gp-bomb" }
			}
		},
		{
			"__comment": "Voxels",
			"from": [ 8, 4, 18 ],
			"to": [ 9, 6, 22 ],
			"faces": {
				"down": { "uv": [ 3.875, 13.5, 4, 14 ], "texture": "#250lb-gp-bomb" },
				"up": { "uv": [ 3.875, 13.5, 4, 13 ], "texture": "#250lb-gp-bomb" },
				"north": { "uv": [ 7.875, 11.875, 7.75, 12.125 ], "texture": "#250lb-gp-bomb" },
				"south": { "uv": [ 7.75, 11.625, 7.875, 11.875 ], "texture": "#250lb-gp-bomb" },
				"west": { "uv": [ 4.75, 8.375, 5.25, 8.625 ], "texture": "#250lb-gp-bomb" },
				"east": { "uv": [ 6.625, 10.25, 6.125, 10.5 ], "texture": "#250lb-gp-bomb" }
			}
		},
		{
			"__comment": "Voxels",
			"from": [ 8, 4, 22 ],
			"to": [ 9, 5, 27 ],
			"faces": {
				"down": { "uv": [ 1.875, 8.875, 2, 9.5 ], "texture": "#250lb-gp-bomb" },
				"up": { "uv": [ 1.875, 8.875, 2, 8.25 ], "texture": "#250lb-gp-bomb" },
				"north": { "uv": [ 14.625, 15.75, 14.5, 15.875 ], "texture": "#250lb-gp-bomb" },
				"south": { "uv": [ 14.75, 15.75, 14.875, 15.875 ], "texture": "#250lb-gp-bomb" },
				"west": { "uv": [ 7.25, 8.75, 7.875, 8.875 ], "texture": "#250lb-gp-bomb" },
				"east": { "uv": [ 7.25, 8.625, 6.625, 8.75 ], "texture": "#250lb-gp-bomb" }
			}
		},
		{
			"__comment": "Voxels",
			"from": [ 8, 5, 17 ],
			"to": [ 9, 6, 18 ],
			"faces": {
				"down": { "uv": [ 15.125, 15.75, 15.25, 15.875 ], "texture": "#250lb-gp-bomb" },
				"up": { "uv": [ 15.5, 15.875, 15.625, 15.75 ], "texture": "#250lb-gp-bomb" },
				"north": { "uv": [ 15.75, 15.75, 15.625, 15.875 ], "texture": "#250lb-gp-bomb" },
				"south": { "uv": [ 15.75, 15.75, 15.875, 15.875 ], "texture": "#250lb-gp-bomb" },
				"west": { "uv": [ 15.875, 15.75, 16, 15.875 ], "texture": "#250lb-gp-bomb" },
				"east": { "uv": [ 8.125, 15.625, 8, 15.75 ], "texture": "#250lb-gp-bomb" }
			}
		},
		{
			"__comment": "Voxels",
			"from": [ 8, 6, -15 ],
			"to": [ 9, 7, -14 ],
			"faces": {
				"down": { "uv": [ 8, 15.5, 8.125, 15.625 ], "texture": "#250lb-gp-bomb" },
				"up": { "uv": [ 8, 15.5, 8.125, 15.375 ], "texture": "#250lb-gp-bomb" },
				"north": { "uv": [ 8.125, 15.25, 8, 15.375 ], "texture": "#250lb-gp-bomb" },
				"south": { "uv": [ 8, 15.125, 8.125, 15.25 ], "texture": "#250lb-gp-bomb" },
				"west": { "uv": [ 8, 15, 8.125, 15.125 ], "texture": "#250lb-gp-bomb" },
				"east": { "uv": [ 8.125, 14.875, 8, 15 ], "texture": "#250lb-gp-bomb" }
			}
		},
		{
			"__comment": "Voxels",
			"from": [ 8, 6, 20 ],
			"to": [ 9, 7, 22 ],
			"faces": {
				"down": { "uv": [ 2.625, 11, 2.75, 11.25 ], "texture": "#250lb-gp-bomb" },
				"up": { "uv": [ 2.75, 11.25, 2.875, 11 ], "texture": "#250lb-gp-bomb" },
				"north": { "uv": [ 8.125, 14.5, 8, 14.625 ], "texture": "#250lb-gp-bomb" },
				"south": { "uv": [ 8, 14.375, 8.125, 14.5 ], "texture": "#250lb-gp-bomb" },
				"west": { "uv": [ 0.625, 8, 0.875, 8.125 ], "texture": "#250lb-gp-bomb" },
				"east": { "uv": [ 4, 11, 3.75, 11.125 ], "texture": "#250lb-gp-bomb" }
			}
		},
		{
			"__comment": "Voxels",
			"from": [ 8, 7, -16 ],
			"to": [ 9, 8, -15 ],
			"faces": {
				"down": { "uv": [ 8, 14, 8.125, 14.125 ], "texture": "#250lb-gp-bomb" },
				"up": { "uv": [ 8, 14, 8.125, 13.875 ], "texture": "#250lb-gp-bomb" },
				"north": { "uv": [ 4, 8, 3.875, 8.125 ], "texture": "#250lb-gp-bomb" },
				"south": { "uv": [ 6.5, 9.75, 6.625, 9.875 ], "texture": "#250lb-gp-bomb" },
				"west": { "uv": [ 6.5, 9.625, 6.625, 9.75 ], "texture": "#250lb-gp-bomb" },
				"east": { "uv": [ 6.625, 9.5, 6.5, 9.625 ], "texture": "#250lb-gp-bomb" }
			}
		},
		{
			"__comment": "Voxels",
			"from": [ 8, 8, -15 ],
			"to": [ 9, 9, -14 ],
			"faces": {
				"down": { "uv": [ 7.75, 12.75, 7.875, 12.875 ], "texture": "#250lb-gp-bomb" },
				"up": { "uv": [ 7.75, 12.75, 7.875, 12.625 ], "texture": "#250lb-gp-bomb" },
				"north": { "uv": [ 7.875, 12.5, 7.75, 12.625 ], "texture": "#250lb-gp-bomb" },
				"south": { "uv": [ 7.75, 12.375, 7.875, 12.5 ], "texture": "#250lb-gp-bomb" },
				"west": { "uv": [ 7.75, 11.5, 7.875, 11.625 ], "texture": "#250lb-gp-bomb" },
				"east": { "uv": [ 7.875, 8, 7.75, 8.125 ], "texture": "#250lb-gp-bomb" }
			}
		},
		{
			"__comment": "Voxels",
			"from": [ 8, 8, 20 ],
			"to": [ 9, 9, 22 ],
			"faces": {
				"down": { "uv": [ 5.25, 11, 5.375, 11.25 ], "texture": "#250lb-gp-bomb" },
				"up": { "uv": [ 5.375, 11.25, 5.5, 11 ], "texture": "#250lb-gp-bomb" },
				"north": { "uv": [ 8, 11, 7.875, 11.125 ], "texture": "#250lb-gp-bomb" },
				"south": { "uv": [ 7.875, 10.875, 8, 11 ], "texture": "#250lb-gp-bomb" },
				"west": { "uv": [ 4.375, 10.125, 4.625, 10.25 ], "texture": "#250lb-gp-bomb" },
				"east": { "uv": [ 5.5, 10.875, 5.25, 11 ], "texture": "#250lb-gp-bomb" }
			}
		},
		{
			"__comment": "Voxels",
			"from": [ 8, 9, 19 ],
			"to": [ 9, 12, 20 ],
			"faces": {
				"down": { "uv": [ 7.875, 10.5, 8, 10.625 ], "texture": "#250lb-gp-bomb" },
				"up": { "uv": [ 7.875, 10.5, 8, 10.375 ], "texture": "#250lb-gp-bomb" },
				"north": { "uv": [ 4, 8.125, 3.875, 8.5 ], "texture": "#250lb-gp-bomb" },
				"south": { "uv": [ 4.5, 11, 4.625, 11.375 ], "texture": "#250lb-gp-bomb" },
				"west": { "uv": [ 4.5, 10.625, 4.625, 11 ], "texture": "#250lb-gp-bomb" },
				"east": { "uv": [ 5.5, 10.125, 5.375, 10.5 ], "texture": "#250lb-gp-bomb" }
			}
		},
		{
			"__comment": "Voxels",
			"from": [ 8, 10, 14 ],
			"to": [ 9, 11, 15 ],
			"faces": {
				"down": { "uv": [ 7.875, 9.75, 8, 9.875 ], "texture": "#250lb-gp-bomb" },
				"up": { "uv": [ 7.875, 9.75, 8, 9.625 ], "texture": "#250lb-gp-bomb" },
				"north": { "uv": [ 8, 9.5, 7.875, 9.625 ], "texture": "#250lb-gp-bomb" },
				"south": { "uv": [ 7.875, 9.375, 8, 9.5 ], "texture": "#250lb-gp-bomb" },
				"west": { "uv": [ 7.875, 9.25, 8, 9.375 ], "texture": "#250lb-gp-bomb" },
				"east": { "uv": [ 8, 9.125, 7.875, 9.25 ], "texture": "#250lb-gp-bomb" }
			}
		},
		{
			"__comment": "Voxels",
			"from": [ 8, 10, 18 ],
			"to": [ 9, 11, 19 ],
			"faces": {
				"down": { "uv": [ 7.875, 9, 8, 9.125 ], "texture": "#250lb-gp-bomb" },
				"up": { "uv": [ 8, 13.875, 8.125, 13.75 ], "texture": "#250lb-gp-bomb" },
				"north": { "uv": [ 8, 8.75, 7.875, 8.875 ], "texture": "#250lb-gp-bomb" },
				"south": { "uv": [ 7.875, 8.625, 8, 8.75 ], "texture": "#250lb-gp-bomb" },
				"west": { "uv": [ 7.875, 8.5, 8, 8.625 ], "texture": "#250lb-gp-bomb" },
				"east": { "uv": [ 8, 8.375, 7.875, 8.5 ], "texture": "#250lb-gp-bomb" }
			}
		},
		{
			"__comment": "Voxels",
			"from": [ 8, 10, 20 ],
			"to": [ 9, 12, 23 ],
			"faces": {
				"down": { "uv": [ 4.375, 10.25, 4.5, 10.625 ], "texture": "#250lb-gp-bomb" },
				"up": { "uv": [ 4.5, 10.625, 4.625, 10.25 ], "texture": "#250lb-gp-bomb" },
				"north": { "uv": [ 6.5, 8, 6.375, 8.25 ], "texture": "#250lb-gp-bomb" },
				"south": { "uv": [ 6.5, 8, 6.625, 8.25 ], "texture": "#250lb-gp-bomb" },
				"west": { "uv": [ 6.625, 12.125, 7, 12.375 ], "texture": "#250lb-gp-bomb" },
				"east": { "uv": [ 7, 11.875, 6.625, 12.125 ], "texture": "#250lb-gp-bomb" }
			}
		},
		{
			"__comment": "Voxels",
			"from": [ 8, 10, 23 ],
			"to": [ 9, 11, 27 ],
			"faces": {
				"down": { "uv": [ 3.875, 12.5, 4, 13 ], "texture": "#250lb-gp-bomb" },
				"up": { "uv": [ 3.75, 12.5, 3.875, 12 ], "texture": "#250lb-gp-bomb" },
				"north": { "uv": [ 13.125, 15.75, 13, 15.875 ], "texture": "#250lb-gp-bomb" },
				"south": { "uv": [ 13.125, 15.75, 13.25, 15.875 ], "texture": "#250lb-gp-bomb" },
				"west": { "uv": [ 7.375, 8.25, 7.875, 8.375 ], "texture": "#250lb-gp-bomb" },
				"east": { "uv": [ 7.875, 8.125, 7.375, 8.25 ], "texture": "#250lb-gp-bomb" }
			}
		},
		{
			"__comment": "Voxels",
			"from": [ 11, 4, 23 ],
			"to": [ 12, 5, 32 ],
			"faces": {
				"down": { "uv": [ 5.5, 9.5, 5.625, 10.625 ], "texture": "#250lb-gp-bomb" },
				"up": { "uv": [ 5.125, 9.75, 5.25, 8.625 ], "texture": "#250lb-gp-bomb" },
				"north": { "uv": [ 13.875, 15.75, 13.75, 15.875 ], "texture": "#250lb-gp-bomb" },
				"south": { "uv": [ 13.875, 15.75, 14, 15.875 ], "texture": "#250lb-gp-bomb" },
				"west": { "uv": [ 5.5, 10.75, 6.625, 10.875 ], "texture": "#250lb-gp-bomb" },
				"east": { "uv": [ 6.625, 10.875, 5.5, 11 ], "texture": "#250lb-gp-bomb" }
			}
		},
		{
			"__comment": "Voxels",
			"from": [ 11, 7, 20 ],
			"to": [ 13, 8, 27 ],
			"faces": {
				"down": { "uv": [ 0.625, 9.5, 0.875, 10.375 ], "texture": "#250lb-gp-bomb" },
				"up": { "uv": [ 0.625, 11.5, 0.875, 10.625 ], "texture": "#250lb-gp-bomb" },
				"north": { "uv": [ 7.875, 11.375, 7.625, 11.5 ], "texture": "#250lb-gp-bomb" },
				"south": { "uv": [ 0.625, 10.5, 0.875, 10.625 ], "texture": "#250lb-gp-bomb" },
				"west": { "uv": [ 6.625, 14, 7.5, 14.125 ], "texture": "#250lb-gp-bomb" },
				"east": { "uv": [ 7.5, 13.875, 6.625, 14 ], "texture": "#250lb-gp-bomb" }
			}
		},
		{
			"__comment": "Voxels",
			"from": [ 11, 10, 23 ],
			"to": [ 12, 11, 32 ],
			"faces": {
				"down": { "uv": [ 5, 8.625, 5.125, 9.75 ], "texture": "#250lb-gp-bomb" },
				"up": { "uv": [ 4.875, 9.75, 5, 8.625 ], "texture": "#250lb-gp-bomb" },
				"north": { "uv": [ 15.375, 15.75, 15.25, 15.875 ], "texture": "#250lb-gp-bomb" },
				"south": { "uv": [ 15.375, 15.75, 15.5, 15.875 ], "texture": "#250lb-gp-bomb" },
				"west": { "uv": [ 5.5, 12.25, 6.625, 12.375 ], "texture": "#250lb-gp-bomb" },
				"east": { "uv": [ 6.625, 10.625, 5.5, 10.75 ], "texture": "#250lb-gp-bomb" }
			}
		},
		{
			"__comment": "Voxels",
			"from": [ 12, 5, 23 ],
			"to": [ 13, 7, 32 ],
			"faces": {
				"down": { "uv": [ 5.25, 8.625, 5.375, 9.75 ], "texture": "#250lb-gp-bomb" },
				"up": { "uv": [ 5.375, 9.75, 5.5, 8.625 ], "texture": "#250lb-gp-bomb" },
				"north": { "uv": [ 8, 13.375, 7.875, 13.625 ], "texture": "#250lb-gp-bomb" },
				"south": { "uv": [ 7.875, 13.125, 8, 13.375 ], "texture": "#250lb-gp-bomb" },
				"west": { "uv": [ 5.5, 15.5, 6.625, 15.75 ], "texture": "#250lb-gp-bomb" },
				"east": { "uv": [ 6.625, 15.75, 5.5, 16 ], "texture": "#250lb-gp-bomb" }
			}
		},
		{
			"__comment": "Voxels",
			"from": [ 12, 7, 27 ],
			"to": [ 13, 10, 32 ],
			"faces": {
				"down": { "uv": [ 7.875, 15.375, 8, 16 ], "texture": "#250lb-gp-bomb" },
				"up": { "uv": [ 7.875, 15.375, 8, 14.75 ], "texture": "#250lb-gp-bomb" },
				"north": { "uv": [ 5.5, 8, 5.375, 8.375 ], "texture": "#250lb-gp-bomb" },
				"south": { "uv": [ 7.875, 14.375, 8, 14.75 ], "texture": "#250lb-gp-bomb" },
				"west": { "uv": [ 4, 11.75, 4.625, 12.125 ], "texture": "#250lb-gp-bomb" },
				"east": { "uv": [ 4.625, 11.375, 4, 11.75 ], "texture": "#250lb-gp-bomb" }
			}
		},
		{
			"__comment": "Voxels",
			"from": [ 12, 8, 23 ],
			"to": [ 13, 10, 27 ],
			"faces": {
				"down": { "uv": [ 3.875, 11.5, 4, 12 ], "texture": "#250lb-gp-bomb" },
				"up": { "uv": [ 3.75, 13, 3.875, 12.5 ], "texture": "#250lb-gp-bomb" },
				"north": { "uv": [ 8, 11.875, 7.875, 12.125 ], "texture": "#250lb-gp-bomb" },
				"south": { "uv": [ 7.875, 11.625, 8, 11.875 ], "texture": "#250lb-gp-bomb" },
				"west": { "uv": [ 4.75, 8.125, 5.25, 8.375 ], "texture": "#250lb-gp-bomb" },
				"east": { "uv": [ 6.125, 10.25, 5.625, 10.5 ], "texture": "#250lb-gp-bomb" }
			}
		}
	],
	"display": {
		"thirdperson_righthand": {
			"translation":  [ 0, -1.5, 0 ],
			"scale":  [ 0.4833, 0.4833, 0.4833 ]
		},
		"thirdperson_lefthand": {
			"translation":  [ 0, -1.5, 0 ],
			"scale":  [ 0.4833, 0.4833, 0.4833 ]
		}
	}
}