{
	"__comment": "Designed by Uran2471 with Cubik Studio - https://cubik.studio",
	"textures": {
		"particle": "items/particle",
		"texture": "items/texture",
		"hvar": "custom/hvar"
	},
	"elements": [ 	 
		{
			"__comment": "Voxels-CCCCCC",
			"from": [ 3, 8, -12 ],
			"to": [ 13, 9, -7 ],
			"faces": {
				"down": { "uv": [ 4.96, 0.96, 7.04, 3.04 ], "texture": "#hvar" },
				"up": { "uv": [ 4.96, 0.96, 7.04, 3.04 ], "texture": "#hvar" },
				"north": { "uv": [ 4.96, 0.96, 7.04, 3.04 ], "texture": "#hvar" },
				"south": { "uv": [ 4.96, 0.96, 7.04, 3.04 ], "texture": "#hvar" },
				"west": { "uv": [ 4.96, 0.96, 7.04, 3.04 ], "texture": "#hvar" },
				"east": { "uv": [ 4.96, 0.96, 7.04, 3.04 ], "texture": "#hvar" }
			}
		},
		{
			"__comment": "Voxels-CCCCCC",
			"from": [ 7, 7, -12 ],
			"to": [ 10, 8, -4 ],
			"faces": {
				"down": { "uv": [ 4.96, 0.96, 7.04, 3.04 ], "texture": "#hvar" },
				"up": { "uv": [ 4.96, 0.96, 7.04, 3.04 ], "texture": "#hvar" },
				"north": { "uv": [ 4.96, 0.96, 7.04, 3.04 ], "texture": "#hvar" },
				"south": { "uv": [ 4.96, 0.96, 7.04, 3.04 ], "texture": "#hvar" },
				"west": { "uv": [ 4.96, 0.96, 7.04, 3.04 ], "texture": "#hvar" },
				"east": { "uv": [ 4.96, 0.96, 7.04, 3.04 ], "texture": "#hvar" }
			}
		},
		{
			"__comment": "Voxels-E5E5E5",
			"from": [ 7, 7, -4 ],
			"to": [ 10, 10, -3 ],
			"faces": {
				"down": { "uv": [ 8.96, 0.96, 11.04, 3.04 ], "texture": "#hvar" },
				"up": { "uv": [ 8.96, 0.96, 11.04, 3.04 ], "texture": "#hvar" },
				"north": { "uv": [ 8.96, 0.96, 11.04, 3.04 ], "texture": "#hvar" },
				"south": { "uv": [ 8.96, 0.96, 11.04, 3.04 ], "texture": "#hvar" },
				"west": { "uv": [ 8.96, 0.96, 11.04, 3.04 ], "texture": "#hvar" },
				"east": { "uv": [ 8.96, 0.96, 11.04, 3.04 ], "texture": "#hvar" }
			}
		},
		{
			"__comment": "Voxels-CCCCCC",
			"from": [ 7, 7, -3 ],
			"to": [ 10, 10, 3 ],
			"faces": {
				"down": { "uv": [ 4.96, 0.96, 7.04, 3.04 ], "texture": "#hvar" },
				"up": { "uv": [ 4.96, 0.96, 7.04, 3.04 ], "texture": "#hvar" },
				"north": { "uv": [ 4.96, 0.96, 7.04, 3.04 ], "texture": "#hvar" },
				"south": { "uv": [ 4.96, 0.96, 7.04, 3.04 ], "texture": "#hvar" },
				"west": { "uv": [ 4.96, 0.96, 7.04, 3.04 ], "texture": "#hvar" },
				"east": { "uv": [ 4.96, 0.96, 7.04, 3.04 ], "texture": "#hvar" }
			}
		},
		{
			"__comment": "Voxels-7C7C7C",
			"from": [ 7, 7, 3 ],
			"to": [ 10, 10, 4 ],
			"faces": {
				"down": { "uv": [ 12.96, 0.96, 15.04, 3.04 ], "texture": "#hvar" },
				"up": { "uv": [ 12.96, 0.96, 15.04, 3.04 ], "texture": "#hvar" },
				"north": { "uv": [ 12.96, 0.96, 15.04, 3.04 ], "texture": "#hvar" },
				"south": { "uv": [ 12.96, 0.96, 15.04, 3.04 ], "texture": "#hvar" },
				"west": { "uv": [ 12.96, 0.96, 15.04, 3.04 ], "texture": "#hvar" },
				"east": { "uv": [ 12.96, 0.96, 15.04, 3.04 ], "texture": "#hvar" }
			}
		},
		{
			"__comment": "Voxels-CCCCCC",
			"from": [ 7, 7, 4 ],
			"to": [ 10, 10, 22 ],
			"faces": {
				"down": { "uv": [ 4.96, 0.96, 7.04, 3.04 ], "texture": "#hvar" },
				"up": { "uv": [ 4.96, 0.96, 7.04, 3.04 ], "texture": "#hvar" },
				"north": { "uv": [ 4.96, 0.96, 7.04, 3.04 ], "texture": "#hvar" },
				"south": { "uv": [ 4.96, 0.96, 7.04, 3.04 ], "texture": "#hvar" },
				"west": { "uv": [ 4.96, 0.96, 7.04, 3.04 ], "texture": "#hvar" },
				"east": { "uv": [ 4.96, 0.96, 7.04, 3.04 ], "texture": "#hvar" }
			}
		},
		{
			"__comment": "Voxels-0F0F0F",
			"from": [ 7, 7, 22 ],
			"to": [ 10, 10, 26 ],
			"faces": {
				"down": { "uv": [ 0.96, 4.96, 3.04, 7.04 ], "texture": "#hvar" },
				"up": { "uv": [ 0.96, 4.96, 3.04, 7.04 ], "texture": "#hvar" },
				"north": { "uv": [ 0.96, 4.96, 3.04, 7.04 ], "texture": "#hvar" },
				"south": { "uv": [ 0.96, 4.96, 3.04, 7.04 ], "texture": "#hvar" },
				"west": { "uv": [ 0.96, 4.96, 3.04, 7.04 ], "texture": "#hvar" },
				"east": { "uv": [ 0.96, 4.96, 3.04, 7.04 ], "texture": "#hvar" }
			}
		},
		{
			"__comment": "Voxels-CCCCCC",
			"from": [ 7, 8, -7 ],
			"to": [ 10, 10, -4 ],
			"faces": {
				"down": { "uv": [ 4.96, 0.96, 7.04, 3.04 ], "texture": "#hvar" },
				"up": { "uv": [ 4.96, 0.96, 7.04, 3.04 ], "texture": "#hvar" },
				"north": { "uv": [ 4.96, 0.96, 7.04, 3.04 ], "texture": "#hvar" },
				"south": { "uv": [ 4.96, 0.96, 7.04, 3.04 ], "texture": "#hvar" },
				"west": { "uv": [ 4.96, 0.96, 7.04, 3.04 ], "texture": "#hvar" },
				"east": { "uv": [ 4.96, 0.96, 7.04, 3.04 ], "texture": "#hvar" }
			}
		},
		{
			"__comment": "Voxels-0F0F0F",
			"from": [ 7, 8, 26 ],
			"to": [ 10, 9, 27 ],
			"faces": {
				"down": { "uv": [ 0.96, 4.96, 3.04, 7.04 ], "texture": "#hvar" },
				"up": { "uv": [ 0.96, 4.96, 3.04, 7.04 ], "texture": "#hvar" },
				"north": { "uv": [ 0.96, 4.96, 3.04, 7.04 ], "texture": "#hvar" },
				"south": { "uv": [ 0.96, 4.96, 3.04, 7.04 ], "texture": "#hvar" },
				"west": { "uv": [ 0.96, 4.96, 3.04, 7.04 ], "texture": "#hvar" },
				"east": { "uv": [ 0.96, 4.96, 3.04, 7.04 ], "texture": "#hvar" }
			}
		},
		{
			"__comment": "Voxels-CCCCE5",
			"from": [ 7, 8, 27 ],
			"to": [ 10, 9, 28 ],
			"faces": {
				"down": { "uv": [ 4.96, 4.96, 7.04, 7.04 ], "texture": "#hvar" },
				"up": { "uv": [ 4.96, 4.96, 7.04, 7.04 ], "texture": "#hvar" },
				"north": { "uv": [ 4.96, 4.96, 7.04, 7.04 ], "texture": "#hvar" },
				"south": { "uv": [ 4.96, 4.96, 7.04, 7.04 ], "texture": "#hvar" },
				"west": { "uv": [ 4.96, 4.96, 7.04, 7.04 ], "texture": "#hvar" },
				"east": { "uv": [ 4.96, 4.96, 7.04, 7.04 ], "texture": "#hvar" }
			}
		},
		{
			"__comment": "Voxels-CCCCCC",
			"from": [ 7, 9, -12 ],
			"to": [ 10, 10, -7 ],
			"faces": {
				"down": { "uv": [ 4.96, 0.96, 7.04, 3.04 ], "texture": "#hvar" },
				"up": { "uv": [ 4.96, 0.96, 7.04, 3.04 ], "texture": "#hvar" },
				"north": { "uv": [ 4.96, 0.96, 7.04, 3.04 ], "texture": "#hvar" },
				"south": { "uv": [ 4.96, 0.96, 7.04, 3.04 ], "texture": "#hvar" },
				"west": { "uv": [ 4.96, 0.96, 7.04, 3.04 ], "texture": "#hvar" },
				"east": { "uv": [ 4.96, 0.96, 7.04, 3.04 ], "texture": "#hvar" }
			}
		},
		{
			"__comment": "Voxels-0F0F0F",
			"from": [ 7, 9, 26 ],
			"to": [ 9, 10, 27 ],
			"faces": {
				"down": { "uv": [ 0.96, 4.96, 3.04, 7.04 ], "texture": "#hvar" },
				"up": { "uv": [ 0.96, 4.96, 3.04, 7.04 ], "texture": "#hvar" },
				"north": { "uv": [ 0.96, 4.96, 3.04, 7.04 ], "texture": "#hvar" },
				"south": { "uv": [ 0.96, 4.96, 3.04, 7.04 ], "texture": "#hvar" },
				"west": { "uv": [ 0.96, 4.96, 3.04, 7.04 ], "texture": "#hvar" },
				"east": { "uv": [ 0.96, 4.96, 3.04, 7.04 ], "texture": "#hvar" }
			}
		},
		{
			"__comment": "Voxels-CCCCCC",
			"from": [ 8, 3, -12 ],
			"to": [ 9, 7, -7 ],
			"faces": {
				"down": { "uv": [ 4.96, 0.96, 7.04, 3.04 ], "texture": "#hvar" },
				"up": { "uv": [ 4.96, 0.96, 7.04, 3.04 ], "texture": "#hvar" },
				"north": { "uv": [ 4.96, 0.96, 7.04, 3.04 ], "texture": "#hvar" },
				"south": { "uv": [ 4.96, 0.96, 7.04, 3.04 ], "texture": "#hvar" },
				"west": { "uv": [ 4.96, 0.96, 7.04, 3.04 ], "texture": "#hvar" },
				"east": { "uv": [ 4.96, 0.96, 7.04, 3.04 ], "texture": "#hvar" }
			}
		},
		{
			"__comment": "Voxels-0F0F0F",
			"from": [ 8, 7, 26 ],
			"to": [ 9, 8, 27 ],
			"faces": {
				"down": { "uv": [ 0.96, 4.96, 3.04, 7.04 ], "texture": "#hvar" },
				"up": { "uv": [ 0.96, 4.96, 3.04, 7.04 ], "texture": "#hvar" },
				"north": { "uv": [ 0.96, 4.96, 3.04, 7.04 ], "texture": "#hvar" },
				"south": { "uv": [ 0.96, 4.96, 3.04, 7.04 ], "texture": "#hvar" },
				"west": { "uv": [ 0.96, 4.96, 3.04, 7.04 ], "texture": "#hvar" },
				"east": { "uv": [ 0.96, 4.96, 3.04, 7.04 ], "texture": "#hvar" }
			}
		},
		{
			"__comment": "Voxels-CCCCE5",
			"from": [ 8, 7, 27 ],
			"to": [ 9, 8, 28 ],
			"faces": {
				"down": { "uv": [ 4.96, 4.96, 7.04, 7.04 ], "texture": "#hvar" },
				"up": { "uv": [ 4.96, 4.96, 7.04, 7.04 ], "texture": "#hvar" },
				"north": { "uv": [ 4.96, 4.96, 7.04, 7.04 ], "texture": "#hvar" },
				"south": { "uv": [ 4.96, 4.96, 7.04, 7.04 ], "texture": "#hvar" },
				"west": { "uv": [ 4.96, 4.96, 7.04, 7.04 ], "texture": "#hvar" },
				"east": { "uv": [ 4.96, 4.96, 7.04, 7.04 ], "texture": "#hvar" }
			}
		},
		{
			"__comment": "Voxels-CCCCE5",
			"from": [ 8, 8, 28 ],
			"to": [ 9, 9, 29 ],
			"faces": {
				"down": { "uv": [ 4.96, 4.96, 7.04, 7.04 ], "texture": "#hvar" },
				"up": { "uv": [ 4.96, 4.96, 7.04, 7.04 ], "texture": "#hvar" },
				"north": { "uv": [ 4.96, 4.96, 7.04, 7.04 ], "texture": "#hvar" },
				"south": { "uv": [ 4.96, 4.96, 7.04, 7.04 ], "texture": "#hvar" },
				"west": { "uv": [ 4.96, 4.96, 7.04, 7.04 ], "texture": "#hvar" },
				"east": { "uv": [ 4.96, 4.96, 7.04, 7.04 ], "texture": "#hvar" }
			}
		},
		{
			"__comment": "Voxels-CCCCE5",
			"from": [ 8, 9, 27 ],
			"to": [ 9, 10, 28 ],
			"faces": {
				"down": { "uv": [ 4.96, 4.96, 7.04, 7.04 ], "texture": "#hvar" },
				"up": { "uv": [ 4.96, 4.96, 7.04, 7.04 ], "texture": "#hvar" },
				"north": { "uv": [ 4.96, 4.96, 7.04, 7.04 ], "texture": "#hvar" },
				"south": { "uv": [ 4.96, 4.96, 7.04, 7.04 ], "texture": "#hvar" },
				"west": { "uv": [ 4.96, 4.96, 7.04, 7.04 ], "texture": "#hvar" },
				"east": { "uv": [ 4.96, 4.96, 7.04, 7.04 ], "texture": "#hvar" }
			}
		},
		{
			"__comment": "Voxels-CCCCCC",
			"from": [ 8, 10, -12 ],
			"to": [ 9, 13, -7 ],
			"faces": {
				"down": { "uv": [ 4.96, 0.96, 7.04, 3.04 ], "texture": "#hvar" },
				"up": { "uv": [ 4.96, 0.96, 7.04, 3.04 ], "texture": "#hvar" },
				"north": { "uv": [ 4.96, 0.96, 7.04, 3.04 ], "texture": "#hvar" },
				"south": { "uv": [ 4.96, 0.96, 7.04, 3.04 ], "texture": "#hvar" },
				"west": { "uv": [ 4.96, 0.96, 7.04, 3.04 ], "texture": "#hvar" },
				"east": { "uv": [ 4.96, 0.96, 7.04, 3.04 ], "texture": "#hvar" }
			}
		}
	],
	"display": {
		"thirdperson_righthand": {
			"rotation":  [ 0, 180, 45 ],
			"translation":  [ -6, 0, 12 ],
			"scale":  [ 0.702, 0.702, 0.702 ]
		},
		"thirdperson_lefthand": {
			"rotation":  [ 0, 0, 45 ],
			"translation":  [ -6, 0, 12 ],
			"scale":  [ 0.702, 0.702, 0.702 ]
		}
	}
}