{
	"__comment": "Designed by Uran2471 with Cubik Studio - https://cubik.studio",
	"textures": {
		"particle": "blocks/particle",
		"texture": "blocks/texture",
		"ju87b-rightwing": "custom/ju87b-rightwing"
	},
	"elements": [ 	 
		{
			"__comment": "rightwing",
			"from": [ 20.625, 2.25, -2.375 ],
			"to": [ 21.28891, 3.577816, 4.927989 ],
			"faces": {
				"down": { "uv": [ 0.5, 2.5, 1, 8 ], "texture": "#ju87b-rightwing" },
				"up": { "uv": [ 0, 8, 0.5, 2.5 ], "texture": "#ju87b-rightwing" },
				"north": { "uv": [ 2.5, 4, 2, 5 ], "texture": "#ju87b-rightwing" },
				"south": { "uv": [ 15.5, 15, 16, 16 ], "texture": "#ju87b-rightwing" },
				"west": { "uv": [ 0, 15, 5.5, 16 ], "texture": "#ju87b-rightwing" },
				"east": { "uv": [ 11, 15, 5.5, 16 ], "texture": "#ju87b-rightwing" }
			}
		},
		{
			"__comment": "rightwing1",
			"from": [ 20.625, 2.9139, -3.0389 ],
			"to": [ 22.61672, 3.577808, -2.374992 ],
			"faces": {
				"down": { "uv": [ 1.5, 1, 3, 1.5 ], "texture": "#ju87b-rightwing" },
				"up": { "uv": [ 1.5, 1, 3, 0.5 ], "texture": "#ju87b-rightwing" },
				"north": { "uv": [ 3, 0, 1.5, 0.5 ], "texture": "#ju87b-rightwing" },
				"south": { "uv": [ 14.5, 9, 16, 9.5 ], "texture": "#ju87b-rightwing" },
				"west": { "uv": [ 15.5, 13.5, 16, 14 ], "texture": "#ju87b-rightwing" },
				"east": { "uv": [ 16, 10.5, 15.5, 11 ], "texture": "#ju87b-rightwing" }
			}
		},
		{
			"__comment": "rightwing2",
			"from": [ 21.2889, 2.25, -1.7111 ],
			"to": [ 21.95281, 3.577816, 4.264072 ],
			"faces": {
				"down": { "uv": [ 1, 3.5, 1.5, 8 ], "texture": "#ju87b-rightwing" },
				"up": { "uv": [ 1.5, 8, 2, 3.5 ], "texture": "#ju87b-rightwing" },
				"north": { "uv": [ 16, 14, 15.5, 15 ], "texture": "#ju87b-rightwing" },
				"south": { "uv": [ 1, 2.5, 1.5, 3.5 ], "texture": "#ju87b-rightwing" },
				"west": { "uv": [ 11, 15, 15.5, 16 ], "texture": "#ju87b-rightwing" },
				"east": { "uv": [ 7.5, 14, 3, 15 ], "texture": "#ju87b-rightwing" }
			}
		},
		{
			"__comment": "rightwing3",
			"from": [ 21.2889, 2.25, 4.928 ],
			"to": [ 23.94453, 2.913908, 5.591908 ],
			"faces": {
				"down": { "uv": [ 3, 2.5, 5, 3 ], "texture": "#ju87b-rightwing" },
				"up": { "uv": [ 3, 2.5, 5, 2 ], "texture": "#ju87b-rightwing" },
				"north": { "uv": [ 16, 11, 14, 11.5 ], "texture": "#ju87b-rightwing" },
				"south": { "uv": [ 3, 1.5, 5, 2 ], "texture": "#ju87b-rightwing" },
				"west": { "uv": [ 14.5, 7, 15, 7.5 ], "texture": "#ju87b-rightwing" },
				"east": { "uv": [ 14.5, 7, 14, 7.5 ], "texture": "#ju87b-rightwing" }
			}
		},
		{
			"__comment": "rightwing4",
			"from": [ 21.2889, 2.25, 5.5919 ],
			"to": [ 21.95281, 2.913908, 6.255808 ],
			"faces": {
				"down": { "uv": [ 8, 3.5, 8.5, 4 ], "texture": "#ju87b-rightwing" },
				"up": { "uv": [ 8, 4.5, 8.5, 4 ], "texture": "#ju87b-rightwing" },
				"north": { "uv": [ 8.5, 4.5, 8, 5 ], "texture": "#ju87b-rightwing" },
				"south": { "uv": [ 8, 5, 8.5, 5.5 ], "texture": "#ju87b-rightwing" },
				"west": { "uv": [ 7.5, 0, 8, 0.5 ], "texture": "#ju87b-rightwing" },
				"east": { "uv": [ 9, 4, 8.5, 4.5 ], "texture": "#ju87b-rightwing" }
			}
		},
		{
			"__comment": "rightwing5",
			"from": [ 21.2889, 2.9139, -2.375 ],
			"to": [ 25.93626, 3.577808, -1.711092 ],
			"faces": {
				"down": { "uv": [ 11, 9, 14.5, 9.5 ], "texture": "#ju87b-rightwing" },
				"up": { "uv": [ 5, 9, 8.5, 8.5 ], "texture": "#ju87b-rightwing" },
				"north": { "uv": [ 15.5, 9.5, 12, 10 ], "texture": "#ju87b-rightwing" },
				"south": { "uv": [ 5, 8, 8.5, 8.5 ], "texture": "#ju87b-rightwing" },
				"west": { "uv": [ 8.5, 4.5, 9, 5 ], "texture": "#ju87b-rightwing" },
				"east": { "uv": [ 9, 5, 8.5, 5.5 ], "texture": "#ju87b-rightwing" }
			}
		},
		{
			"__comment": "rightwing6",
			"from": [ 21.2889, 2.9139, 4.2641 ],
			"to": [ 22.61672, 3.577808, 4.928008 ],
			"faces": {
				"down": { "uv": [ 2, 5.5, 3, 6 ], "texture": "#ju87b-rightwing" },
				"up": { "uv": [ 9.5, 7.5, 10.5, 7 ], "texture": "#ju87b-rightwing" },
				"north": { "uv": [ 9.5, 7, 8.5, 7.5 ], "texture": "#ju87b-rightwing" },
				"south": { "uv": [ 15, 7.5, 16, 8 ], "texture": "#ju87b-rightwing" },
				"west": { "uv": [ 8.5, 6, 9, 6.5 ], "texture": "#ju87b-rightwing" },
				"east": { "uv": [ 8, 3.5, 7.5, 4 ], "texture": "#ju87b-rightwing" }
			}
		},
		{
			"__comment": "rightwing7",
			"from": [ 21.9528, 2.25, -0.3833 ],
			"to": [ 22.61671, 3.577816, 2.272332 ],
			"faces": {
				"down": { "uv": [ 2, 6, 2.5, 8 ], "texture": "#ju87b-rightwing" },
				"up": { "uv": [ 2.5, 8, 3, 6 ], "texture": "#ju87b-rightwing" },
				"north": { "uv": [ 8.5, 6.5, 8, 7.5 ], "texture": "#ju87b-rightwing" },
				"south": { "uv": [ 2.5, 4, 3, 5 ], "texture": "#ju87b-rightwing" },
				"west": { "uv": [ 3, 7, 5, 8 ], "texture": "#ju87b-rightwing" },
				"east": { "uv": [ 5, 8, 3, 9 ], "texture": "#ju87b-rightwing" }
			}
		},
		{
			"__comment": "rightwing8",
			"from": [ 21.9528, 2.25, 4.2641 ],
			"to": [ 25.27234, 2.913908, 4.928008 ],
			"faces": {
				"down": { "uv": [ 5, 5, 7.5, 5.5 ], "texture": "#ju87b-rightwing" },
				"up": { "uv": [ 5, 5, 7.5, 4.5 ], "texture": "#ju87b-rightwing" },
				"north": { "uv": [ 7.5, 4, 5, 4.5 ], "texture": "#ju87b-rightwing" },
				"south": { "uv": [ 5, 3.5, 7.5, 4 ], "texture": "#ju87b-rightwing" },
				"west": { "uv": [ 7.5, 5, 8, 5.5 ], "texture": "#ju87b-rightwing" },
				"east": { "uv": [ 16, 8.5, 15.5, 9 ], "texture": "#ju87b-rightwing" }
			}
		},
		{
			"__comment": "rightwing9",
			"from": [ 21.9528, 2.9139, -1.7111 ],
			"to": [ 26.60015, 3.577808, -0.383284 ],
			"faces": {
				"down": { "uv": [ 10.5, 14, 14, 15 ], "texture": "#ju87b-rightwing" },
				"up": { "uv": [ 0, 13.5, 3.5, 12.5 ], "texture": "#ju87b-rightwing" },
				"north": { "uv": [ 15.5, 10, 12, 10.5 ], "texture": "#ju87b-rightwing" },
				"south": { "uv": [ 12, 8.5, 15.5, 9 ], "texture": "#ju87b-rightwing" },
				"west": { "uv": [ 9, 7.5, 10, 8 ], "texture": "#ju87b-rightwing" },
				"east": { "uv": [ 9, 7.5, 8, 8 ], "texture": "#ju87b-rightwing" }
			}
		},
		{
			"__comment": "rightwing10",
			"from": [ 21.9528, 2.9139, 2.2724 ],
			"to": [ 25.93625, 3.577808, 3.600216 ],
			"faces": {
				"down": { "uv": [ 13, 12.5, 16, 13.5 ], "texture": "#ju87b-rightwing" },
				"up": { "uv": [ 0, 12, 3, 11 ], "texture": "#ju87b-rightwing" },
				"north": { "uv": [ 8, 5.5, 5, 6 ], "texture": "#ju87b-rightwing" },
				"south": { "uv": [ 5, 6, 8, 6.5 ], "texture": "#ju87b-rightwing" },
				"west": { "uv": [ 10, 7.5, 11, 8 ], "texture": "#ju87b-rightwing" },
				"east": { "uv": [ 3, 5, 2, 5.5 ], "texture": "#ju87b-rightwing" }
			}
		},
		{
			"__comment": "rightwing11",
			"from": [ 21.9528, 2.9139, 3.6002 ],
			"to": [ 24.60843, 3.577808, 4.264108 ],
			"faces": {
				"down": { "uv": [ 3, 1, 5, 1.5 ], "texture": "#ju87b-rightwing" },
				"up": { "uv": [ 3, 1, 5, 0.5 ], "texture": "#ju87b-rightwing" },
				"north": { "uv": [ 5, 0, 3, 0.5 ], "texture": "#ju87b-rightwing" },
				"south": { "uv": [ 14, 11.5, 16, 12 ], "texture": "#ju87b-rightwing" },
				"west": { "uv": [ 8, 0.5, 8.5, 1 ], "texture": "#ju87b-rightwing" },
				"east": { "uv": [ 11.5, 7, 11, 7.5 ], "texture": "#ju87b-rightwing" }
			}
		},
		{
			"__comment": "rightwing12",
			"from": [ 22.6167, 2.9139, -0.3833 ],
			"to": [ 26.60015, 4.241716, 1.608424 ],
			"faces": {
				"down": { "uv": [ 7.5, 13.5, 10.5, 15 ], "texture": "#ju87b-rightwing" },
				"up": { "uv": [ 0, 15, 3, 13.5 ], "texture": "#ju87b-rightwing" },
				"north": { "uv": [ 3, 8, 0, 9 ], "texture": "#ju87b-rightwing" },
				"south": { "uv": [ 0, 10, 3, 11 ], "texture": "#ju87b-rightwing" },
				"west": { "uv": [ 0, 0, 1.5, 1 ], "texture": "#ju87b-rightwing" },
				"east": { "uv": [ 3, 2.5, 1.5, 3.5 ], "texture": "#ju87b-rightwing" }
			}
		},
		{
			"__comment": "rightwing13",
			"from": [ 22.6167, 2.9139, 1.6084 ],
			"to": [ 26.60015, 3.577808, 2.272308 ],
			"faces": {
				"down": { "uv": [ 8.5, 8, 11.5, 8.5 ], "texture": "#ju87b-rightwing" },
				"up": { "uv": [ 5, 7.5, 8, 7 ], "texture": "#ju87b-rightwing" },
				"north": { "uv": [ 16, 12, 13, 12.5 ], "texture": "#ju87b-rightwing" },
				"south": { "uv": [ 5, 6.5, 8, 7 ], "texture": "#ju87b-rightwing" },
				"west": { "uv": [ 12, 7, 12.5, 7.5 ], "texture": "#ju87b-rightwing" },
				"east": { "uv": [ 12, 7, 11.5, 7.5 ], "texture": "#ju87b-rightwing" }
			}
		},
		{
			"__comment": "rightwing14",
			"from": [ 22.6167, 3.5778, -1.0472 ],
			"to": [ 31.2475, 4.241708, -0.383292 ],
			"faces": {
				"down": { "uv": [ 6.5, 12, 13, 12.5 ], "texture": "#ju87b-rightwing" },
				"up": { "uv": [ 0, 12.5, 6.5, 12 ], "texture": "#ju87b-rightwing" },
				"north": { "uv": [ 10, 13, 3.5, 13.5 ], "texture": "#ju87b-rightwing" },
				"south": { "uv": [ 3.5, 12.5, 10, 13 ], "texture": "#ju87b-rightwing" },
				"west": { "uv": [ 8, 1.5, 8.5, 2 ], "texture": "#ju87b-rightwing" },
				"east": { "uv": [ 8.5, 1, 8, 1.5 ], "texture": "#ju87b-rightwing" }
			}
		},
		{
			"__comment": "rightwing15",
			"from": [ 23.2806, 2.25, 3.6002 ],
			"to": [ 25.27232, 2.913908, 4.264108 ],
			"faces": {
				"down": { "uv": [ 1.5, 2, 3, 2.5 ], "texture": "#ju87b-rightwing" },
				"up": { "uv": [ 5, 2.5, 6.5, 2 ], "texture": "#ju87b-rightwing" },
				"north": { "uv": [ 8, 2, 6.5, 2.5 ], "texture": "#ju87b-rightwing" },
				"south": { "uv": [ 5, 1.5, 6.5, 2 ], "texture": "#ju87b-rightwing" },
				"west": { "uv": [ 15.5, 10, 16, 10.5 ], "texture": "#ju87b-rightwing" },
				"east": { "uv": [ 16, 9.5, 15.5, 10 ], "texture": "#ju87b-rightwing" }
			}
		},
		{
			"__comment": "rightwing16",
			"from": [ 23.2806, 3.5778, -1.7111 ],
			"to": [ 30.58359, 4.241708, -1.047192 ],
			"faces": {
				"down": { "uv": [ 3, 11.5, 8.5, 12 ], "texture": "#ju87b-rightwing" },
				"up": { "uv": [ 8.5, 12, 14, 11.5 ], "texture": "#ju87b-rightwing" },
				"north": { "uv": [ 8.5, 11, 3, 11.5 ], "texture": "#ju87b-rightwing" },
				"south": { "uv": [ 8.5, 11, 14, 11.5 ], "texture": "#ju87b-rightwing" },
				"west": { "uv": [ 7.5, 4.5, 8, 5 ], "texture": "#ju87b-rightwing" },
				"east": { "uv": [ 8, 4, 7.5, 4.5 ], "texture": "#ju87b-rightwing" }
			}
		},
		{
			"__comment": "rightwing17",
			"from": [ 23.2806, 3.5778, 1.6084 ],
			"to": [ 29.25577, 4.241708, 2.272308 ],
			"faces": {
				"down": { "uv": [ 3, 13.5, 7.5, 14 ], "texture": "#ju87b-rightwing" },
				"up": { "uv": [ 7.5, 11, 12, 10.5 ], "texture": "#ju87b-rightwing" },
				"north": { "uv": [ 7.5, 10, 3, 10.5 ], "texture": "#ju87b-rightwing" },
				"south": { "uv": [ 3, 9.5, 7.5, 10 ], "texture": "#ju87b-rightwing" },
				"west": { "uv": [ 8.5, 6.5, 9, 7 ], "texture": "#ju87b-rightwing" },
				"east": { "uv": [ 16, 7, 15.5, 7.5 ], "texture": "#ju87b-rightwing" }
			}
		},
		{
			"__comment": "rightwing18",
			"from": [ 23.9445, 3.5778, -2.375 ],
			"to": [ 29.91967, 4.241708, -1.711092 ],
			"faces": {
				"down": { "uv": [ 7.5, 10, 12, 10.5 ], "texture": "#ju87b-rightwing" },
				"up": { "uv": [ 3, 11, 7.5, 10.5 ], "texture": "#ju87b-rightwing" },
				"north": { "uv": [ 7.5, 9, 3, 9.5 ], "texture": "#ju87b-rightwing" },
				"south": { "uv": [ 7.5, 9.5, 12, 10 ], "texture": "#ju87b-rightwing" },
				"west": { "uv": [ 15, 7, 15.5, 7.5 ], "texture": "#ju87b-rightwing" },
				"east": { "uv": [ 13, 7, 12.5, 7.5 ], "texture": "#ju87b-rightwing" }
			}
		},
		{
			"__comment": "rightwing19",
			"from": [ 24.6085, 3.5778, 2.2724 ],
			"to": [ 27.26413, 4.241708, 2.936308 ],
			"faces": {
				"down": { "uv": [ 3, 6.5, 5, 7 ], "texture": "#ju87b-rightwing" },
				"up": { "uv": [ 3, 6.5, 5, 6 ], "texture": "#ju87b-rightwing" },
				"north": { "uv": [ 5, 5.5, 3, 6 ], "texture": "#ju87b-rightwing" },
				"south": { "uv": [ 3, 5, 5, 5.5 ], "texture": "#ju87b-rightwing" },
				"west": { "uv": [ 8, 2.5, 8.5, 3 ], "texture": "#ju87b-rightwing" },
				"east": { "uv": [ 8.5, 3, 8, 3.5 ], "texture": "#ju87b-rightwing" }
			}
		},
		{
			"__comment": "rightwing20",
			"from": [ 26.6002, 2.9139, 2.9363 ],
			"to": [ 28.59192, 3.577808, 3.600208 ],
			"faces": {
				"down": { "uv": [ 6.5, 0.5, 8, 1 ], "texture": "#ju87b-rightwing" },
				"up": { "uv": [ 5, 1, 6.5, 0.5 ], "texture": "#ju87b-rightwing" },
				"north": { "uv": [ 8, 1, 6.5, 1.5 ], "texture": "#ju87b-rightwing" },
				"south": { "uv": [ 5, 0, 6.5, 0.5 ], "texture": "#ju87b-rightwing" },
				"west": { "uv": [ 8, 2, 8.5, 2.5 ], "texture": "#ju87b-rightwing" },
				"east": { "uv": [ 9, 5.5, 8.5, 6 ], "texture": "#ju87b-rightwing" }
			}
		},
		{
			"__comment": "rightwing21",
			"from": [ 26.6002, 3.5778, -0.3833 ],
			"to": [ 31.24755, 4.241708, 0.280608 ],
			"faces": {
				"down": { "uv": [ 7.5, 9, 11, 9.5 ], "texture": "#ju87b-rightwing" },
				"up": { "uv": [ 12, 11, 15.5, 10.5 ], "texture": "#ju87b-rightwing" },
				"north": { "uv": [ 12, 8.5, 8.5, 9 ], "texture": "#ju87b-rightwing" },
				"south": { "uv": [ 10.5, 13.5, 14, 14 ], "texture": "#ju87b-rightwing" },
				"west": { "uv": [ 8, 6, 8.5, 6.5 ], "texture": "#ju87b-rightwing" },
				"east": { "uv": [ 8.5, 5.5, 8, 6 ], "texture": "#ju87b-rightwing" }
			}
		},
		{
			"__comment": "rightwing22",
			"from": [ 26.6002, 3.5778, 0.2806 ],
			"to": [ 30.58365, 4.241708, 1.608416 ],
			"faces": {
				"down": { "uv": [ 10, 12.5, 13, 13.5 ], "texture": "#ju87b-rightwing" },
				"up": { "uv": [ 0, 10, 3, 9 ], "texture": "#ju87b-rightwing" },
				"north": { "uv": [ 14.5, 8, 11.5, 8.5 ], "texture": "#ju87b-rightwing" },
				"south": { "uv": [ 5, 7.5, 8, 8 ], "texture": "#ju87b-rightwing" },
				"west": { "uv": [ 2, 3.5, 3, 4 ], "texture": "#ju87b-rightwing" },
				"east": { "uv": [ 7.5, 0, 6.5, 0.5 ], "texture": "#ju87b-rightwing" }
			}
		},
		{
			"__comment": "rightwing23",
			"from": [ 27.2641, 2.9139, 2.2724 ],
			"to": [ 29.91973, 3.577808, 2.936308 ],
			"faces": {
				"down": { "uv": [ 3, 4, 5, 4.5 ], "texture": "#ju87b-rightwing" },
				"up": { "uv": [ 3, 4, 5, 3.5 ], "texture": "#ju87b-rightwing" },
				"north": { "uv": [ 5, 3, 3, 3.5 ], "texture": "#ju87b-rightwing" },
				"south": { "uv": [ 3, 4.5, 5, 5 ], "texture": "#ju87b-rightwing" },
				"west": { "uv": [ 8, 0, 8.5, 0.5 ], "texture": "#ju87b-rightwing" },
				"east": { "uv": [ 11, 7, 10.5, 7.5 ], "texture": "#ju87b-rightwing" }
			}
		},
		{
			"__comment": "rightwing24",
			"from": [ 28.5919, 2.9139, 1.6084 ],
			"to": [ 30.58362, 3.577808, 2.272308 ],
			"faces": {
				"down": { "uv": [ 5, 2.5, 6.5, 3 ], "texture": "#ju87b-rightwing" },
				"up": { "uv": [ 6.5, 3.5, 8, 3 ], "texture": "#ju87b-rightwing" },
				"north": { "uv": [ 6.5, 3, 5, 3.5 ], "texture": "#ju87b-rightwing" },
				"south": { "uv": [ 14.5, 8, 16, 8.5 ], "texture": "#ju87b-rightwing" },
				"west": { "uv": [ 13, 7, 13.5, 7.5 ], "texture": "#ju87b-rightwing" },
				"east": { "uv": [ 14, 7, 13.5, 7.5 ], "texture": "#ju87b-rightwing" }
			}
		},
		{
			"__comment": "rightwing25",
			"from": [ 29.9197, 4.2417, -1.7111 ],
			"to": [ 31.91142, 4.905608, 0.280624 ],
			"faces": {
				"down": { "uv": [ 0, 1, 1.5, 2.5 ], "texture": "#ju87b-rightwing" },
				"up": { "uv": [ 14, 15, 15.5, 13.5 ], "texture": "#ju87b-rightwing" },
				"north": { "uv": [ 3, 1.5, 1.5, 2 ], "texture": "#ju87b-rightwing" },
				"south": { "uv": [ 5, 1, 6.5, 1.5 ], "texture": "#ju87b-rightwing" },
				"west": { "uv": [ 6.5, 1.5, 8, 2 ], "texture": "#ju87b-rightwing" },
				"east": { "uv": [ 8, 2.5, 6.5, 3 ], "texture": "#ju87b-rightwing" }
			}
		},
		{
			"__comment": "rightwing26",
			"from": [ 30.5836, 4.2417, 0.2806 ],
			"to": [ 31.91142, 4.905608, 0.944508 ],
			"faces": {
				"down": { "uv": [ 11, 7.5, 12, 8 ], "texture": "#ju87b-rightwing" },
				"up": { "uv": [ 12, 8, 13, 7.5 ], "texture": "#ju87b-rightwing" },
				"north": { "uv": [ 14, 7.5, 13, 8 ], "texture": "#ju87b-rightwing" },
				"south": { "uv": [ 14, 7.5, 15, 8 ], "texture": "#ju87b-rightwing" },
				"west": { "uv": [ 8.5, 3.5, 9, 4 ], "texture": "#ju87b-rightwing" },
				"east": { "uv": [ 9, 3, 8.5, 3.5 ], "texture": "#ju87b-rightwing" }
			}
		}
	],
	"display": {
		"thirdperson_righthand": {
			"translation":  [ 20.72, 10.5, -15 ],
			"scale":  [ 3.748, 3.748, 3.748 ]
		}
	}
}