{
	"__comment": "Designed by Uran2471 with Cubik Studio - https://cubik.studio",
	"textures": {
		"particle": "blocks/particle",
		"texture": "blocks/texture",
		"ki-49-tail": "custom/ki-49-tail"
	},
	"elements": [ 	 
		{
			"__comment": "tail",
			"from": [ -9.166699, 10.6667, 24 ],
			"to": [ 25.2333, 11.36874, 25.40408 ],
			"faces": {
				"down": { "uv": [ 5.875, 15.75, 12, 16 ], "texture": "#ki-49-tail" },
				"up": { "uv": [ 5.875, 15.75, 12, 15.5 ], "texture": "#ki-49-tail" },
				"north": { "uv": [ 12, 15.375, 5.875, 15.5 ], "texture": "#ki-49-tail" },
				"south": { "uv": [ 5.875, 15.25, 12, 15.375 ], "texture": "#ki-49-tail" },
				"west": { "uv": [ 2.25, 8, 2.5, 8.125 ], "texture": "#ki-49-tail" },
				"east": { "uv": [ 12.75, 8.625, 12.5, 8.75 ], "texture": "#ki-49-tail" }
			}
		},
		{
			"__comment": "tail1",
			"from": [ -8.4646, 10.6667, 22.5959 ],
			"to": [ 24.53132, 11.36874, 23.99998 ],
			"faces": {
				"down": { "uv": [ 0, 15, 5.875, 15.25 ], "texture": "#ki-49-tail" },
				"up": { "uv": [ 0, 15, 5.875, 14.75 ], "texture": "#ki-49-tail" },
				"north": { "uv": [ 11.75, 14.25, 5.875, 14.375 ], "texture": "#ki-49-tail" },
				"south": { "uv": [ 5.875, 14.375, 11.75, 14.5 ], "texture": "#ki-49-tail" },
				"west": { "uv": [ 12.5, 8.75, 12.75, 8.875 ], "texture": "#ki-49-tail" },
				"east": { "uv": [ 16, 11.625, 15.75, 11.75 ], "texture": "#ki-49-tail" }
			}
		},
		{
			"__comment": "tail2",
			"from": [ -8.4646, 10.6667, 25.4041 ],
			"to": [ 25.23336, 11.36874, 26.10614 ],
			"faces": {
				"down": { "uv": [ 5.875, 15.125, 11.875, 15.25 ], "texture": "#ki-49-tail" },
				"up": { "uv": [ 5.875, 15.125, 11.875, 15 ], "texture": "#ki-49-tail" },
				"north": { "uv": [ 11.875, 14.875, 5.875, 15 ], "texture": "#ki-49-tail" },
				"south": { "uv": [ 5.875, 14.75, 11.875, 14.875 ], "texture": "#ki-49-tail" },
				"west": { "uv": [ 13.375, 10.375, 13.5, 10.5 ], "texture": "#ki-49-tail" },
				"east": { "uv": [ 15.5, 10.5, 15.375, 10.625 ], "texture": "#ki-49-tail" }
			}
		},
		{
			"__comment": "tail3",
			"from": [ -8.4646, 11.3687, 23.298 ],
			"to": [ 24.53132, 12.07074, 25.40412 ],
			"faces": {
				"down": { "uv": [ 0, 15.625, 5.875, 16 ], "texture": "#ki-49-tail" },
				"up": { "uv": [ 0, 15.625, 5.875, 15.25 ], "texture": "#ki-49-tail" },
				"north": { "uv": [ 11.75, 14.5, 5.875, 14.625 ], "texture": "#ki-49-tail" },
				"south": { "uv": [ 5.875, 14.625, 11.75, 14.75 ], "texture": "#ki-49-tail" },
				"west": { "uv": [ 12.125, 8.75, 12.5, 8.875 ], "texture": "#ki-49-tail" },
				"east": { "uv": [ 12.5, 8.625, 12.125, 8.75 ], "texture": "#ki-49-tail" }
			}
		},
		{
			"__comment": "tail4",
			"from": [ -7.7626, 10.6667, 26.1061 ],
			"to": [ 24.53128, 11.36874, 26.80814 ],
			"faces": {
				"down": { "uv": [ 5.875, 14.125, 11.625, 14.25 ], "texture": "#ki-49-tail" },
				"up": { "uv": [ 5.875, 14.125, 11.625, 14 ], "texture": "#ki-49-tail" },
				"north": { "uv": [ 11.625, 13.875, 5.875, 14 ], "texture": "#ki-49-tail" },
				"south": { "uv": [ 5.875, 13.375, 11.625, 13.5 ], "texture": "#ki-49-tail" },
				"west": { "uv": [ 14.75, 10.5, 14.875, 10.625 ], "texture": "#ki-49-tail" },
				"east": { "uv": [ 13.375, 8.125, 13.25, 8.25 ], "texture": "#ki-49-tail" }
			}
		},
		{
			"__comment": "tail5",
			"from": [ -7.7626, 11.3687, 22.5959 ],
			"to": [ 24.53128, 12.07074, 23.29794 ],
			"faces": {
				"down": { "uv": [ 5.875, 13.75, 11.625, 13.875 ], "texture": "#ki-49-tail" },
				"up": { "uv": [ 5.875, 13.75, 11.625, 13.625 ], "texture": "#ki-49-tail" },
				"north": { "uv": [ 11.625, 13.5, 5.875, 13.625 ], "texture": "#ki-49-tail" },
				"south": { "uv": [ 5.875, 13.25, 11.625, 13.375 ], "texture": "#ki-49-tail" },
				"west": { "uv": [ 13.25, 8.25, 13.375, 8.375 ], "texture": "#ki-49-tail" },
				"east": { "uv": [ 13.375, 10.375, 13.25, 10.5 ], "texture": "#ki-49-tail" }
			}
		},
		{
			"__comment": "tail6",
			"from": [ -7.7626, 11.3687, 25.4041 ],
			"to": [ 23.82924, 12.07074, 26.10614 ],
			"faces": {
				"down": { "uv": [ 5.875, 12.875, 11.5, 13 ], "texture": "#ki-49-tail" },
				"up": { "uv": [ 5.875, 13.25, 11.5, 13.125 ], "texture": "#ki-49-tail" },
				"north": { "uv": [ 11.5, 12.75, 5.875, 12.875 ], "texture": "#ki-49-tail" },
				"south": { "uv": [ 5.875, 13, 11.5, 13.125 ], "texture": "#ki-49-tail" },
				"west": { "uv": [ 13.25, 10.5, 13.375, 10.625 ], "texture": "#ki-49-tail" },
				"east": { "uv": [ 15.75, 10.625, 15.625, 10.75 ], "texture": "#ki-49-tail" }
			}
		},
		{
			"__comment": "tail7",
			"from": [ -7.0605, 10.6667, 21.8939 ],
			"to": [ 23.12726, 11.36874, 22.59594 ],
			"faces": {
				"down": { "uv": [ 5.875, 12.25, 11.25, 12.375 ], "texture": "#ki-49-tail" },
				"up": { "uv": [ 5.875, 12.5, 11.25, 12.375 ], "texture": "#ki-49-tail" },
				"north": { "uv": [ 11.25, 12.625, 5.875, 12.75 ], "texture": "#ki-49-tail" },
				"south": { "uv": [ 5.875, 12.5, 11.25, 12.625 ], "texture": "#ki-49-tail" },
				"west": { "uv": [ 15.5, 10.625, 15.625, 10.75 ], "texture": "#ki-49-tail" },
				"east": { "uv": [ 15.5, 10.625, 15.375, 10.75 ], "texture": "#ki-49-tail" }
			}
		},
		{
			"__comment": "tail8",
			"from": [ -6.3585, 10.6667, 26.8082 ],
			"to": [ 23.12722, 11.36874, 27.51024 ],
			"faces": {
				"down": { "uv": [ 5.875, 12, 11.125, 12.125 ], "texture": "#ki-49-tail" },
				"up": { "uv": [ 5.875, 12, 11.125, 11.875 ], "texture": "#ki-49-tail" },
				"north": { "uv": [ 5.875, 12.875, 0.625, 13 ], "texture": "#ki-49-tail" },
				"south": { "uv": [ 5.875, 12.125, 11.125, 12.25 ], "texture": "#ki-49-tail" },
				"west": { "uv": [ 15.25, 10.625, 15.375, 10.75 ], "texture": "#ki-49-tail" },
				"east": { "uv": [ 15, 10.625, 14.875, 10.75 ], "texture": "#ki-49-tail" }
			}
		},
		{
			"__comment": "tail9",
			"from": [ -5.6565, 11.3687, 21.8939 ],
			"to": [ 21.72309, 12.07074, 22.59594 ],
			"faces": {
				"down": { "uv": [ 5.875, 11.75, 10.75, 11.875 ], "texture": "#ki-49-tail" },
				"up": { "uv": [ 5.875, 11.75, 10.75, 11.625 ], "texture": "#ki-49-tail" },
				"north": { "uv": [ 10.75, 11.5, 5.875, 11.625 ], "texture": "#ki-49-tail" },
				"south": { "uv": [ 5.875, 11.375, 10.75, 11.5 ], "texture": "#ki-49-tail" },
				"west": { "uv": [ 14.75, 10.625, 14.875, 10.75 ], "texture": "#ki-49-tail" },
				"east": { "uv": [ 14, 10.625, 13.875, 10.75 ], "texture": "#ki-49-tail" }
			}
		},
		{
			"__comment": "tail10",
			"from": [ -4.2524, 10.6667, 21.1918 ],
			"to": [ 21.02107, 11.36874, 21.89384 ],
			"faces": {
				"down": { "uv": [ 11.5, 13.125, 16, 13.25 ], "texture": "#ki-49-tail" },
				"up": { "uv": [ 11.5, 12.875, 16, 12.75 ], "texture": "#ki-49-tail" },
				"north": { "uv": [ 16, 13, 11.5, 13.125 ], "texture": "#ki-49-tail" },
				"south": { "uv": [ 11.5, 12.875, 16, 13 ], "texture": "#ki-49-tail" },
				"west": { "uv": [ 13.75, 10.625, 13.875, 10.75 ], "texture": "#ki-49-tail" },
				"east": { "uv": [ 13.5, 10.625, 13.375, 10.75 ], "texture": "#ki-49-tail" }
			}
		},
		{
			"__comment": "tail11",
			"from": [ -3.5503, 10.6667, 27.5102 ],
			"to": [ 20.31909, 11.36874, 28.21224 ],
			"faces": {
				"down": { "uv": [ 11.75, 14.625, 16, 14.75 ], "texture": "#ki-49-tail" },
				"up": { "uv": [ 11.75, 14.625, 16, 14.5 ], "texture": "#ki-49-tail" },
				"north": { "uv": [ 16, 14.375, 11.75, 14.5 ], "texture": "#ki-49-tail" },
				"south": { "uv": [ 11.75, 14.25, 16, 14.375 ], "texture": "#ki-49-tail" },
				"west": { "uv": [ 13.25, 10.625, 13.375, 10.75 ], "texture": "#ki-49-tail" },
				"east": { "uv": [ 13.25, 8, 13.125, 8.125 ], "texture": "#ki-49-tail" }
			}
		},
		{
			"__comment": "tail12",
			"from": [ -2.8483, 11.3687, 21.1918 ],
			"to": [ 18.91497, 12.07074, 21.89384 ],
			"faces": {
				"down": { "uv": [ 12, 15.75, 15.875, 15.875 ], "texture": "#ki-49-tail" },
				"up": { "uv": [ 12, 16, 15.875, 15.875 ], "texture": "#ki-49-tail" },
				"north": { "uv": [ 15.875, 15.5, 12, 15.625 ], "texture": "#ki-49-tail" },
				"south": { "uv": [ 12, 15.625, 15.875, 15.75 ], "texture": "#ki-49-tail" },
				"west": { "uv": [ 13.125, 8.125, 13.25, 8.25 ], "texture": "#ki-49-tail" },
				"east": { "uv": [ 13.5, 8.875, 13.375, 9 ], "texture": "#ki-49-tail" }
			}
		},
		{
			"__comment": "tail13",
			"from": [ -2.1463, 10.6667, 20.4898 ],
			"to": [ 18.21288, 11.36874, 21.19184 ],
			"faces": {
				"down": { "uv": [ 2.25, 10.75, 5.875, 10.875 ], "texture": "#ki-49-tail" },
				"up": { "uv": [ 2.25, 11, 5.875, 10.875 ], "texture": "#ki-49-tail" },
				"north": { "uv": [ 5.875, 10.625, 2.25, 10.75 ], "texture": "#ki-49-tail" },
				"south": { "uv": [ 2.25, 11, 5.875, 11.125 ], "texture": "#ki-49-tail" },
				"west": { "uv": [ 13.375, 9, 13.5, 9.125 ], "texture": "#ki-49-tail" },
				"east": { "uv": [ 13.5, 10.5, 13.375, 10.625 ], "texture": "#ki-49-tail" }
			}
		},
		{
			"__comment": "tail14",
			"from": [ -0.7422, 11.3687, 26.1061 ],
			"to": [ 16.80882, 12.07074, 26.80814 ],
			"faces": {
				"down": { "uv": [ 12, 15.25, 15.125, 15.375 ], "texture": "#ki-49-tail" },
				"up": { "uv": [ 11.875, 15.25, 15, 15.125 ], "texture": "#ki-49-tail" },
				"north": { "uv": [ 15.125, 15.375, 12, 15.5 ], "texture": "#ki-49-tail" },
				"south": { "uv": [ 11.875, 15, 15, 15.125 ], "texture": "#ki-49-tail" },
				"west": { "uv": [ 13.25, 8, 13.375, 8.125 ], "texture": "#ki-49-tail" },
				"east": { "uv": [ 13.375, 8.375, 13.25, 8.5 ], "texture": "#ki-49-tail" }
			}
		},
		{
			"__comment": "tail15",
			"from": [ -0.0401, 11.3687, 20.4898 ],
			"to": [ 16.10684, 12.07074, 21.19184 ],
			"faces": {
				"down": { "uv": [ 11.875, 14.875, 14.75, 15 ], "texture": "#ki-49-tail" },
				"up": { "uv": [ 11.875, 14.875, 14.75, 14.75 ], "texture": "#ki-49-tail" },
				"north": { "uv": [ 14.5, 14.125, 11.625, 14.25 ], "texture": "#ki-49-tail" },
				"south": { "uv": [ 11.625, 14, 14.5, 14.125 ], "texture": "#ki-49-tail" },
				"west": { "uv": [ 13.25, 8.5, 13.375, 8.625 ], "texture": "#ki-49-tail" },
				"east": { "uv": [ 13.5, 9.125, 13.375, 9.25 ], "texture": "#ki-49-tail" }
			}
		},
		{
			"__comment": "tail16",
			"from": [ 0.6619, 10.6667, 19.7878 ],
			"to": [ 16.1068, 11.36874, 20.48984 ],
			"faces": {
				"down": { "uv": [ 11.625, 13.875, 14.375, 14 ], "texture": "#ki-49-tail" },
				"up": { "uv": [ 11.625, 13.875, 14.375, 13.75 ], "texture": "#ki-49-tail" },
				"north": { "uv": [ 14.375, 13.625, 11.625, 13.75 ], "texture": "#ki-49-tail" },
				"south": { "uv": [ 11.625, 13.5, 14.375, 13.625 ], "texture": "#ki-49-tail" },
				"west": { "uv": [ 13.375, 10.25, 13.5, 10.375 ], "texture": "#ki-49-tail" },
				"east": { "uv": [ 13.125, 8, 13, 8.125 ], "texture": "#ki-49-tail" }
			}
		},
		{
			"__comment": "tail17",
			"from": [ 2.768, 10.6667, 19.0857 ],
			"to": [ 14.00065, 11.36874, 19.78774 ],
			"faces": {
				"down": { "uv": [ 11.625, 13.375, 13.625, 13.5 ], "texture": "#ki-49-tail" },
				"up": { "uv": [ 13.625, 13.5, 15.625, 13.375 ], "texture": "#ki-49-tail" },
				"north": { "uv": [ 13.625, 13.25, 11.625, 13.375 ], "texture": "#ki-49-tail" },
				"south": { "uv": [ 13.625, 13.25, 15.625, 13.375 ], "texture": "#ki-49-tail" },
				"west": { "uv": [ 13, 8.125, 13.125, 8.25 ], "texture": "#ki-49-tail" },
				"east": { "uv": [ 13.25, 10.25, 13.125, 10.375 ], "texture": "#ki-49-tail" }
			}
		},
		{
			"__comment": "tail18",
			"from": [ 2.768, 11.3687, 19.7878 ],
			"to": [ 13.29861, 12.07074, 20.48984 ],
			"faces": {
				"down": { "uv": [ 7.875, 11.125, 9.75, 11.25 ], "texture": "#ki-49-tail" },
				"up": { "uv": [ 7.25, 11.375, 9.125, 11.25 ], "texture": "#ki-49-tail" },
				"north": { "uv": [ 9.75, 10.75, 7.875, 10.875 ], "texture": "#ki-49-tail" },
				"south": { "uv": [ 9.125, 11.25, 11, 11.375 ], "texture": "#ki-49-tail" },
				"west": { "uv": [ 13.125, 8.375, 13.25, 8.5 ], "texture": "#ki-49-tail" },
				"east": { "uv": [ 13.25, 8.25, 13.125, 8.375 ], "texture": "#ki-49-tail" }
			}
		},
		{
			"__comment": "tail21",
			"from": [ 4.8742, 10.6667, 18.3837 ],
			"to": [ 11.19257, 11.36874, 19.08574 ],
			"faces": {
				"down": { "uv": [ 14.5, 14.125, 15.625, 14.25 ], "texture": "#ki-49-tail" },
				"up": { "uv": [ 3.75, 13.125, 4.875, 13 ], "texture": "#ki-49-tail" },
				"north": { "uv": [ 15.5, 13.875, 14.375, 14 ], "texture": "#ki-49-tail" },
				"south": { "uv": [ 14.375, 13.75, 15.5, 13.875 ], "texture": "#ki-49-tail" },
				"west": { "uv": [ 13.75, 10.5, 13.875, 10.625 ], "texture": "#ki-49-tail" },
				"east": { "uv": [ 14, 10.5, 13.875, 10.625 ], "texture": "#ki-49-tail" }
			}
		},
		{
			"__comment": "tail22",
			"from": [ 5.5762, 5.7524, 8.555099 ],
			"to": [ 10.49049, 7.156482, 13.46939 ],
			"faces": {
				"down": { "uv": [ 3.25, 13.875, 4.125, 14.75 ], "texture": "#ki-49-tail" },
				"up": { "uv": [ 4.125, 14.75, 5, 13.875 ], "texture": "#ki-49-tail" },
				"north": { "uv": [ 8.75, 9.25, 7.875, 9.5 ], "texture": "#ki-49-tail" },
				"south": { "uv": [ 7.875, 9.5, 8.75, 9.75 ], "texture": "#ki-49-tail" },
				"west": { "uv": [ 7.875, 9.75, 8.75, 10 ], "texture": "#ki-49-tail" },
				"east": { "uv": [ 8.75, 10.25, 7.875, 10.5 ], "texture": "#ki-49-tail" }
			}
		},
		{
			"__comment": "tail23",
			"from": [ 5.5762, 6.4544, 13.4694 ],
			"to": [ 11.19253, 10.66665, 14.17144 ],
			"faces": {
				"down": { "uv": [ 12.25, 12.625, 13.25, 12.75 ], "texture": "#ki-49-tail" },
				"up": { "uv": [ 11.75, 12.5, 12.75, 12.375 ], "texture": "#ki-49-tail" },
				"north": { "uv": [ 1.625, 13, 0.625, 13.75 ], "texture": "#ki-49-tail" },
				"south": { "uv": [ 1.625, 13, 2.625, 13.75 ], "texture": "#ki-49-tail" },
				"west": { "uv": [ 1.375, 8.375, 1.5, 9.125 ], "texture": "#ki-49-tail" },
				"east": { "uv": [ 11.625, 9.75, 11.5, 10.5 ], "texture": "#ki-49-tail" }
			}
		},
		{
			"__comment": "tail24",
			"from": [ 5.5762, 6.4544, 14.1714 ],
			"to": [ 11.19253, 9.964604, 15.57548 ],
			"faces": {
				"down": { "uv": [ 5.875, 8.5, 6.875, 8.75 ], "texture": "#ki-49-tail" },
				"up": { "uv": [ 5.875, 8.5, 6.875, 8.25 ], "texture": "#ki-49-tail" },
				"north": { "uv": [ 3.5, 12.25, 2.5, 12.875 ], "texture": "#ki-49-tail" },
				"south": { "uv": [ 1.5, 12.25, 2.5, 12.875 ], "texture": "#ki-49-tail" },
				"west": { "uv": [ 10.125, 9.25, 10.375, 9.875 ], "texture": "#ki-49-tail" },
				"east": { "uv": [ 5.75, 12.25, 5.5, 12.875 ], "texture": "#ki-49-tail" }
			}
		},
		{
			"__comment": "tail25",
			"from": [ 5.5762, 6.4544, 15.5755 ],
			"to": [ 10.49049, 11.36869, 18.38366 ],
			"faces": {
				"down": { "uv": [ 4.875, 11.25, 5.75, 11.75 ], "texture": "#ki-49-tail" },
				"up": { "uv": [ 2.75, 10.625, 3.625, 10.125 ], "texture": "#ki-49-tail" },
				"north": { "uv": [ 3.25, 13.875, 2.375, 14.75 ], "texture": "#ki-49-tail" },
				"south": { "uv": [ 5, 13.875, 5.875, 14.75 ], "texture": "#ki-49-tail" },
				"west": { "uv": [ 2.25, 9.75, 2.75, 10.625 ], "texture": "#ki-49-tail" },
				"east": { "uv": [ 0.5, 8.625, 0, 9.5 ], "texture": "#ki-49-tail" }
			}
		},
		{
			"__comment": "tail26",
			"from": [ 5.5762, 6.4544, 18.3837 ],
			"to": [ 10.49049, 10.66665, 19.08574 ],
			"faces": {
				"down": { "uv": [ 3.25, 13.75, 4.125, 13.875 ], "texture": "#ki-49-tail" },
				"up": { "uv": [ 2.375, 13.875, 3.25, 13.75 ], "texture": "#ki-49-tail" },
				"north": { "uv": [ 1.5, 11.375, 0.625, 12.125 ], "texture": "#ki-49-tail" },
				"south": { "uv": [ 0.625, 10.625, 1.5, 11.375 ], "texture": "#ki-49-tail" },
				"west": { "uv": [ 11.5, 9, 11.625, 9.75 ], "texture": "#ki-49-tail" },
				"east": { "uv": [ 11.625, 8.25, 11.5, 9 ], "texture": "#ki-49-tail" }
			}
		},
		{
			"__comment": "tail27",
			"from": [ 5.5762, 7.1565, 12.0653 ],
			"to": [ 11.19253, 7.858541, 13.46938 ],
			"faces": {
				"down": { "uv": [ 5.875, 9.5, 6.875, 9.75 ], "texture": "#ki-49-tail" },
				"up": { "uv": [ 5.875, 9.5, 6.875, 9.25 ], "texture": "#ki-49-tail" },
				"north": { "uv": [ 15.25, 12.625, 14.25, 12.75 ], "texture": "#ki-49-tail" },
				"south": { "uv": [ 13.25, 12.625, 14.25, 12.75 ], "texture": "#ki-49-tail" },
				"west": { "uv": [ 14.25, 10.75, 14.5, 10.875 ], "texture": "#ki-49-tail" },
				"east": { "uv": [ 13.75, 10.75, 13.5, 10.875 ], "texture": "#ki-49-tail" }
			}
		},
		{
			"__comment": "tail28",
			"from": [ 5.5762, 7.1565, 19.0857 ],
			"to": [ 10.49049, 10.6667, 23.29794 ],
			"faces": {
				"down": { "uv": [ 0.625, 9.125, 1.5, 9.875 ], "texture": "#ki-49-tail" },
				"up": { "uv": [ 0.625, 10.625, 1.5, 9.875 ], "texture": "#ki-49-tail" },
				"north": { "uv": [ 4, 11.125, 3.125, 11.75 ], "texture": "#ki-49-tail" },
				"south": { "uv": [ 2.25, 11.125, 3.125, 11.75 ], "texture": "#ki-49-tail" },
				"west": { "uv": [ 1.5, 10.375, 2.25, 11 ], "texture": "#ki-49-tail" },
				"east": { "uv": [ 2.25, 9.125, 1.5, 9.75 ], "texture": "#ki-49-tail" }
			}
		},
		{
			"__comment": "tail29",
			"from": [ 5.5762, 7.8585, 12.7673 ],
			"to": [ 11.19253, 10.66666, 13.46934 ],
			"faces": {
				"down": { "uv": [ 11.25, 12.5, 12.25, 12.625 ], "texture": "#ki-49-tail" },
				"up": { "uv": [ 12.25, 12.625, 13.25, 12.5 ], "texture": "#ki-49-tail" },
				"north": { "uv": [ 5.75, 11.75, 4.75, 12.25 ], "texture": "#ki-49-tail" },
				"south": { "uv": [ 3.75, 11.75, 4.75, 12.25 ], "texture": "#ki-49-tail" },
				"west": { "uv": [ 9.25, 8, 9.375, 8.5 ], "texture": "#ki-49-tail" },
				"east": { "uv": [ 9.25, 8, 9.125, 8.5 ], "texture": "#ki-49-tail" }
			}
		},
		{
			"__comment": "tail30",
			"from": [ 5.5762, 7.8585, 23.298 ],
			"to": [ 10.49049, 10.66666, 27.51025 ],
			"faces": {
				"down": { "uv": [ 0.625, 12.125, 1.5, 12.875 ], "texture": "#ki-49-tail" },
				"up": { "uv": [ 4.875, 13.75, 5.75, 13 ], "texture": "#ki-49-tail" },
				"north": { "uv": [ 4.875, 11.25, 4, 11.75 ], "texture": "#ki-49-tail" },
				"south": { "uv": [ 2.75, 9.625, 3.625, 10.125 ], "texture": "#ki-49-tail" },
				"west": { "uv": [ 2.75, 8.125, 3.5, 8.625 ], "texture": "#ki-49-tail" },
				"east": { "uv": [ 3.5, 8.625, 2.75, 9.125 ], "texture": "#ki-49-tail" }
			}
		},
		{
			"__comment": "tail35",
			"from": [ 5.5762, 9.9646, 14.1714 ],
			"to": [ 10.49049, 11.36868, 15.57548 ],
			"faces": {
				"down": { "uv": [ 7.875, 10, 8.75, 10.25 ], "texture": "#ki-49-tail" },
				"up": { "uv": [ 7.875, 8.75, 8.75, 8.5 ], "texture": "#ki-49-tail" },
				"north": { "uv": [ 10.5, 10.5, 9.625, 10.75 ], "texture": "#ki-49-tail" },
				"south": { "uv": [ 5.875, 8, 6.75, 8.25 ], "texture": "#ki-49-tail" },
				"west": { "uv": [ 6.75, 8, 7, 8.25 ], "texture": "#ki-49-tail" },
				"east": { "uv": [ 4.375, 8, 4.125, 8.25 ], "texture": "#ki-49-tail" }
			}
		},
		{
			"__comment": "tail36",
			"from": [ 5.5762, 10.6667, 8.555099 ],
			"to": [ 10.49049, 11.36874, 14.17143 ],
			"faces": {
				"down": { "uv": [ 0.625, 13.75, 1.5, 14.75 ], "texture": "#ki-49-tail" },
				"up": { "uv": [ 1.5, 14.75, 2.375, 13.75 ], "texture": "#ki-49-tail" },
				"north": { "uv": [ 3.625, 8, 2.75, 8.125 ], "texture": "#ki-49-tail" },
				"south": { "uv": [ 5, 8, 5.875, 8.125 ], "texture": "#ki-49-tail" },
				"west": { "uv": [ 9.75, 10.75, 10.75, 10.875 ], "texture": "#ki-49-tail" },
				"east": { "uv": [ 12.25, 12.625, 11.25, 12.75 ], "texture": "#ki-49-tail" }
			}
		},
		{
			"__comment": "tail37",
			"from": [ 5.5762, 11.3687, 19.0857 ],
			"to": [ 10.49049, 12.07074, 19.78774 ],
			"faces": {
				"down": { "uv": [ 15.125, 15.375, 16, 15.5 ], "texture": "#ki-49-tail" },
				"up": { "uv": [ 15.125, 15.375, 16, 15.25 ], "texture": "#ki-49-tail" },
				"north": { "uv": [ 12.625, 12.25, 11.75, 12.375 ], "texture": "#ki-49-tail" },
				"south": { "uv": [ 12.75, 12.375, 13.625, 12.5 ], "texture": "#ki-49-tail" },
				"west": { "uv": [ 15.875, 11, 16, 11.125 ], "texture": "#ki-49-tail" },
				"east": { "uv": [ 13, 8, 12.875, 8.125 ], "texture": "#ki-49-tail" }
			}
		},
		{
			"__comment": "tail39",
			"from": [ 6.2782, 5.7524, 13.4694 ],
			"to": [ 10.49044, 6.454441, 16.9796 ],
			"faces": {
				"down": { "uv": [ 1.5, 8.5, 2.25, 9.125 ], "texture": "#ki-49-tail" },
				"up": { "uv": [ 1.5, 10.375, 2.25, 9.75 ], "texture": "#ki-49-tail" },
				"north": { "uv": [ 15.875, 11.75, 15.125, 11.875 ], "texture": "#ki-49-tail" },
				"south": { "uv": [ 12.5, 11.875, 13.25, 12 ], "texture": "#ki-49-tail" },
				"west": { "uv": [ 12.125, 11.5, 12.75, 11.625 ], "texture": "#ki-49-tail" },
				"east": { "uv": [ 13.375, 11.5, 12.75, 11.625 ], "texture": "#ki-49-tail" }
			}
		},
		{
			"__comment": "tail40",
			"from": [ 6.2782, 5.7524, 16.9796 ],
			"to": [ 9.788404, 6.454441, 18.38368 ],
			"faces": {
				"down": { "uv": [ 9.875, 9.875, 10.5, 10.125 ], "texture": "#ki-49-tail" },
				"up": { "uv": [ 10.5, 10.125, 11.125, 9.875 ], "texture": "#ki-49-tail" },
				"north": { "uv": [ 14, 11.5, 13.375, 11.625 ], "texture": "#ki-49-tail" },
				"south": { "uv": [ 14, 11.5, 14.625, 11.625 ], "texture": "#ki-49-tail" },
				"west": { "uv": [ 13.25, 10.75, 13.5, 10.875 ], "texture": "#ki-49-tail" },
				"east": { "uv": [ 15.75, 10.875, 15.5, 11 ], "texture": "#ki-49-tail" }
			}
		},
		{
			"__comment": "tail41",
			"from": [ 6.2782, 6.4544, 19.0857 ],
			"to": [ 10.49044, 7.156441, 21.19182 ],
			"faces": {
				"down": { "uv": [ 5, 8.125, 5.75, 8.5 ], "texture": "#ki-49-tail" },
				"up": { "uv": [ 5.875, 10.875, 6.625, 10.5 ], "texture": "#ki-49-tail" },
				"north": { "uv": [ 14, 12.125, 13.25, 12.25 ], "texture": "#ki-49-tail" },
				"south": { "uv": [ 14, 12.125, 14.75, 12.25 ], "texture": "#ki-49-tail" },
				"west": { "uv": [ 11.75, 8, 12.125, 8.125 ], "texture": "#ki-49-tail" },
				"east": { "uv": [ 12.125, 8.125, 11.75, 8.25 ], "texture": "#ki-49-tail" }
			}
		},
		{
			"__comment": "tail42",
			"from": [ 6.2782, 6.4544, 21.1918 ],
			"to": [ 9.788404, 7.156441, 23.29792 ],
			"faces": {
				"down": { "uv": [ 7.25, 10.5, 7.875, 10.875 ], "texture": "#ki-49-tail" },
				"up": { "uv": [ 7.25, 11.25, 7.875, 10.875 ], "texture": "#ki-49-tail" },
				"north": { "uv": [ 15.25, 11.5, 14.625, 11.625 ], "texture": "#ki-49-tail" },
				"south": { "uv": [ 15.25, 11.5, 15.875, 11.625 ], "texture": "#ki-49-tail" },
				"west": { "uv": [ 11.75, 8.25, 12.125, 8.375 ], "texture": "#ki-49-tail" },
				"east": { "uv": [ 16, 13.375, 15.625, 13.5 ], "texture": "#ki-49-tail" }
			}
		},
		{
			"__comment": "tail43",
			"from": [ 6.2782, 7.1565, 23.298 ],
			"to": [ 10.49044, 7.858541, 27.51025 ],
			"faces": {
				"down": { "uv": [ 0.625, 8.375, 1.375, 9.125 ], "texture": "#ki-49-tail" },
				"up": { "uv": [ 1.5, 11.75, 2.25, 11 ], "texture": "#ki-49-tail" },
				"north": { "uv": [ 14.75, 11.875, 14, 12 ], "texture": "#ki-49-tail" },
				"south": { "uv": [ 14.75, 11.875, 15.5, 12 ], "texture": "#ki-49-tail" },
				"west": { "uv": [ 12.125, 11.75, 12.875, 11.875 ], "texture": "#ki-49-tail" },
				"east": { "uv": [ 13.625, 11.75, 12.875, 11.875 ], "texture": "#ki-49-tail" }
			}
		},
		{
			"__comment": "tail48",
			"from": [ 6.2782, 10.6667, 28.2122 ],
			"to": [ 10.49044, 11.36874, 28.91424 ],
			"faces": {
				"down": { "uv": [ 14.75, 12.125, 15.5, 12.25 ], "texture": "#ki-49-tail" },
				"up": { "uv": [ 11.625, 12.125, 12.375, 12 ], "texture": "#ki-49-tail" },
				"north": { "uv": [ 13.125, 12, 12.375, 12.125 ], "texture": "#ki-49-tail" },
				"south": { "uv": [ 13.125, 12, 13.875, 12.125 ], "texture": "#ki-49-tail" },
				"west": { "uv": [ 13.125, 8.5, 13.25, 8.625 ], "texture": "#ki-49-tail" },
				"east": { "uv": [ 13.375, 9.75, 13.25, 9.875 ], "texture": "#ki-49-tail" }
			}
		},
		{
			"__comment": "tail50",
			"from": [ 6.2782, 11.3687, 8.555099 ],
			"to": [ 9.788404, 12.07074, 19.08571 ],
			"faces": {
				"down": { "uv": [ 0, 12.875, 0.625, 14.75 ], "texture": "#ki-49-tail" },
				"up": { "uv": [ 0, 12.875, 0.625, 11 ], "texture": "#ki-49-tail" },
				"north": { "uv": [ 12.75, 11.25, 12.125, 11.375 ], "texture": "#ki-49-tail" },
				"south": { "uv": [ 12.75, 11.25, 13.375, 11.375 ], "texture": "#ki-49-tail" },
				"west": { "uv": [ 7.875, 10.875, 9.75, 11 ], "texture": "#ki-49-tail" },
				"east": { "uv": [ 9.75, 11, 7.875, 11.125 ], "texture": "#ki-49-tail" }
			}
		},
		{
			"__comment": "tail51",
			"from": [ 6.2782, 11.3687, 26.8082 ],
			"to": [ 9.788404, 12.07074, 28.91432 ],
			"faces": {
				"down": { "uv": [ 6.25, 10.125, 6.875, 10.5 ], "texture": "#ki-49-tail" },
				"up": { "uv": [ 6.25, 10.125, 6.875, 9.75 ], "texture": "#ki-49-tail" },
				"north": { "uv": [ 14, 11.25, 13.375, 11.375 ], "texture": "#ki-49-tail" },
				"south": { "uv": [ 14, 11.25, 14.625, 11.375 ], "texture": "#ki-49-tail" },
				"west": { "uv": [ 15.125, 11.125, 15.5, 11.25 ], "texture": "#ki-49-tail" },
				"east": { "uv": [ 12.5, 9, 12.125, 9.125 ], "texture": "#ki-49-tail" }
			}
		},
		{
			"__comment": "tail52",
			"from": [ 6.9803, 5.0503, 12.7673 ],
			"to": [ 9.788464, 5.75234, 14.17138 ],
			"faces": {
				"down": { "uv": [ 10.625, 8, 11.125, 8.25 ], "texture": "#ki-49-tail" },
				"up": { "uv": [ 11.25, 12.5, 11.75, 12.25 ], "texture": "#ki-49-tail" },
				"north": { "uv": [ 16, 13.5, 15.5, 13.625 ], "texture": "#ki-49-tail" },
				"south": { "uv": [ 10.75, 11.125, 11.25, 11.25 ], "texture": "#ki-49-tail" },
				"west": { "uv": [ 14.75, 10.875, 15, 11 ], "texture": "#ki-49-tail" },
				"east": { "uv": [ 14.75, 10.875, 14.5, 11 ], "texture": "#ki-49-tail" }
			}
		},
		{
			"__comment": "tail53",
			"from": [ 6.9803, 5.0503, 14.1714 ],
			"to": [ 9.086422, 5.75234, 15.57548 ],
			"faces": {
				"down": { "uv": [ 11.75, 10.875, 12.125, 11.125 ], "texture": "#ki-49-tail" },
				"up": { "uv": [ 11.75, 10.875, 12.125, 10.625 ], "texture": "#ki-49-tail" },
				"north": { "uv": [ 14, 11, 13.625, 11.125 ], "texture": "#ki-49-tail" },
				"south": { "uv": [ 15.5, 11.125, 15.875, 11.25 ], "texture": "#ki-49-tail" },
				"west": { "uv": [ 13.75, 10.875, 14, 11 ], "texture": "#ki-49-tail" },
				"east": { "uv": [ 13.75, 10.875, 13.5, 11 ], "texture": "#ki-49-tail" }
			}
		},
		{
			"__comment": "tail54",
			"from": [ 6.9803, 5.7524, 18.3837 ],
			"to": [ 9.788464, 6.454441, 19.78778 ],
			"faces": {
				"down": { "uv": [ 10.625, 8.25, 11.125, 8.5 ], "texture": "#ki-49-tail" },
				"up": { "uv": [ 10.375, 9.625, 10.875, 9.375 ], "texture": "#ki-49-tail" },
				"north": { "uv": [ 12.625, 9.75, 12.125, 9.875 ], "texture": "#ki-49-tail" },
				"south": { "uv": [ 12.125, 10, 12.625, 10.125 ], "texture": "#ki-49-tail" },
				"west": { "uv": [ 14.5, 10.75, 14.75, 10.875 ], "texture": "#ki-49-tail" },
				"east": { "uv": [ 15.875, 11, 15.625, 11.125 ], "texture": "#ki-49-tail" }
			}
		},
		{
			"__comment": "tail55",
			"from": [ 6.9803, 5.7524, 19.7878 ],
			"to": [ 9.086422, 6.454441, 20.48984 ],
			"faces": {
				"down": { "uv": [ 14, 11.125, 14.375, 11.25 ], "texture": "#ki-49-tail" },
				"up": { "uv": [ 13.25, 11.25, 13.625, 11.125 ], "texture": "#ki-49-tail" },
				"north": { "uv": [ 13.25, 11.125, 12.875, 11.25 ], "texture": "#ki-49-tail" },
				"south": { "uv": [ 12.125, 8, 12.5, 8.125 ], "texture": "#ki-49-tail" },
				"west": { "uv": [ 13.25, 8.625, 13.375, 8.75 ], "texture": "#ki-49-tail" },
				"east": { "uv": [ 11.25, 12.125, 11.125, 12.25 ], "texture": "#ki-49-tail" }
			}
		},
		{
			"__comment": "tail56",
			"from": [ 6.9803, 6.4544, 23.298 ],
			"to": [ 9.788464, 7.156441, 24.00004 ],
			"faces": {
				"down": { "uv": [ 15.5, 12.125, 16, 12.25 ], "texture": "#ki-49-tail" },
				"up": { "uv": [ 10.375, 9.375, 10.875, 9.25 ], "texture": "#ki-49-tail" },
				"north": { "uv": [ 8.375, 8, 7.875, 8.125 ], "texture": "#ki-49-tail" },
				"south": { "uv": [ 10.75, 11.75, 11.25, 11.875 ], "texture": "#ki-49-tail" },
				"west": { "uv": [ 15.875, 15.75, 16, 15.875 ], "texture": "#ki-49-tail" },
				"east": { "uv": [ 16, 15.875, 15.875, 16 ], "texture": "#ki-49-tail" }
			}
		},
		{
			"__comment": "tail57",
			"from": [ 6.9803, 6.4544, 24 ],
			"to": [ 9.086422, 7.156441, 24.70204 ],
			"faces": {
				"down": { "uv": [ 15.625, 14, 16, 14.125 ], "texture": "#ki-49-tail" },
				"up": { "uv": [ 12.125, 8.375, 12.5, 8.25 ], "texture": "#ki-49-tail" },
				"north": { "uv": [ 12.5, 8.5, 12.125, 8.625 ], "texture": "#ki-49-tail" },
				"south": { "uv": [ 14, 11, 14.375, 11.125 ], "texture": "#ki-49-tail" },
				"west": { "uv": [ 15.75, 10.5, 15.875, 10.625 ], "texture": "#ki-49-tail" },
				"east": { "uv": [ 15.75, 10.5, 15.625, 10.625 ], "texture": "#ki-49-tail" }
			}
		},
		{
			"__comment": "tail58",
			"from": [ 6.9803, 7.1565, 27.5102 ],
			"to": [ 9.788464, 7.858541, 29.61632 ],
			"faces": {
				"down": { "uv": [ 7.875, 8.125, 8.375, 8.5 ], "texture": "#ki-49-tail" },
				"up": { "uv": [ 9, 10.5, 9.5, 10.125 ], "texture": "#ki-49-tail" },
				"north": { "uv": [ 16, 13.875, 15.5, 14 ], "texture": "#ki-49-tail" },
				"south": { "uv": [ 12.125, 9.875, 12.625, 10 ], "texture": "#ki-49-tail" },
				"west": { "uv": [ 12.125, 8.125, 12.5, 8.25 ], "texture": "#ki-49-tail" },
				"east": { "uv": [ 12.5, 9.125, 12.125, 9.25 ], "texture": "#ki-49-tail" }
			}
		},
		{
			"__comment": "tail61",
			"from": [ 6.9803, 11.3687, 28.9143 ],
			"to": [ 9.788464, 12.07074, 30.31838 ],
			"faces": {
				"down": { "uv": [ 10.625, 8.5, 11.125, 8.75 ], "texture": "#ki-49-tail" },
				"up": { "uv": [ 10.625, 9, 11.125, 8.75 ], "texture": "#ki-49-tail" },
				"north": { "uv": [ 11.25, 11.625, 10.75, 11.75 ], "texture": "#ki-49-tail" },
				"south": { "uv": [ 10.75, 11.5, 11.25, 11.625 ], "texture": "#ki-49-tail" },
				"west": { "uv": [ 2.5, 8, 2.75, 8.125 ], "texture": "#ki-49-tail" },
				"east": { "uv": [ 5, 8, 4.75, 8.125 ], "texture": "#ki-49-tail" }
			}
		},
		{
			"__comment": "tail62",
			"from": [ 6.9803, 11.3687, 30.3184 ],
			"to": [ 9.086422, 12.07074, 31.02044 ],
			"faces": {
				"down": { "uv": [ 15.625, 14.125, 16, 14.25 ], "texture": "#ki-49-tail" },
				"up": { "uv": [ 12.125, 9, 12.5, 8.875 ], "texture": "#ki-49-tail" },
				"north": { "uv": [ 12.5, 8.375, 12.125, 8.5 ], "texture": "#ki-49-tail" },
				"south": { "uv": [ 13.625, 11.125, 14, 11.25 ], "texture": "#ki-49-tail" },
				"west": { "uv": [ 15.875, 15.625, 16, 15.75 ], "texture": "#ki-49-tail" },
				"east": { "uv": [ 16, 15.5, 15.875, 15.625 ], "texture": "#ki-49-tail" }
			}
		},
		{
			"__comment": "tail63",
			"from": [ 6.9803, 12.0707, 19.0857 ],
			"to": [ 9.086422, 12.77274, 23.29794 ],
			"faces": {
				"down": { "uv": [ 4.375, 8, 4.75, 8.75 ], "texture": "#ki-49-tail" },
				"up": { "uv": [ 5.875, 10.5, 6.25, 9.75 ], "texture": "#ki-49-tail" },
				"north": { "uv": [ 14.75, 11.125, 14.375, 11.25 ], "texture": "#ki-49-tail" },
				"south": { "uv": [ 14.75, 11.125, 15.125, 11.25 ], "texture": "#ki-49-tail" },
				"west": { "uv": [ 15.25, 12.625, 16, 12.75 ], "texture": "#ki-49-tail" },
				"east": { "uv": [ 11, 10.125, 10.25, 10.25 ], "texture": "#ki-49-tail" }
			}
		},
		{
			"__comment": "tail64",
			"from": [ 7.6823, 4.3483, 24.702 ],
			"to": [ 8.38434, 7.156464, 25.40404 ],
			"faces": {
				"down": { "uv": [ 11.125, 12, 11.25, 12.125 ], "texture": "#ki-49-tail" },
				"up": { "uv": [ 11.125, 12, 11.25, 11.875 ], "texture": "#ki-49-tail" },
				"north": { "uv": [ 12.125, 9.375, 12, 9.875 ], "texture": "#ki-49-tail" },
				"south": { "uv": [ 11.75, 8.875, 11.875, 9.375 ], "texture": "#ki-49-tail" },
				"west": { "uv": [ 5.75, 11.75, 5.875, 12.25 ], "texture": "#ki-49-tail" },
				"east": { "uv": [ 5.875, 11.25, 5.75, 11.75 ], "texture": "#ki-49-tail" }
			}
		},
		{
			"__comment": "tail65",
			"from": [ 7.6823, 4.3483, 25.4041 ],
			"to": [ 8.38434, 5.752382, 26.10614 ],
			"faces": {
				"down": { "uv": [ 7.5, 8.875, 7.625, 9 ], "texture": "#ki-49-tail" },
				"up": { "uv": [ 10.125, 8.125, 10.25, 8 ], "texture": "#ki-49-tail" },
				"north": { "uv": [ 11.25, 9, 11.125, 9.25 ], "texture": "#ki-49-tail" },
				"south": { "uv": [ 11.125, 8.75, 11.25, 9 ], "texture": "#ki-49-tail" },
				"west": { "uv": [ 11.125, 8.5, 11.25, 8.75 ], "texture": "#ki-49-tail" },
				"east": { "uv": [ 11.25, 8.25, 11.125, 8.5 ], "texture": "#ki-49-tail" }
			}
		},
		{
			"__comment": "tail66",
			"from": [ 7.6823, 5.0503, 15.5755 ],
			"to": [ 8.38434, 5.75234, 16.27754 ],
			"faces": {
				"down": { "uv": [ 10.25, 8, 10.375, 8.125 ], "texture": "#ki-49-tail" },
				"up": { "uv": [ 10.375, 8.125, 10.5, 8 ], "texture": "#ki-49-tail" },
				"north": { "uv": [ 10.625, 8, 10.5, 8.125 ], "texture": "#ki-49-tail" },
				"south": { "uv": [ 12.625, 12.25, 12.75, 12.375 ], "texture": "#ki-49-tail" },
				"west": { "uv": [ 15.875, 11.75, 16, 11.875 ], "texture": "#ki-49-tail" },
				"east": { "uv": [ 13.375, 8.75, 13.25, 8.875 ], "texture": "#ki-49-tail" }
			}
		},
		{
			"__comment": "tail67",
			"from": [ 7.6823, 5.0503, 24 ],
			"to": [ 8.38434, 6.454381, 24.70204 ],
			"faces": {
				"down": { "uv": [ 15.875, 11.5, 16, 11.625 ], "texture": "#ki-49-tail" },
				"up": { "uv": [ 15.875, 11.5, 16, 11.375 ], "texture": "#ki-49-tail" },
				"north": { "uv": [ 11.75, 8, 11.625, 8.25 ], "texture": "#ki-49-tail" },
				"south": { "uv": [ 12.5, 8, 12.625, 8.25 ], "texture": "#ki-49-tail" },
				"west": { "uv": [ 12.625, 8, 12.75, 8.25 ], "texture": "#ki-49-tail" },
				"east": { "uv": [ 12.875, 8, 12.75, 8.25 ], "texture": "#ki-49-tail" }
			}
		},
		{
			"__comment": "tail68",
			"from": [ 7.6823, 5.7524, 20.4898 ],
			"to": [ 9.086381, 6.454441, 21.19184 ],
			"faces": {
				"down": { "uv": [ 12.5, 9.25, 12.75, 9.375 ], "texture": "#ki-49-tail" },
				"up": { "uv": [ 12.5, 9.25, 12.75, 9.125 ], "texture": "#ki-49-tail" },
				"north": { "uv": [ 12.75, 9, 12.5, 9.125 ], "texture": "#ki-49-tail" },
				"south": { "uv": [ 12.5, 8.875, 12.75, 9 ], "texture": "#ki-49-tail" },
				"west": { "uv": [ 15.875, 11.25, 16, 11.375 ], "texture": "#ki-49-tail" },
				"east": { "uv": [ 12.75, 10.375, 12.625, 10.5 ], "texture": "#ki-49-tail" }
			}
		},
		{
			"__comment": "tail69",
			"from": [ 7.6823, 6.4544, 25.4041 ],
			"to": [ 8.38434, 7.156441, 26.10614 ],
			"faces": {
				"down": { "uv": [ 12.625, 10.25, 12.75, 10.375 ], "texture": "#ki-49-tail" },
				"up": { "uv": [ 13.375, 9.375, 13.5, 9.25 ], "texture": "#ki-49-tail" },
				"north": { "uv": [ 13.5, 9.375, 13.375, 9.5 ], "texture": "#ki-49-tail" },
				"south": { "uv": [ 13.375, 9.5, 13.5, 9.625 ], "texture": "#ki-49-tail" },
				"west": { "uv": [ 13.375, 9.625, 13.5, 9.75 ], "texture": "#ki-49-tail" },
				"east": { "uv": [ 13.5, 9.75, 13.375, 9.875 ], "texture": "#ki-49-tail" }
			}
		},
		{
			"__comment": "tail70",
			"from": [ 7.6823, 10.6667, 31.0204 ],
			"to": [ 9.086381, 11.36874, 31.72244 ],
			"faces": {
				"down": { "uv": [ 12.5, 8.5, 12.75, 8.625 ], "texture": "#ki-49-tail" },
				"up": { "uv": [ 12.5, 8.5, 12.75, 8.375 ], "texture": "#ki-49-tail" },
				"north": { "uv": [ 12.75, 8.25, 12.5, 8.375 ], "texture": "#ki-49-tail" },
				"south": { "uv": [ 14.375, 11, 14.625, 11.125 ], "texture": "#ki-49-tail" },
				"west": { "uv": [ 13.375, 9.875, 13.5, 10 ], "texture": "#ki-49-tail" },
				"east": { "uv": [ 16, 10.5, 15.875, 10.625 ], "texture": "#ki-49-tail" }
			}
		},
		{
			"__comment": "tail71",
			"from": [ 7.6823, 12.0707, 15.5755 ],
			"to": [ 8.38434, 12.77274, 19.0857 ],
			"faces": {
				"down": { "uv": [ 9, 8, 9.125, 8.625 ], "texture": "#ki-49-tail" },
				"up": { "uv": [ 9.375, 8.625, 9.5, 8 ], "texture": "#ki-49-tail" },
				"north": { "uv": [ 15.375, 10.5, 15.25, 10.625 ], "texture": "#ki-49-tail" },
				"south": { "uv": [ 14.875, 10.5, 15, 10.625 ], "texture": "#ki-49-tail" },
				"west": { "uv": [ 15.25, 11.25, 15.875, 11.375 ], "texture": "#ki-49-tail" },
				"east": { "uv": [ 15.25, 11.25, 14.625, 11.375 ], "texture": "#ki-49-tail" }
			}
		},
		{
			"__comment": "tail72",
			"from": [ 7.6823, 12.0707, 23.298 ],
			"to": [ 9.086381, 21.19723, 24.00004 ],
			"faces": {
				"down": { "uv": [ 14.625, 11, 14.875, 11.125 ], "texture": "#ki-49-tail" },
				"up": { "uv": [ 14.875, 11.125, 15.125, 11 ], "texture": "#ki-49-tail" },
				"north": { "uv": [ 2.75, 8.125, 2.5, 9.75 ], "texture": "#ki-49-tail" },
				"south": { "uv": [ 2.25, 8.125, 2.5, 9.75 ], "texture": "#ki-49-tail" },
				"west": { "uv": [ 7.25, 8.875, 7.375, 10.5 ], "texture": "#ki-49-tail" },
				"east": { "uv": [ 7.5, 8.875, 7.375, 10.5 ], "texture": "#ki-49-tail" }
			}
		},
		{
			"__comment": "tail73",
			"from": [ 7.6823, 12.0707, 24 ],
			"to": [ 9.086381, 20.49519, 24.70204 ],
			"faces": {
				"down": { "uv": [ 15.125, 11, 15.375, 11.125 ], "texture": "#ki-49-tail" },
				"up": { "uv": [ 15.375, 11.125, 15.625, 11 ], "texture": "#ki-49-tail" },
				"north": { "uv": [ 3.875, 9.125, 3.625, 10.625 ], "texture": "#ki-49-tail" },
				"south": { "uv": [ 3.875, 9.125, 4.125, 10.625 ], "texture": "#ki-49-tail" },
				"west": { "uv": [ 9, 8.625, 9.125, 10.125 ], "texture": "#ki-49-tail" },
				"east": { "uv": [ 9, 9, 8.875, 10.5 ], "texture": "#ki-49-tail" }
			}
		},
		{
			"__comment": "tail74",
			"from": [ 7.6823, 12.0707, 24.702 ],
			"to": [ 9.086381, 19.79315, 25.40404 ],
			"faces": {
				"down": { "uv": [ 13, 10.875, 13.25, 11 ], "texture": "#ki-49-tail" },
				"up": { "uv": [ 13.25, 11, 13.5, 10.875 ], "texture": "#ki-49-tail" },
				"north": { "uv": [ 4.375, 9.25, 4.125, 10.625 ], "texture": "#ki-49-tail" },
				"south": { "uv": [ 4.375, 9.25, 4.625, 10.625 ], "texture": "#ki-49-tail" },
				"west": { "uv": [ 9.125, 8.5, 9.25, 9.875 ], "texture": "#ki-49-tail" },
				"east": { "uv": [ 9.375, 8.5, 9.25, 9.875 ], "texture": "#ki-49-tail" }
			}
		},
		{
			"__comment": "tail75",
			"from": [ 7.6823, 12.0707, 25.4041 ],
			"to": [ 9.086381, 18.38907, 26.10614 ],
			"faces": {
				"down": { "uv": [ 14, 10.875, 14.25, 11 ], "texture": "#ki-49-tail" },
				"up": { "uv": [ 14.25, 11, 14.5, 10.875 ], "texture": "#ki-49-tail" },
				"north": { "uv": [ 3.875, 8, 3.625, 9.125 ], "texture": "#ki-49-tail" },
				"south": { "uv": [ 3.875, 8, 4.125, 9.125 ], "texture": "#ki-49-tail" },
				"west": { "uv": [ 10.5, 8.125, 10.625, 9.25 ], "texture": "#ki-49-tail" },
				"east": { "uv": [ 10.5, 8.125, 10.375, 9.25 ], "texture": "#ki-49-tail" }
			}
		},
		{
			"__comment": "tail76",
			"from": [ 7.6823, 12.0707, 26.1061 ],
			"to": [ 9.086381, 14.87886, 26.80814 ],
			"faces": {
				"down": { "uv": [ 15, 10.875, 15.25, 11 ], "texture": "#ki-49-tail" },
				"up": { "uv": [ 15.25, 11, 15.5, 10.875 ], "texture": "#ki-49-tail" },
				"north": { "uv": [ 11.5, 11.75, 11.25, 12.25 ], "texture": "#ki-49-tail" },
				"south": { "uv": [ 8.375, 8, 8.625, 8.5 ], "texture": "#ki-49-tail" },
				"west": { "uv": [ 3.5, 8.625, 3.625, 9.125 ], "texture": "#ki-49-tail" },
				"east": { "uv": [ 8.75, 8, 8.625, 8.5 ], "texture": "#ki-49-tail" }
			}
		},
		{
			"__comment": "tail77",
			"from": [ 7.6823, 12.0707, 26.8082 ],
			"to": [ 8.38434, 20.49519, 27.51024 ],
			"faces": {
				"down": { "uv": [ 13.25, 8.875, 13.375, 9 ], "texture": "#ki-49-tail" },
				"up": { "uv": [ 13.25, 9.125, 13.375, 9 ], "texture": "#ki-49-tail" },
				"north": { "uv": [ 8.875, 9, 8.75, 10.5 ], "texture": "#ki-49-tail" },
				"south": { "uv": [ 7.5, 9, 7.625, 10.5 ], "texture": "#ki-49-tail" },
				"west": { "uv": [ 7.625, 9, 7.75, 10.5 ], "texture": "#ki-49-tail" },
				"east": { "uv": [ 7.875, 9, 7.75, 10.5 ], "texture": "#ki-49-tail" }
			}
		},
		{
			"__comment": "tail78",
			"from": [ 7.6823, 12.0707, 27.5102 ],
			"to": [ 8.38434, 16.98499, 28.21224 ],
			"faces": {
				"down": { "uv": [ 13.25, 10.125, 13.375, 10.25 ], "texture": "#ki-49-tail" },
				"up": { "uv": [ 13.25, 10.375, 13.375, 10.25 ], "texture": "#ki-49-tail" },
				"north": { "uv": [ 11.375, 10, 11.25, 10.875 ], "texture": "#ki-49-tail" },
				"south": { "uv": [ 11.375, 10.875, 11.5, 11.75 ], "texture": "#ki-49-tail" },
				"west": { "uv": [ 11.25, 10.875, 11.375, 11.75 ], "texture": "#ki-49-tail" },
				"east": { "uv": [ 11.5, 9.125, 11.375, 10 ], "texture": "#ki-49-tail" }
			}
		},
		{
			"__comment": "tail79",
			"from": [ 7.6823, 12.0707, 28.2122 ],
			"to": [ 8.38434, 12.77274, 28.91424 ],
			"faces": {
				"down": { "uv": [ 13.125, 8.625, 13.25, 8.75 ], "texture": "#ki-49-tail" },
				"up": { "uv": [ 13, 8.375, 13.125, 8.25 ], "texture": "#ki-49-tail" },
				"north": { "uv": [ 13.125, 8.375, 13, 8.5 ], "texture": "#ki-49-tail" },
				"south": { "uv": [ 13, 8.75, 13.125, 8.875 ], "texture": "#ki-49-tail" },
				"west": { "uv": [ 13, 8.875, 13.125, 9 ], "texture": "#ki-49-tail" },
				"east": { "uv": [ 13.125, 9, 13, 9.125 ], "texture": "#ki-49-tail" }
			}
		},
		{
			"__comment": "tail80",
			"from": [ 7.6823, 12.7728, 16.2776 ],
			"to": [ 8.38434, 13.47484, 23.29801 ],
			"faces": {
				"down": { "uv": [ 9.875, 8.625, 10, 9.875 ], "texture": "#ki-49-tail" },
				"up": { "uv": [ 9.375, 9.875, 9.5, 8.625 ], "texture": "#ki-49-tail" },
				"north": { "uv": [ 13.125, 9.125, 13, 9.25 ], "texture": "#ki-49-tail" },
				"south": { "uv": [ 13, 9.25, 13.125, 9.375 ], "texture": "#ki-49-tail" },
				"west": { "uv": [ 14.75, 14.75, 16, 14.875 ], "texture": "#ki-49-tail" },
				"east": { "uv": [ 16, 14.875, 14.75, 15 ], "texture": "#ki-49-tail" }
			}
		},
		{
			"__comment": "tail81",
			"from": [ 7.6823, 13.4748, 16.9796 ],
			"to": [ 8.38434, 14.17684, 23.29797 ],
			"faces": {
				"down": { "uv": [ 10.25, 8.125, 10.375, 9.25 ], "texture": "#ki-49-tail" },
				"up": { "uv": [ 10.125, 9.25, 10.25, 8.125 ], "texture": "#ki-49-tail" },
				"north": { "uv": [ 13.125, 9.75, 13, 9.875 ], "texture": "#ki-49-tail" },
				"south": { "uv": [ 13, 9.875, 13.125, 10 ], "texture": "#ki-49-tail" },
				"west": { "uv": [ 14.5, 14, 15.625, 14.125 ], "texture": "#ki-49-tail" },
				"east": { "uv": [ 3.75, 13, 2.625, 13.125 ], "texture": "#ki-49-tail" }
			}
		},
		{
			"__comment": "tail82",
			"from": [ 7.6823, 14.1769, 17.6816 ],
			"to": [ 9.086381, 14.87894, 23.29793 ],
			"faces": {
				"down": { "uv": [ 7, 10.375, 7.25, 11.375 ], "texture": "#ki-49-tail" },
				"up": { "uv": [ 4.125, 9.25, 4.375, 8.25 ], "texture": "#ki-49-tail" },
				"north": { "uv": [ 16, 10.875, 15.75, 11 ], "texture": "#ki-49-tail" },
				"south": { "uv": [ 13, 10.75, 13.25, 10.875 ], "texture": "#ki-49-tail" },
				"west": { "uv": [ 13.25, 12.5, 14.25, 12.625 ], "texture": "#ki-49-tail" },
				"east": { "uv": [ 5.875, 11.125, 4.875, 11.25 ], "texture": "#ki-49-tail" }
			}
		},
		{
			"__comment": "tail83",
			"from": [ 7.6823, 14.8789, 17.6816 ],
			"to": [ 8.38434, 15.58094, 23.29793 ],
			"faces": {
				"down": { "uv": [ 8.75, 8, 8.875, 9 ], "texture": "#ki-49-tail" },
				"up": { "uv": [ 8.875, 9, 9, 8 ], "texture": "#ki-49-tail" },
				"north": { "uv": [ 16, 11.125, 15.875, 11.25 ], "texture": "#ki-49-tail" },
				"south": { "uv": [ 12.625, 9.75, 12.75, 9.875 ], "texture": "#ki-49-tail" },
				"west": { "uv": [ 9.75, 10.875, 10.75, 11 ], "texture": "#ki-49-tail" },
				"east": { "uv": [ 16, 15.125, 15, 15.25 ], "texture": "#ki-49-tail" }
			}
		},
		{
			"__comment": "tail84",
			"from": [ 7.6823, 14.8789, 26.1061 ],
			"to": [ 8.38434, 21.89931, 26.80814 ],
			"faces": {
				"down": { "uv": [ 12.625, 9.875, 12.75, 10 ], "texture": "#ki-49-tail" },
				"up": { "uv": [ 12.625, 10.125, 12.75, 10 ], "texture": "#ki-49-tail" },
				"north": { "uv": [ 9.75, 8.625, 9.625, 9.875 ], "texture": "#ki-49-tail" },
				"south": { "uv": [ 9.75, 8.625, 9.875, 9.875 ], "texture": "#ki-49-tail" },
				"west": { "uv": [ 10, 8.625, 10.125, 9.875 ], "texture": "#ki-49-tail" },
				"east": { "uv": [ 9.625, 8.625, 9.5, 9.875 ], "texture": "#ki-49-tail" }
			}
		},
		{
			"__comment": "tail85",
			"from": [ 7.6823, 15.581, 18.3837 ],
			"to": [ 9.086381, 16.28304, 23.29799 ],
			"faces": {
				"down": { "uv": [ 7, 9.5, 7.25, 10.375 ], "texture": "#ki-49-tail" },
				"up": { "uv": [ 7, 9.5, 7.25, 8.625 ], "texture": "#ki-49-tail" },
				"north": { "uv": [ 14, 10.75, 13.75, 10.875 ], "texture": "#ki-49-tail" },
				"south": { "uv": [ 14, 10.75, 14.25, 10.875 ], "texture": "#ki-49-tail" },
				"west": { "uv": [ 13.625, 12.25, 14.5, 12.375 ], "texture": "#ki-49-tail" },
				"east": { "uv": [ 5, 13.75, 4.125, 13.875 ], "texture": "#ki-49-tail" }
			}
		},
		{
			"__comment": "tail86",
			"from": [ 7.6823, 16.283, 18.3837 ],
			"to": [ 8.38434, 16.98504, 23.29799 ],
			"faces": {
				"down": { "uv": [ 11.375, 10, 11.5, 10.875 ], "texture": "#ki-49-tail" },
				"up": { "uv": [ 11.25, 10, 11.375, 9.125 ], "texture": "#ki-49-tail" },
				"north": { "uv": [ 14.25, 10.625, 14.125, 10.75 ], "texture": "#ki-49-tail" },
				"south": { "uv": [ 14, 10.625, 14.125, 10.75 ], "texture": "#ki-49-tail" },
				"west": { "uv": [ 12.75, 12.25, 13.625, 12.375 ], "texture": "#ki-49-tail" },
				"east": { "uv": [ 14.5, 12.375, 13.625, 12.5 ], "texture": "#ki-49-tail" }
			}
		},
		{
			"__comment": "tail87",
			"from": [ 7.6823, 16.985, 19.0857 ],
			"to": [ 8.38434, 17.68704, 23.29794 ],
			"faces": {
				"down": { "uv": [ 11.5, 10.5, 11.625, 11.25 ], "texture": "#ki-49-tail" },
				"up": { "uv": [ 11.625, 10.5, 11.75, 9.75 ], "texture": "#ki-49-tail" },
				"north": { "uv": [ 13.25, 10.375, 13.125, 10.5 ], "texture": "#ki-49-tail" },
				"south": { "uv": [ 13, 9.375, 13.125, 9.5 ], "texture": "#ki-49-tail" },
				"west": { "uv": [ 11.75, 11.875, 12.5, 12 ], "texture": "#ki-49-tail" },
				"east": { "uv": [ 14, 11.875, 13.25, 12 ], "texture": "#ki-49-tail" }
			}
		},
		{
			"__comment": "tail88",
			"from": [ 7.6823, 17.6871, 19.7878 ],
			"to": [ 9.086381, 18.38914, 23.298 ],
			"faces": {
				"down": { "uv": [ 7, 8, 7.25, 8.625 ], "texture": "#ki-49-tail" },
				"up": { "uv": [ 4.75, 8.75, 5, 8.125 ], "texture": "#ki-49-tail" },
				"north": { "uv": [ 15, 10.75, 14.75, 10.875 ], "texture": "#ki-49-tail" },
				"south": { "uv": [ 15, 10.75, 15.25, 10.875 ], "texture": "#ki-49-tail" },
				"west": { "uv": [ 12.125, 11.125, 12.75, 11.25 ], "texture": "#ki-49-tail" },
				"east": { "uv": [ 12.75, 11, 12.125, 11.125 ], "texture": "#ki-49-tail" }
			}
		},
		{
			"__comment": "tail89",
			"from": [ 7.6823, 18.3891, 19.7878 ],
			"to": [ 8.38434, 19.09114, 23.298 ],
			"faces": {
				"down": { "uv": [ 9.5, 8, 9.625, 8.625 ], "texture": "#ki-49-tail" },
				"up": { "uv": [ 9.625, 8.625, 9.75, 8 ], "texture": "#ki-49-tail" },
				"north": { "uv": [ 13.625, 10.625, 13.5, 10.75 ], "texture": "#ki-49-tail" },
				"south": { "uv": [ 13.625, 10.625, 13.75, 10.75 ], "texture": "#ki-49-tail" },
				"west": { "uv": [ 12.125, 10.875, 12.75, 11 ], "texture": "#ki-49-tail" },
				"east": { "uv": [ 12.75, 10.75, 12.125, 10.875 ], "texture": "#ki-49-tail" }
			}
		},
		{
			"__comment": "tail90",
			"from": [ 7.6823, 18.3891, 25.4041 ],
			"to": [ 8.38434, 22.60135, 26.10614 ],
			"faces": {
				"down": { "uv": [ 14.5, 10.625, 14.625, 10.75 ], "texture": "#ki-49-tail" },
				"up": { "uv": [ 14.625, 10.75, 14.75, 10.625 ], "texture": "#ki-49-tail" },
				"north": { "uv": [ 11.75, 9, 11.625, 9.75 ], "texture": "#ki-49-tail" },
				"south": { "uv": [ 11.875, 9.875, 12, 10.625 ], "texture": "#ki-49-tail" },
				"west": { "uv": [ 12, 9.875, 12.125, 10.625 ], "texture": "#ki-49-tail" },
				"east": { "uv": [ 5.875, 13, 5.75, 13.75 ], "texture": "#ki-49-tail" }
			}
		},
		{
			"__comment": "tail91",
			"from": [ 7.6823, 19.0912, 20.4898 ],
			"to": [ 8.38434, 20.49528, 23.29796 ],
			"faces": {
				"down": { "uv": [ 12.375, 9.25, 12.5, 9.75 ], "texture": "#ki-49-tail" },
				"up": { "uv": [ 12, 8.875, 12.125, 8.375 ], "texture": "#ki-49-tail" },
				"north": { "uv": [ 13, 8.125, 12.875, 8.375 ], "texture": "#ki-49-tail" },
				"south": { "uv": [ 13, 10.5, 13.125, 10.75 ], "texture": "#ki-49-tail" },
				"west": { "uv": [ 10.375, 9.625, 10.875, 9.875 ], "texture": "#ki-49-tail" },
				"east": { "uv": [ 11.125, 9, 10.625, 9.25 ], "texture": "#ki-49-tail" }
			}
		},
		{
			"__comment": "tail92",
			"from": [ 7.6823, 19.7932, 24.702 ],
			"to": [ 8.38434, 22.60136, 25.40404 ],
			"faces": {
				"down": { "uv": [ 13.375, 8.75, 13.5, 8.875 ], "texture": "#ki-49-tail" },
				"up": { "uv": [ 12.625, 10.25, 12.75, 10.125 ], "texture": "#ki-49-tail" },
				"north": { "uv": [ 12.375, 9.25, 12.25, 9.75 ], "texture": "#ki-49-tail" },
				"south": { "uv": [ 12.125, 9.25, 12.25, 9.75 ], "texture": "#ki-49-tail" },
				"west": { "uv": [ 11.875, 8.375, 12, 8.875 ], "texture": "#ki-49-tail" },
				"east": { "uv": [ 11.875, 8.375, 11.75, 8.875 ], "texture": "#ki-49-tail" }
			}
		},
		{
			"__comment": "tail93",
			"from": [ 7.6823, 20.4952, 21.1918 ],
			"to": [ 8.38434, 21.19724, 23.29792 ],
			"faces": {
				"down": { "uv": [ 12.75, 10.125, 12.875, 10.5 ], "texture": "#ki-49-tail" },
				"up": { "uv": [ 12.75, 10.875, 12.875, 10.5 ], "texture": "#ki-49-tail" },
				"north": { "uv": [ 15.875, 10.75, 15.75, 10.875 ], "texture": "#ki-49-tail" },
				"south": { "uv": [ 15.875, 10.75, 16, 10.875 ], "texture": "#ki-49-tail" },
				"west": { "uv": [ 10.875, 9.25, 11.25, 9.375 ], "texture": "#ki-49-tail" },
				"east": { "uv": [ 16, 13.25, 15.625, 13.375 ], "texture": "#ki-49-tail" }
			}
		},
		{
			"__comment": "tail94",
			"from": [ 7.6823, 20.4952, 24 ],
			"to": [ 8.38434, 22.60132, 24.70204 ],
			"faces": {
				"down": { "uv": [ 13, 9.625, 13.125, 9.75 ], "texture": "#ki-49-tail" },
				"up": { "uv": [ 13, 9.625, 13.125, 9.5 ], "texture": "#ki-49-tail" },
				"north": { "uv": [ 12.875, 8.25, 12.75, 8.625 ], "texture": "#ki-49-tail" },
				"south": { "uv": [ 12.75, 9.375, 12.875, 9.75 ], "texture": "#ki-49-tail" },
				"west": { "uv": [ 5.75, 8.125, 5.875, 8.5 ], "texture": "#ki-49-tail" },
				"east": { "uv": [ 5.875, 8.875, 5.75, 9.25 ], "texture": "#ki-49-tail" }
			}
		},
		{
			"__comment": "tail95",
			"from": [ 7.6823, 21.1973, 21.8939 ],
			"to": [ 8.38434, 21.89934, 24.00002 ],
			"faces": {
				"down": { "uv": [ 5.75, 10.25, 5.875, 10.625 ], "texture": "#ki-49-tail" },
				"up": { "uv": [ 12.875, 11, 13, 10.625 ], "texture": "#ki-49-tail" },
				"north": { "uv": [ 13.125, 8.625, 13, 8.75 ], "texture": "#ki-49-tail" },
				"south": { "uv": [ 13, 8.5, 13.125, 8.625 ], "texture": "#ki-49-tail" },
				"west": { "uv": [ 13.25, 11, 13.625, 11.125 ], "texture": "#ki-49-tail" },
				"east": { "uv": [ 13.25, 11, 12.875, 11.125 ], "texture": "#ki-49-tail" }
			}
		},
		{
			"__comment": "tail96",
			"from": [ 7.6823, 21.8993, 22.5959 ],
			"to": [ 8.38434, 22.60134, 23.99998 ],
			"faces": {
				"down": { "uv": [ 13, 10.25, 13.125, 10.5 ], "texture": "#ki-49-tail" },
				"up": { "uv": [ 13, 10.25, 13.125, 10 ], "texture": "#ki-49-tail" },
				"north": { "uv": [ 13.25, 10.625, 13.125, 10.75 ], "texture": "#ki-49-tail" },
				"south": { "uv": [ 13.125, 10.5, 13.25, 10.625 ], "texture": "#ki-49-tail" },
				"west": { "uv": [ 15.25, 10.75, 15.5, 10.875 ], "texture": "#ki-49-tail" },
				"east": { "uv": [ 15.75, 10.75, 15.5, 10.875 ], "texture": "#ki-49-tail" }
			}
		},
		{
			"__comment": "tail97",
			"from": [ 8.384399, 5.0503, 24.702 ],
			"to": [ 9.08644, 5.75234, 25.40404 ],
			"faces": {
				"down": { "uv": [ 13.125, 10.125, 13.25, 10.25 ], "texture": "#ki-49-tail" },
				"up": { "uv": [ 13.125, 10.125, 13.25, 10 ], "texture": "#ki-49-tail" },
				"north": { "uv": [ 13.25, 9.875, 13.125, 10 ], "texture": "#ki-49-tail" },
				"south": { "uv": [ 13.125, 9.75, 13.25, 9.875 ], "texture": "#ki-49-tail" },
				"west": { "uv": [ 13.125, 9.625, 13.25, 9.75 ], "texture": "#ki-49-tail" },
				"east": { "uv": [ 13.25, 9.5, 13.125, 9.625 ], "texture": "#ki-49-tail" }
			}
		},
		{
			"__comment": "tail98",
			"from": [ 8.384399, 6.4544, 24.702 ],
			"to": [ 9.08644, 7.156441, 25.40404 ],
			"faces": {
				"down": { "uv": [ 13.125, 9.375, 13.25, 9.5 ], "texture": "#ki-49-tail" },
				"up": { "uv": [ 13.125, 9.375, 13.25, 9.25 ], "texture": "#ki-49-tail" },
				"north": { "uv": [ 13.25, 9.125, 13.125, 9.25 ], "texture": "#ki-49-tail" },
				"south": { "uv": [ 13.125, 9, 13.25, 9.125 ], "texture": "#ki-49-tail" },
				"west": { "uv": [ 13.125, 8.875, 13.25, 9 ], "texture": "#ki-49-tail" },
				"east": { "uv": [ 13.25, 8.75, 13.125, 8.875 ], "texture": "#ki-49-tail" }
			}
		},
		{
			"__comment": "tail99",
			"from": [ 8.384399, 12.0707, 16.9796 ],
			"to": [ 9.08644, 13.47478, 19.08572 ],
			"faces": {
				"down": { "uv": [ 12.75, 8.625, 12.875, 9 ], "texture": "#ki-49-tail" },
				"up": { "uv": [ 12.75, 9.375, 12.875, 9 ], "texture": "#ki-49-tail" },
				"north": { "uv": [ 7, 9.5, 6.875, 9.75 ], "texture": "#ki-49-tail" },
				"south": { "uv": [ 6.875, 9.25, 7, 9.5 ], "texture": "#ki-49-tail" },
				"west": { "uv": [ 15.375, 12.25, 15.75, 12.5 ], "texture": "#ki-49-tail" },
				"east": { "uv": [ 12.125, 11.625, 11.75, 11.875 ], "texture": "#ki-49-tail" }
			}
		},
		{
			"__comment": "tail100",
			"from": [ 8.384399, 12.7728, 19.0857 ],
			"to": [ 9.08644, 14.17688, 23.29794 ],
			"faces": {
				"down": { "uv": [ 11.625, 8.25, 11.75, 9 ], "texture": "#ki-49-tail" },
				"up": { "uv": [ 11.75, 10.625, 11.875, 9.875 ], "texture": "#ki-49-tail" },
				"north": { "uv": [ 7, 9, 6.875, 9.25 ], "texture": "#ki-49-tail" },
				"south": { "uv": [ 6.875, 8.75, 7, 9 ], "texture": "#ki-49-tail" },
				"west": { "uv": [ 10.25, 10.25, 11, 10.5 ], "texture": "#ki-49-tail" },
				"east": { "uv": [ 10.25, 10.25, 9.5, 10.5 ], "texture": "#ki-49-tail" }
			}
		},
		{
			"__comment": "tail101",
			"from": [ 8.384399, 13.4748, 17.6816 ],
			"to": [ 9.08644, 14.17684, 19.08568 ],
			"faces": {
				"down": { "uv": [ 6.875, 8.5, 7, 8.75 ], "texture": "#ki-49-tail" },
				"up": { "uv": [ 6.875, 8.5, 7, 8.25 ], "texture": "#ki-49-tail" },
				"north": { "uv": [ 14.375, 10.625, 14.25, 10.75 ], "texture": "#ki-49-tail" },
				"south": { "uv": [ 14.375, 10.625, 14.5, 10.75 ], "texture": "#ki-49-tail" },
				"west": { "uv": [ 11, 11.25, 11.25, 11.375 ], "texture": "#ki-49-tail" },
				"east": { "uv": [ 7.875, 8.875, 7.625, 9 ], "texture": "#ki-49-tail" }
			}
		},
		{
			"__comment": "tail102",
			"from": [ 8.384399, 14.8789, 18.3837 ],
			"to": [ 9.08644, 15.58094, 23.29799 ],
			"faces": {
				"down": { "uv": [ 0.5, 8.625, 0.625, 9.5 ], "texture": "#ki-49-tail" },
				"up": { "uv": [ 11.5, 12.125, 11.625, 11.25 ], "texture": "#ki-49-tail" },
				"north": { "uv": [ 15.125, 10.625, 15, 10.75 ], "texture": "#ki-49-tail" },
				"south": { "uv": [ 15.125, 10.625, 15.25, 10.75 ], "texture": "#ki-49-tail" },
				"west": { "uv": [ 12.375, 12.125, 13.25, 12.25 ], "texture": "#ki-49-tail" },
				"east": { "uv": [ 12.375, 12.125, 11.5, 12.25 ], "texture": "#ki-49-tail" }
			}
		},
		{
			"__comment": "tail103",
			"from": [ 8.384399, 16.283, 19.0857 ],
			"to": [ 9.08644, 16.98504, 23.29794 ],
			"faces": {
				"down": { "uv": [ 11.625, 11.25, 11.75, 12 ], "texture": "#ki-49-tail" },
				"up": { "uv": [ 11.625, 11.25, 11.75, 10.5 ], "texture": "#ki-49-tail" },
				"north": { "uv": [ 15.875, 10.625, 15.75, 10.75 ], "texture": "#ki-49-tail" },
				"south": { "uv": [ 15.875, 10.625, 16, 10.75 ], "texture": "#ki-49-tail" },
				"west": { "uv": [ 13.875, 12, 14.625, 12.125 ], "texture": "#ki-49-tail" },
				"east": { "uv": [ 15.375, 12, 14.625, 12.125 ], "texture": "#ki-49-tail" }
			}
		},
		{
			"__comment": "tail104",
			"from": [ 8.384399, 16.985, 19.7878 ],
			"to": [ 9.08644, 17.68704, 23.298 ],
			"faces": {
				"down": { "uv": [ 9.75, 8, 9.875, 8.625 ], "texture": "#ki-49-tail" },
				"up": { "uv": [ 9.875, 8.625, 10, 8 ], "texture": "#ki-49-tail" },
				"north": { "uv": [ 13.375, 10, 13.25, 10.125 ], "texture": "#ki-49-tail" },
				"south": { "uv": [ 13.25, 9.875, 13.375, 10 ], "texture": "#ki-49-tail" },
				"west": { "uv": [ 12.125, 10.625, 12.75, 10.75 ], "texture": "#ki-49-tail" },
				"east": { "uv": [ 12.75, 10.5, 12.125, 10.625 ], "texture": "#ki-49-tail" }
			}
		},
		{
			"__comment": "tail105",
			"from": [ 8.384399, 18.3891, 20.4898 ],
			"to": [ 9.08644, 19.09114, 23.29796 ],
			"faces": {
				"down": { "uv": [ 3.5, 9.125, 3.625, 9.625 ], "texture": "#ki-49-tail" },
				"up": { "uv": [ 11.875, 9.875, 12, 9.375 ], "texture": "#ki-49-tail" },
				"north": { "uv": [ 13.375, 9.25, 13.25, 9.375 ], "texture": "#ki-49-tail" },
				"south": { "uv": [ 13.25, 9.125, 13.375, 9.25 ], "texture": "#ki-49-tail" },
				"west": { "uv": [ 15.5, 11.875, 16, 12 ], "texture": "#ki-49-tail" },
				"east": { "uv": [ 11.25, 10.75, 10.75, 10.875 ], "texture": "#ki-49-tail" }
			}
		},
		{
			"__comment": "tail106",
			"from": [ 8.384399, 19.0912, 21.1918 ],
			"to": [ 9.08644, 20.49528, 23.29792 ],
			"faces": {
				"down": { "uv": [ 12.75, 9.75, 12.875, 10.125 ], "texture": "#ki-49-tail" },
				"up": { "uv": [ 12.75, 11.25, 12.875, 10.875 ], "texture": "#ki-49-tail" },
				"north": { "uv": [ 11.25, 9.875, 11.125, 10.125 ], "texture": "#ki-49-tail" },
				"south": { "uv": [ 11.125, 8, 11.25, 8.25 ], "texture": "#ki-49-tail" },
				"west": { "uv": [ 10.875, 9.625, 11.25, 9.875 ], "texture": "#ki-49-tail" },
				"east": { "uv": [ 11.25, 9.375, 10.875, 9.625 ], "texture": "#ki-49-tail" }
			}
		},
		{
			"__comment": "tail107",
			"from": [ 8.384399, 20.4952, 21.8939 ],
			"to": [ 9.08644, 21.19724, 23.29798 ],
			"faces": {
				"down": { "uv": [ 15.75, 12.25, 15.875, 12.5 ], "texture": "#ki-49-tail" },
				"up": { "uv": [ 15.875, 12.5, 16, 12.25 ], "texture": "#ki-49-tail" },
				"north": { "uv": [ 13.625, 10.5, 13.5, 10.625 ], "texture": "#ki-49-tail" },
				"south": { "uv": [ 13.625, 10.5, 13.75, 10.625 ], "texture": "#ki-49-tail" },
				"west": { "uv": [ 11.25, 8.125, 11.5, 8.25 ], "texture": "#ki-49-tail" },
				"east": { "uv": [ 11.5, 8, 11.25, 8.125 ], "texture": "#ki-49-tail" }
			}
		},
		{
			"__comment": "tail109",
			"from": [ 10.4905, 6.4544, 8.555099 ],
			"to": [ 11.19254, 7.156441, 13.46939 ],
			"faces": {
				"down": { "uv": [ 11.375, 8.25, 11.5, 9.125 ], "texture": "#ki-49-tail" },
				"up": { "uv": [ 11.25, 9.125, 11.375, 8.25 ], "texture": "#ki-49-tail" },
				"north": { "uv": [ 15.125, 10.5, 15, 10.625 ], "texture": "#ki-49-tail" },
				"south": { "uv": [ 15.125, 10.5, 15.25, 10.625 ], "texture": "#ki-49-tail" },
				"west": { "uv": [ 14.5, 12.25, 15.375, 12.375 ], "texture": "#ki-49-tail" },
				"east": { "uv": [ 15.375, 12.375, 14.5, 12.5 ], "texture": "#ki-49-tail" }
			}
		},
		{
			"__comment": "tail110",
			"from": [ 10.4905, 7.1565, 15.5755 ],
			"to": [ 11.19254, 9.964664, 19.0857 ],
			"faces": {
				"down": { "uv": [ 10, 8, 10.125, 8.625 ], "texture": "#ki-49-tail" },
				"up": { "uv": [ 5.75, 12.875, 5.875, 12.25 ], "texture": "#ki-49-tail" },
				"north": { "uv": [ 12.125, 8.875, 12, 9.375 ], "texture": "#ki-49-tail" },
				"south": { "uv": [ 11.875, 8.875, 12, 9.375 ], "texture": "#ki-49-tail" },
				"west": { "uv": [ 4.625, 9.25, 5.25, 9.75 ], "texture": "#ki-49-tail" },
				"east": { "uv": [ 0.625, 8.125, 0, 8.625 ], "texture": "#ki-49-tail" }
			}
		},
		{
			"__comment": "tail111",
			"from": [ 10.4905, 7.8585, 19.0857 ],
			"to": [ 11.19254, 9.964622, 19.78774 ],
			"faces": {
				"down": { "uv": [ 13.375, 10.125, 13.5, 10.25 ], "texture": "#ki-49-tail" },
				"up": { "uv": [ 13.375, 10.125, 13.5, 10 ], "texture": "#ki-49-tail" },
				"north": { "uv": [ 12.625, 9.375, 12.5, 9.75 ], "texture": "#ki-49-tail" },
				"south": { "uv": [ 11.125, 10.125, 11.25, 10.5 ], "texture": "#ki-49-tail" },
				"west": { "uv": [ 11, 10.125, 11.125, 10.5 ], "texture": "#ki-49-tail" },
				"east": { "uv": [ 7.875, 8.125, 7.75, 8.5 ], "texture": "#ki-49-tail" }
			}
		},
		{
			"__comment": "tail112",
			"from": [ 10.4905, 7.8585, 19.7878 ],
			"to": [ 11.19254, 9.262582, 21.89392 ],
			"faces": {
				"down": { "uv": [ 7.75, 8.5, 7.875, 8.875 ], "texture": "#ki-49-tail" },
				"up": { "uv": [ 6.875, 10.125, 7, 9.75 ], "texture": "#ki-49-tail" },
				"north": { "uv": [ 11.625, 8, 11.5, 8.25 ], "texture": "#ki-49-tail" },
				"south": { "uv": [ 12.875, 10.375, 13, 10.625 ], "texture": "#ki-49-tail" },
				"west": { "uv": [ 11.75, 11.375, 12.125, 11.625 ], "texture": "#ki-49-tail" },
				"east": { "uv": [ 12.125, 11.125, 11.75, 11.375 ], "texture": "#ki-49-tail" }
			}
		},
		{
			"__comment": "tail113",
			"from": [ 10.4905, 8.5605, 21.8939 ],
			"to": [ 11.19254, 9.262541, 22.59594 ],
			"faces": {
				"down": { "uv": [ 13.375, 8.625, 13.5, 8.75 ], "texture": "#ki-49-tail" },
				"up": { "uv": [ 13.375, 8.625, 13.5, 8.5 ], "texture": "#ki-49-tail" },
				"north": { "uv": [ 13.5, 8.375, 13.375, 8.5 ], "texture": "#ki-49-tail" },
				"south": { "uv": [ 13.375, 8.25, 13.5, 8.375 ], "texture": "#ki-49-tail" },
				"west": { "uv": [ 13.375, 8.125, 13.5, 8.25 ], "texture": "#ki-49-tail" },
				"east": { "uv": [ 13.5, 8, 13.375, 8.125 ], "texture": "#ki-49-tail" }
			}
		},
		{
			"__comment": "tail114",
			"from": [ 24.5313, 10.6667, 23.298 ],
			"to": [ 25.23334, 11.36874, 24.00004 ],
			"faces": {
				"down": { "uv": [ 13.5, 10.375, 13.625, 10.5 ], "texture": "#ki-49-tail" },
				"up": { "uv": [ 13.625, 10.5, 13.75, 10.375 ], "texture": "#ki-49-tail" },
				"north": { "uv": [ 13.875, 10.375, 13.75, 10.5 ], "texture": "#ki-49-tail" },
				"south": { "uv": [ 13.875, 10.375, 14, 10.5 ], "texture": "#ki-49-tail" },
				"west": { "uv": [ 14, 10.375, 14.125, 10.5 ], "texture": "#ki-49-tail" },
				"east": { "uv": [ 14.25, 10.375, 14.125, 10.5 ], "texture": "#ki-49-tail" }
			}
		},
		{
			"__comment": "tail19",
			"from": [ 4.8742, 7.1565, 8.555099 ],
			"to": [ 11.19257, 9.964664, 12.0653 ],
			"faces": {
				"down": { "uv": [ 2.625, 13.125, 3.75, 13.75 ], "texture": "#ki-49-tail" },
				"up": { "uv": [ 3.75, 13.75, 4.875, 13.125 ], "texture": "#ki-49-tail" },
				"north": { "uv": [ 2.625, 11.75, 1.5, 12.25 ], "texture": "#ki-49-tail" },
				"south": { "uv": [ 2.625, 11.75, 3.75, 12.25 ], "texture": "#ki-49-tail" },
				"west": { "uv": [ 5.25, 9.75, 5.875, 10.25 ], "texture": "#ki-49-tail" },
				"east": { "uv": [ 5.875, 9.25, 5.25, 9.75 ], "texture": "#ki-49-tail" }
			}
		},
		{
			"__comment": "tail20",
			"from": [ 4.8742, 7.8585, 12.0653 ],
			"to": [ 11.19257, 9.262582, 12.76734 ],
			"faces": {
				"down": { "uv": [ 14.375, 13.625, 15.5, 13.75 ], "texture": "#ki-49-tail" },
				"up": { "uv": [ 14.375, 13.625, 15.5, 13.5 ], "texture": "#ki-49-tail" },
				"north": { "uv": [ 7, 11.125, 5.875, 11.375 ], "texture": "#ki-49-tail" },
				"south": { "uv": [ 5.875, 10.875, 7, 11.125 ], "texture": "#ki-49-tail" },
				"west": { "uv": [ 12.875, 8.375, 13, 8.625 ], "texture": "#ki-49-tail" },
				"east": { "uv": [ 13, 8.625, 12.875, 8.875 ], "texture": "#ki-49-tail" }
			}
		},
		{
			"__comment": "tail31",
			"from": [ 5.5762, 8.5605, 27.5102 ],
			"to": [ 10.49049, 10.66662, 28.91428 ],
			"faces": {
				"down": { "uv": [ 7.875, 9, 8.75, 9.25 ], "texture": "#ki-49-tail" },
				"up": { "uv": [ 7.875, 9, 8.75, 8.75 ], "texture": "#ki-49-tail" },
				"north": { "uv": [ 5.5, 10.25, 4.625, 10.625 ], "texture": "#ki-49-tail" },
				"south": { "uv": [ 0.625, 8, 1.5, 8.375 ], "texture": "#ki-49-tail" },
				"west": { "uv": [ 6.625, 10.5, 6.875, 10.875 ], "texture": "#ki-49-tail" },
				"east": { "uv": [ 5.75, 10.25, 5.5, 10.625 ], "texture": "#ki-49-tail" }
			}
		},
		{
			"__comment": "tail32",
			"from": [ 5.5762, 8.5605, 28.9143 ],
			"to": [ 10.49049, 9.964581, 29.61634 ],
			"faces": {
				"down": { "uv": [ 5, 13.75, 5.875, 13.875 ], "texture": "#ki-49-tail" },
				"up": { "uv": [ 4, 11.25, 4.875, 11.125 ], "texture": "#ki-49-tail" },
				"north": { "uv": [ 8.75, 10.5, 7.875, 10.75 ], "texture": "#ki-49-tail" },
				"south": { "uv": [ 8.75, 10.5, 9.625, 10.75 ], "texture": "#ki-49-tail" },
				"west": { "uv": [ 12.875, 8.875, 13, 9.125 ], "texture": "#ki-49-tail" },
				"east": { "uv": [ 13, 9.125, 12.875, 9.375 ], "texture": "#ki-49-tail" }
			}
		},
		{
			"__comment": "tail33",
			"from": [ 5.5762, 9.2626, 12.0653 ],
			"to": [ 11.19253, 10.66668, 12.76734 ],
			"faces": {
				"down": { "uv": [ 15, 15, 16, 15.125 ], "texture": "#ki-49-tail" },
				"up": { "uv": [ 14.25, 12.625, 15.25, 12.5 ], "texture": "#ki-49-tail" },
				"north": { "uv": [ 6.875, 9, 5.875, 9.25 ], "texture": "#ki-49-tail" },
				"south": { "uv": [ 5.875, 8.75, 6.875, 9 ], "texture": "#ki-49-tail" },
				"west": { "uv": [ 12.875, 9.375, 13, 9.625 ], "texture": "#ki-49-tail" },
				"east": { "uv": [ 13, 9.625, 12.875, 9.875 ], "texture": "#ki-49-tail" }
			}
		},
		{
			"__comment": "tail34",
			"from": [ 5.5762, 9.9646, 8.555099 ],
			"to": [ 11.19253, 10.66664, 12.0653 ],
			"faces": {
				"down": { "uv": [ 4.5, 12.25, 5.5, 12.875 ], "texture": "#ki-49-tail" },
				"up": { "uv": [ 3.5, 12.875, 4.5, 12.25 ], "texture": "#ki-49-tail" },
				"north": { "uv": [ 10.75, 11, 9.75, 11.125 ], "texture": "#ki-49-tail" },
				"south": { "uv": [ 9.75, 11.125, 10.75, 11.25 ], "texture": "#ki-49-tail" },
				"west": { "uv": [ 0, 8, 0.625, 8.125 ], "texture": "#ki-49-tail" },
				"east": { "uv": [ 7.875, 8, 7.25, 8.125 ], "texture": "#ki-49-tail" }
			}
		},
		{
			"__comment": "tail38",
			"from": [ 6.2782, 5.0503, 8.555099 ],
			"to": [ 9.788404, 5.75234, 12.76734 ],
			"faces": {
				"down": { "uv": [ 0, 9.5, 0.625, 10.25 ], "texture": "#ki-49-tail" },
				"up": { "uv": [ 0, 11, 0.625, 10.25 ], "texture": "#ki-49-tail" },
				"north": { "uv": [ 16, 12, 15.375, 12.125 ], "texture": "#ki-49-tail" },
				"south": { "uv": [ 15.125, 11.625, 15.75, 11.75 ], "texture": "#ki-49-tail" },
				"west": { "uv": [ 9.5, 10.125, 10.25, 10.25 ], "texture": "#ki-49-tail" },
				"east": { "uv": [ 12.875, 11.625, 12.125, 11.75 ], "texture": "#ki-49-tail" }
			}
		},
		{
			"__comment": "tail44",
			"from": [ 6.2782, 7.8585, 27.5102 ],
			"to": [ 10.49044, 8.560541, 30.31836 ],
			"faces": {
				"down": { "uv": [ 2.75, 9.125, 3.5, 9.625 ], "texture": "#ki-49-tail" },
				"up": { "uv": [ 1.5, 8.5, 2.25, 8 ], "texture": "#ki-49-tail" },
				"north": { "uv": [ 14.375, 11.75, 13.625, 11.875 ], "texture": "#ki-49-tail" },
				"south": { "uv": [ 14.375, 11.75, 15.125, 11.875 ], "texture": "#ki-49-tail" },
				"west": { "uv": [ 12.125, 10.25, 12.625, 10.375 ], "texture": "#ki-49-tail" },
				"east": { "uv": [ 12.625, 10.375, 12.125, 10.5 ], "texture": "#ki-49-tail" }
			}
		},
		{
			"__comment": "tail45",
			"from": [ 6.2782, 8.5605, 29.6163 ],
			"to": [ 10.49044, 10.66662, 30.31834 ],
			"faces": {
				"down": { "uv": [ 12.875, 11.625, 13.625, 11.75 ], "texture": "#ki-49-tail" },
				"up": { "uv": [ 13.625, 11.75, 14.375, 11.625 ], "texture": "#ki-49-tail" },
				"north": { "uv": [ 5.75, 8.5, 5, 8.875 ], "texture": "#ki-49-tail" },
				"south": { "uv": [ 5, 8.875, 5.75, 9.25 ], "texture": "#ki-49-tail" },
				"west": { "uv": [ 6.875, 10.5, 7, 10.875 ], "texture": "#ki-49-tail" },
				"east": { "uv": [ 5.875, 8.5, 5.75, 8.875 ], "texture": "#ki-49-tail" }
			}
		},
		{
			"__comment": "tail46",
			"from": [ 6.2782, 8.5605, 30.3184 ],
			"to": [ 9.788404, 11.36866, 31.02044 ],
			"faces": {
				"down": { "uv": [ 12.125, 11.375, 12.75, 11.5 ], "texture": "#ki-49-tail" },
				"up": { "uv": [ 12.75, 11.5, 13.375, 11.375 ], "texture": "#ki-49-tail" },
				"north": { "uv": [ 5.25, 9.75, 4.625, 10.25 ], "texture": "#ki-49-tail" },
				"south": { "uv": [ 4.375, 8.75, 5, 9.25 ], "texture": "#ki-49-tail" },
				"west": { "uv": [ 3.5, 8.125, 3.625, 8.625 ], "texture": "#ki-49-tail" },
				"east": { "uv": [ 11.875, 9.375, 11.75, 9.875 ], "texture": "#ki-49-tail" }
			}
		},
		{
			"__comment": "tail47",
			"from": [ 6.2782, 9.9646, 28.9143 ],
			"to": [ 10.49044, 11.36868, 29.61634 ],
			"faces": {
				"down": { "uv": [ 15.25, 12.5, 16, 12.625 ], "texture": "#ki-49-tail" },
				"up": { "uv": [ 14.375, 11.75, 15.125, 11.625 ], "texture": "#ki-49-tail" },
				"north": { "uv": [ 9.875, 9.875, 9.125, 10.125 ], "texture": "#ki-49-tail" },
				"south": { "uv": [ 10.5, 10.5, 11.25, 10.75 ], "texture": "#ki-49-tail" },
				"west": { "uv": [ 12.875, 9.875, 13, 10.125 ], "texture": "#ki-49-tail" },
				"east": { "uv": [ 13, 10.125, 12.875, 10.375 ], "texture": "#ki-49-tail" }
			}
		},
		{
			"__comment": "tail49",
			"from": [ 6.2782, 10.6667, 29.6163 ],
			"to": [ 9.788404, 11.36874, 30.31834 ],
			"faces": {
				"down": { "uv": [ 13.375, 11.375, 14, 11.5 ], "texture": "#ki-49-tail" },
				"up": { "uv": [ 14, 11.5, 14.625, 11.375 ], "texture": "#ki-49-tail" },
				"north": { "uv": [ 15.25, 11.375, 14.625, 11.5 ], "texture": "#ki-49-tail" },
				"south": { "uv": [ 15.25, 11.375, 15.875, 11.5 ], "texture": "#ki-49-tail" },
				"west": { "uv": [ 13.25, 9.5, 13.375, 9.625 ], "texture": "#ki-49-tail" },
				"east": { "uv": [ 13.375, 9.375, 13.25, 9.5 ], "texture": "#ki-49-tail" }
			}
		},
		{
			"__comment": "tail59",
			"from": [ 6.9803, 7.8585, 30.3184 ],
			"to": [ 9.788464, 8.560541, 31.02044 ],
			"faces": {
				"down": { "uv": [ 15.5, 13.625, 16, 13.75 ], "texture": "#ki-49-tail" },
				"up": { "uv": [ 10.75, 11, 11.25, 10.875 ], "texture": "#ki-49-tail" },
				"north": { "uv": [ 11.25, 11, 10.75, 11.125 ], "texture": "#ki-49-tail" },
				"south": { "uv": [ 10.75, 11.375, 11.25, 11.5 ], "texture": "#ki-49-tail" },
				"west": { "uv": [ 13.25, 9.625, 13.375, 9.75 ], "texture": "#ki-49-tail" },
				"east": { "uv": [ 15.625, 10.5, 15.5, 10.625 ], "texture": "#ki-49-tail" }
			}
		},
		{
			"__comment": "tail60",
			"from": [ 6.9803, 8.5605, 31.0204 ],
			"to": [ 9.788464, 10.66662, 31.72244 ],
			"faces": {
				"down": { "uv": [ 12.125, 10.125, 12.625, 10.25 ], "texture": "#ki-49-tail" },
				"up": { "uv": [ 15.5, 13.875, 16, 13.75 ], "texture": "#ki-49-tail" },
				"north": { "uv": [ 7.75, 8.125, 7.25, 8.5 ], "texture": "#ki-49-tail" },
				"south": { "uv": [ 7.25, 8.5, 7.75, 8.875 ], "texture": "#ki-49-tail" },
				"west": { "uv": [ 6.875, 10.125, 7, 10.5 ], "texture": "#ki-49-tail" },
				"east": { "uv": [ 12.75, 9.375, 12.625, 9.75 ], "texture": "#ki-49-tail" }
			}
		},
		{
			"__comment": "tail108",
			"from": [ 9.7884, 9.2626, 30.3184 ],
			"to": [ 10.49044, 9.964641, 31.02044 ],
			"faces": {
				"down": { "uv": [ 14, 10.5, 14.125, 10.625 ], "texture": "#ki-49-tail" },
				"up": { "uv": [ 14.125, 10.625, 14.25, 10.5 ], "texture": "#ki-49-tail" },
				"north": { "uv": [ 14.375, 10.5, 14.25, 10.625 ], "texture": "#ki-49-tail" },
				"south": { "uv": [ 14.375, 10.5, 14.5, 10.625 ], "texture": "#ki-49-tail" },
				"west": { "uv": [ 14.5, 10.5, 14.625, 10.625 ], "texture": "#ki-49-tail" },
				"east": { "uv": [ 14.75, 10.5, 14.625, 10.625 ], "texture": "#ki-49-tail" }
			}
		}
	],
	"display": {
		"thirdperson_righthand": {
			"translation":  [ 0.6, -0.75, 33.5 ],
			"scale":  [ 4, 4, 4 ]
		}
	}
}