{
	"__comment": "Designed by Uran2471 with Cubik Studio - https://cubik.studio",
	"textures": {
		"particle": "blocks/particle",
		"texture": "blocks/texture",
		"me262-a1a-rightwing": "custom/me262-a1a-rightwing"
	},
	"elements": [ 	 
		{
			"__comment": "rightwing",
			"from": [ 30, 7.5, 7 ],
			"to": [ 31.5, 8, 10 ],
			"faces": {
				"down": { "uv": [ 0, 10, 3, 16 ], "texture": "#me262-a1a-rightwing" },
				"up": { "uv": [ 3, 16, 6, 10 ], "texture": "#me262-a1a-rightwing" },
				"north": { "uv": [ 15, 15, 12, 16 ], "texture": "#me262-a1a-rightwing" },
				"south": { "uv": [ 12, 14, 15, 15 ], "texture": "#me262-a1a-rightwing" },
				"west": { "uv": [ 6, 15, 12, 16 ], "texture": "#me262-a1a-rightwing" },
				"east": { "uv": [ 12, 14, 6, 15 ], "texture": "#me262-a1a-rightwing" }
			}
		},
		{
			"__comment": "rightwing1",
			"from": [ 30, 7.5, 10 ],
			"to": [ 31, 8, 10.5 ],
			"faces": {
				"down": { "uv": [ 7, 11, 9, 12 ], "texture": "#me262-a1a-rightwing" },
				"up": { "uv": [ 7, 11, 9, 10 ], "texture": "#me262-a1a-rightwing" },
				"north": { "uv": [ 9, 9, 7, 10 ], "texture": "#me262-a1a-rightwing" },
				"south": { "uv": [ 7, 8, 9, 9 ], "texture": "#me262-a1a-rightwing" },
				"west": { "uv": [ 2, 9, 3, 10 ], "texture": "#me262-a1a-rightwing" },
				"east": { "uv": [ 3, 8, 2, 9 ], "texture": "#me262-a1a-rightwing" }
			}
		},
		{
			"__comment": "rightwing2",
			"from": [ 31, 8, 7.5 ],
			"to": [ 32, 8.5, 8.5 ],
			"faces": {
				"down": { "uv": [ 0, 8, 2, 10 ], "texture": "#me262-a1a-rightwing" },
				"up": { "uv": [ 3, 10, 5, 8 ], "texture": "#me262-a1a-rightwing" },
				"north": { "uv": [ 12, 13, 10, 14 ], "texture": "#me262-a1a-rightwing" },
				"south": { "uv": [ 12, 13, 14, 14 ], "texture": "#me262-a1a-rightwing" },
				"west": { "uv": [ 14, 13, 16, 14 ], "texture": "#me262-a1a-rightwing" },
				"east": { "uv": [ 12, 12, 10, 13 ], "texture": "#me262-a1a-rightwing" }
			}
		},
		{
			"__comment": "rightwing3",
			"from": [ 31, 8, 8.5 ],
			"to": [ 31.5, 8.5, 9 ],
			"faces": {
				"down": { "uv": [ 5, 9, 6, 10 ], "texture": "#me262-a1a-rightwing" },
				"up": { "uv": [ 5, 9, 6, 8 ], "texture": "#me262-a1a-rightwing" },
				"north": { "uv": [ 16, 15, 15, 16 ], "texture": "#me262-a1a-rightwing" },
				"south": { "uv": [ 15, 14, 16, 15 ], "texture": "#me262-a1a-rightwing" },
				"west": { "uv": [ 9, 11, 10, 12 ], "texture": "#me262-a1a-rightwing" },
				"east": { "uv": [ 10, 10, 9, 11 ], "texture": "#me262-a1a-rightwing" }
			}
		},
		{
			"__comment": "rightwing4",
			"from": [ 31.5, 7.5, 7.5 ],
			"to": [ 32, 8, 9 ],
			"faces": {
				"down": { "uv": [ 6, 11, 7, 14 ], "texture": "#me262-a1a-rightwing" },
				"up": { "uv": [ 6, 11, 7, 8 ], "texture": "#me262-a1a-rightwing" },
				"north": { "uv": [ 10, 9, 9, 10 ], "texture": "#me262-a1a-rightwing" },
				"south": { "uv": [ 9, 8, 10, 9 ], "texture": "#me262-a1a-rightwing" },
				"west": { "uv": [ 7, 13, 10, 14 ], "texture": "#me262-a1a-rightwing" },
				"east": { "uv": [ 10, 12, 7, 13 ], "texture": "#me262-a1a-rightwing" }
			}
		}
	],
	"display": {
		"thirdperson_righthand": {
			"translation":  [ 3, 8, 0 ],
			"scale":  [ 4, 4, 4 ]
		}
	}
}