{
	"__comment": "Designed by Uran2471 with Cubik Studio - https://cubik.studio",
	"textures": {
		"particle": "blocks/particle",
		"voxels_atlas": "custom/no80-bomb"
	},
	"elements": [ 	 
		{
			"__comment": "Voxels",
			"from": [ 4, 6.6667, -8 ],
			"to": [ 13.33333, 10.6667, 14.66667 ],
			"faces": {
				"down": { "uv": [ 0, 11.75, 1.75, 16 ], "texture": "#voxels_atlas" },
				"up": { "uv": [ 1.75, 16, 3.5, 11.75 ], "texture": "#voxels_atlas" },
				"north": { "uv": [ 1.75, 11, 0, 11.75 ], "texture": "#voxels_atlas" },
				"south": { "uv": [ 0, 10.25, 1.75, 11 ], "texture": "#voxels_atlas" },
				"west": { "uv": [ 8.5, 15.25, 12.75, 16 ], "texture": "#voxels_atlas" },
				"east": { "uv": [ 12.75, 14.5, 8.5, 15.25 ], "texture": "#voxels_atlas" }
			}
		},
		{
			"__comment": "Voxels",
			"from": [ 4, 8, -9.3333 ],
			"to": [ 13.33333, 9.333333, -7.999966 ],
			"faces": {
				"down": { "uv": [ 11.5, 10.75, 13.25, 11 ], "texture": "#voxels_atlas" },
				"up": { "uv": [ 13.25, 11.25, 15, 11 ], "texture": "#voxels_atlas" },
				"north": { "uv": [ 13.25, 11, 11.5, 11.25 ], "texture": "#voxels_atlas" },
				"south": { "uv": [ 11.5, 11.5, 13.25, 11.75 ], "texture": "#voxels_atlas" },
				"west": { "uv": [ 12.75, 9.75, 13, 10 ], "texture": "#voxels_atlas" },
				"east": { "uv": [ 15.75, 10.5, 15.5, 10.75 ], "texture": "#voxels_atlas" }
			}
		},
		{
			"__comment": "Voxels",
			"from": [ 4, 8, 14.6667 ],
			"to": [ 13.33333, 9.333333, 16.00003 ],
			"faces": {
				"down": { "uv": [ 13.25, 10.75, 15, 11 ], "texture": "#voxels_atlas" },
				"up": { "uv": [ 13.25, 11.5, 15, 11.25 ], "texture": "#voxels_atlas" },
				"north": { "uv": [ 13.25, 11.25, 11.5, 11.5 ], "texture": "#voxels_atlas" },
				"south": { "uv": [ 13.25, 11.5, 15, 11.75 ], "texture": "#voxels_atlas" },
				"west": { "uv": [ 15.25, 10.25, 15.5, 10.5 ], "texture": "#voxels_atlas" },
				"east": { "uv": [ 15.75, 10.25, 15.5, 10.5 ], "texture": "#voxels_atlas" }
			}
		},
		{
			"__comment": "Voxels",
			"from": [ 4, 8, 22.6667 ],
			"to": [ 13.33333, 9.333333, 25.33337 ],
			"faces": {
				"down": { "uv": [ 1.75, 10.5, 3.5, 11 ], "texture": "#voxels_atlas" },
				"up": { "uv": [ 1.75, 10.5, 3.5, 10 ], "texture": "#voxels_atlas" },
				"north": { "uv": [ 15, 11.75, 13.25, 12 ], "texture": "#voxels_atlas" },
				"south": { "uv": [ 11.5, 11.75, 13.25, 12 ], "texture": "#voxels_atlas" },
				"west": { "uv": [ 3, 9.25, 3.5, 9.5 ], "texture": "#voxels_atlas" },
				"east": { "uv": [ 3.5, 9, 3, 9.25 ], "texture": "#voxels_atlas" }
			}
		},
		{
			"__comment": "Voxels",
			"from": [ 4, 8, 25.3333 ],
			"to": [ 6.666667, 9.333333, 31.99997 ],
			"faces": {
				"down": { "uv": [ 3.5, 10.5, 4, 11.75 ], "texture": "#voxels_atlas" },
				"up": { "uv": [ 4, 11.75, 4.5, 10.5 ], "texture": "#voxels_atlas" },
				"north": { "uv": [ 16, 13.25, 15.5, 13.5 ], "texture": "#voxels_atlas" },
				"south": { "uv": [ 10.75, 8, 11.25, 8.25 ], "texture": "#voxels_atlas" },
				"west": { "uv": [ 14, 10.5, 15.25, 10.75 ], "texture": "#voxels_atlas" },
				"east": { "uv": [ 6, 8, 4.75, 8.25 ], "texture": "#voxels_atlas" }
			}
		},
		{
			"__comment": "Voxels",
			"from": [ 5.3333, 5.3333, -8 ],
			"to": [ 11.99997, 6.666633, 14.66667 ],
			"faces": {
				"down": { "uv": [ 7.25, 11.75, 8.5, 16 ], "texture": "#voxels_atlas" },
				"up": { "uv": [ 6, 16, 7.25, 11.75 ], "texture": "#voxels_atlas" },
				"north": { "uv": [ 8.5, 8.5, 7.25, 8.75 ], "texture": "#voxels_atlas" },
				"south": { "uv": [ 14.75, 15.75, 16, 16 ], "texture": "#voxels_atlas" },
				"west": { "uv": [ 11.5, 13.75, 15.75, 14 ], "texture": "#voxels_atlas" },
				"east": { "uv": [ 15.75, 14, 11.5, 14.25 ], "texture": "#voxels_atlas" }
			}
		},
		{
			"__comment": "Voxels",
			"from": [ 5.3333, 5.3333, 14.6667 ],
			"to": [ 10.66663, 7.999967, 16.00003 ],
			"faces": {
				"down": { "uv": [ 15, 11.5, 16, 11.75 ], "texture": "#voxels_atlas" },
				"up": { "uv": [ 15, 12, 16, 11.75 ], "texture": "#voxels_atlas" },
				"north": { "uv": [ 7, 9.25, 6, 9.75 ], "texture": "#voxels_atlas" },
				"south": { "uv": [ 4.75, 8.25, 5.75, 8.75 ], "texture": "#voxels_atlas" },
				"west": { "uv": [ 8.25, 8.75, 8.5, 9.25 ], "texture": "#voxels_atlas" },
				"east": { "uv": [ 8.25, 8.75, 8, 9.25 ], "texture": "#voxels_atlas" }
			}
		},
		{
			"__comment": "Voxels",
			"from": [ 5.3333, 6.6667, -10.6667 ],
			"to": [ 11.99997, 10.6667, -9.333366 ],
			"faces": {
				"down": { "uv": [ 14.75, 14.5, 16, 14.75 ], "texture": "#voxels_atlas" },
				"up": { "uv": [ 11.5, 10.25, 12.75, 10 ], "texture": "#voxels_atlas" },
				"north": { "uv": [ 1.25, 8.75, 0, 9.5 ], "texture": "#voxels_atlas" },
				"south": { "uv": [ 0, 8, 1.25, 8.75 ], "texture": "#voxels_atlas" },
				"west": { "uv": [ 4.5, 8.75, 4.75, 9.5 ], "texture": "#voxels_atlas" },
				"east": { "uv": [ 4.5, 8, 4.25, 8.75 ], "texture": "#voxels_atlas" }
			}
		},
		{
			"__comment": "Voxels",
			"from": [ 5.3333, 6.6667, -9.3333 ],
			"to": [ 11.99997, 8.000033, -7.999966 ],
			"faces": {
				"down": { "uv": [ 11.5, 9.75, 12.75, 10 ], "texture": "#voxels_atlas" },
				"up": { "uv": [ 11.5, 9.75, 12.75, 9.5 ], "texture": "#voxels_atlas" },
				"north": { "uv": [ 12.75, 8.75, 11.5, 9 ], "texture": "#voxels_atlas" },
				"south": { "uv": [ 11.5, 8.5, 12.75, 8.75 ], "texture": "#voxels_atlas" },
				"west": { "uv": [ 15.25, 10.5, 15.5, 10.75 ], "texture": "#voxels_atlas" },
				"east": { "uv": [ 15.5, 10.75, 15.25, 11 ], "texture": "#voxels_atlas" }
			}
		},
		{
			"__comment": "Voxels",
			"from": [ 5.3333, 6.6667, 16 ],
			"to": [ 11.99997, 10.6667, 18.66667 ],
			"faces": {
				"down": { "uv": [ 1.75, 9, 3, 9.5 ], "texture": "#voxels_atlas" },
				"up": { "uv": [ 1.75, 10, 3, 9.5 ], "texture": "#voxels_atlas" },
				"north": { "uv": [ 1.25, 9.5, 0, 10.25 ], "texture": "#voxels_atlas" },
				"south": { "uv": [ 1.75, 11, 3, 11.75 ], "texture": "#voxels_atlas" },
				"west": { "uv": [ 1.25, 9.5, 1.75, 10.25 ], "texture": "#voxels_atlas" },
				"east": { "uv": [ 1.75, 8.75, 1.25, 9.5 ], "texture": "#voxels_atlas" }
			}
		},
		{
			"__comment": "Voxels",
			"from": [ 5.3333, 8, -12 ],
			"to": [ 11.99997, 9.333333, -10.66667 ],
			"faces": {
				"down": { "uv": [ 14.75, 15.5, 16, 15.75 ], "texture": "#voxels_atlas" },
				"up": { "uv": [ 14.75, 15.5, 16, 15.25 ], "texture": "#voxels_atlas" },
				"north": { "uv": [ 16, 15, 14.75, 15.25 ], "texture": "#voxels_atlas" },
				"south": { "uv": [ 14.75, 14.75, 16, 15 ], "texture": "#voxels_atlas" },
				"west": { "uv": [ 15, 10.75, 15.25, 11 ], "texture": "#voxels_atlas" },
				"east": { "uv": [ 11.5, 8, 11.25, 8.25 ], "texture": "#voxels_atlas" }
			}
		},
		{
			"__comment": "Voxels",
			"from": [ 5.3333, 8, 20 ],
			"to": [ 11.99997, 9.333333, 22.66667 ],
			"faces": {
				"down": { "uv": [ 1.75, 8, 3, 8.5 ], "texture": "#voxels_atlas" },
				"up": { "uv": [ 3.5, 10, 4.75, 9.5 ], "texture": "#voxels_atlas" },
				"north": { "uv": [ 12.75, 9.25, 11.5, 9.5 ], "texture": "#voxels_atlas" },
				"south": { "uv": [ 11.5, 9, 12.75, 9.25 ], "texture": "#voxels_atlas" },
				"west": { "uv": [ 8, 10.5, 8.5, 10.75 ], "texture": "#voxels_atlas" },
				"east": { "uv": [ 8.5, 10.75, 8, 11 ], "texture": "#voxels_atlas" }
			}
		},
		{
			"__comment": "Voxels",
			"from": [ 5.3333, 9.3333, -9.3333 ],
			"to": [ 11.99997, 10.66663, -7.999966 ],
			"faces": {
				"down": { "uv": [ 11.5, 8.25, 12.75, 8.5 ], "texture": "#voxels_atlas" },
				"up": { "uv": [ 11.5, 8.25, 12.75, 8 ], "texture": "#voxels_atlas" },
				"north": { "uv": [ 14, 10.5, 12.75, 10.75 ], "texture": "#voxels_atlas" },
				"south": { "uv": [ 11.5, 10.25, 12.75, 10.5 ], "texture": "#voxels_atlas" },
				"west": { "uv": [ 13, 8.5, 13.25, 8.75 ], "texture": "#voxels_atlas" },
				"east": { "uv": [ 13, 9, 12.75, 9.25 ], "texture": "#voxels_atlas" }
			}
		},
		{
			"__comment": "Voxels",
			"from": [ 5.3333, 9.3333, 14.6667 ],
			"to": [ 11.99997, 11.99997, 16.00003 ],
			"faces": {
				"down": { "uv": [ 7.25, 8.25, 8.5, 8.5 ], "texture": "#voxels_atlas" },
				"up": { "uv": [ 7.25, 8.25, 8.5, 8 ], "texture": "#voxels_atlas" },
				"north": { "uv": [ 4.75, 10, 3.5, 10.5 ], "texture": "#voxels_atlas" },
				"south": { "uv": [ 1.75, 8.5, 3, 9 ], "texture": "#voxels_atlas" },
				"west": { "uv": [ 7, 11.25, 7.25, 11.75 ], "texture": "#voxels_atlas" },
				"east": { "uv": [ 6, 8.25, 5.75, 8.75 ], "texture": "#voxels_atlas" }
			}
		},
		{
			"__comment": "Voxels",
			"from": [ 5.3333, 10.6667, -8 ],
			"to": [ 11.99997, 12.00003, 14.66667 ],
			"faces": {
				"down": { "uv": [ 4.75, 11.75, 6, 16 ], "texture": "#voxels_atlas" },
				"up": { "uv": [ 3.5, 16, 4.75, 11.75 ], "texture": "#voxels_atlas" },
				"north": { "uv": [ 12.75, 10.5, 11.5, 10.75 ], "texture": "#voxels_atlas" },
				"south": { "uv": [ 12.75, 10.25, 14, 10.5 ], "texture": "#voxels_atlas" },
				"west": { "uv": [ 11.5, 13.5, 15.75, 13.75 ], "texture": "#voxels_atlas" },
				"east": { "uv": [ 15.75, 14.25, 11.5, 14.5 ], "texture": "#voxels_atlas" }
			}
		},
		{
			"__comment": "Voxels",
			"from": [ 6.6667, 4, -6.6667 ],
			"to": [ 10.6667, 5.333333, 14.66663 ],
			"faces": {
				"down": { "uv": [ 10, 10.5, 10.75, 14.5 ], "texture": "#voxels_atlas" },
				"up": { "uv": [ 10.75, 14.5, 11.5, 10.5 ], "texture": "#voxels_atlas" },
				"north": { "uv": [ 9.25, 9.5, 8.5, 9.75 ], "texture": "#voxels_atlas" },
				"south": { "uv": [ 9.25, 8.75, 10, 9 ], "texture": "#voxels_atlas" },
				"west": { "uv": [ 11.5, 12, 15.5, 12.25 ], "texture": "#voxels_atlas" },
				"east": { "uv": [ 15.5, 13.25, 11.5, 13.5 ], "texture": "#voxels_atlas" }
			}
		},
		{
			"__comment": "Voxels",
			"from": [ 6.6667, 5.3333, -10.6667 ],
			"to": [ 10.6667, 6.666633, -8.000032 ],
			"faces": {
				"down": { "uv": [ 7.25, 9.25, 8, 9.75 ], "texture": "#voxels_atlas" },
				"up": { "uv": [ 7.25, 9.25, 8, 8.75 ], "texture": "#voxels_atlas" },
				"north": { "uv": [ 9.25, 9.25, 8.5, 9.5 ], "texture": "#voxels_atlas" },
				"south": { "uv": [ 8.5, 9, 9.25, 9.25 ], "texture": "#voxels_atlas" },
				"west": { "uv": [ 8, 11, 8.5, 11.25 ], "texture": "#voxels_atlas" },
				"east": { "uv": [ 8.5, 11.25, 8, 11.5 ], "texture": "#voxels_atlas" }
			}
		},
		{
			"__comment": "Voxels",
			"from": [ 6.6667, 5.3333, 16 ],
			"to": [ 10.6667, 6.666633, 18.66667 ],
			"faces": {
				"down": { "uv": [ 7.25, 11.25, 8, 11.75 ], "texture": "#voxels_atlas" },
				"up": { "uv": [ 6, 8.75, 6.75, 8.25 ], "texture": "#voxels_atlas" },
				"north": { "uv": [ 9.25, 8.75, 8.5, 9 ], "texture": "#voxels_atlas" },
				"south": { "uv": [ 8.5, 8.5, 9.25, 8.75 ], "texture": "#voxels_atlas" },
				"west": { "uv": [ 1.25, 8, 1.75, 8.25 ], "texture": "#voxels_atlas" },
				"east": { "uv": [ 7.25, 9, 6.75, 9.25 ], "texture": "#voxels_atlas" }
			}
		},
		{
			"__comment": "Voxels",
			"from": [ 6.6667, 6.6667, -13.3333 ],
			"to": [ 10.6667, 10.6667, -11.99997 ],
			"faces": {
				"down": { "uv": [ 8.5, 8.25, 9.25, 8.5 ], "texture": "#voxels_atlas" },
				"up": { "uv": [ 8.5, 8.25, 9.25, 8 ], "texture": "#voxels_atlas" },
				"north": { "uv": [ 5.5, 8.75, 4.75, 9.5 ], "texture": "#voxels_atlas" },
				"south": { "uv": [ 3.5, 8.75, 4.25, 9.5 ], "texture": "#voxels_atlas" },
				"west": { "uv": [ 4.5, 8, 4.75, 8.75 ], "texture": "#voxels_atlas" },
				"east": { "uv": [ 5.75, 11, 5.5, 11.75 ], "texture": "#voxels_atlas" }
			}
		},
		{
			"__comment": "Voxels",
			"from": [ 6.6667, 6.6667, -12 ],
			"to": [ 10.6667, 8.000033, -10.66667 ],
			"faces": {
				"down": { "uv": [ 9.25, 10.25, 10, 10.5 ], "texture": "#voxels_atlas" },
				"up": { "uv": [ 9.25, 10.25, 10, 10 ], "texture": "#voxels_atlas" },
				"north": { "uv": [ 10, 9.75, 9.25, 10 ], "texture": "#voxels_atlas" },
				"south": { "uv": [ 9.25, 9.5, 10, 9.75 ], "texture": "#voxels_atlas" },
				"west": { "uv": [ 12.75, 8, 13, 8.25 ], "texture": "#voxels_atlas" },
				"east": { "uv": [ 13, 8.25, 12.75, 8.5 ], "texture": "#voxels_atlas" }
			}
		},
		{
			"__comment": "Voxels",
			"from": [ 6.6667, 6.6667, 18.6667 ],
			"to": [ 10.6667, 10.6667, 20.00003 ],
			"faces": {
				"down": { "uv": [ 9.25, 9.25, 10, 9.5 ], "texture": "#voxels_atlas" },
				"up": { "uv": [ 9.25, 9.25, 10, 9 ], "texture": "#voxels_atlas" },
				"north": { "uv": [ 4.25, 8, 3.5, 8.75 ], "texture": "#voxels_atlas" },
				"south": { "uv": [ 4.75, 10.25, 5.5, 11 ], "texture": "#voxels_atlas" },
				"west": { "uv": [ 5.75, 11, 6, 11.75 ], "texture": "#voxels_atlas" },
				"east": { "uv": [ 5.75, 10.25, 5.5, 11 ], "texture": "#voxels_atlas" }
			}
		},
		{
			"__comment": "Voxels",
			"from": [ 6.6667, 6.6667, 20 ],
			"to": [ 10.6667, 8.000033, 21.33333 ],
			"faces": {
				"down": { "uv": [ 9.25, 8.5, 10, 8.75 ], "texture": "#voxels_atlas" },
				"up": { "uv": [ 9.25, 8.5, 10, 8.25 ], "texture": "#voxels_atlas" },
				"north": { "uv": [ 10, 8, 9.25, 8.25 ], "texture": "#voxels_atlas" },
				"south": { "uv": [ 10, 10.25, 10.75, 10.5 ], "texture": "#voxels_atlas" },
				"west": { "uv": [ 15, 11.25, 15.25, 11.5 ], "texture": "#voxels_atlas" },
				"east": { "uv": [ 15.5, 11.25, 15.25, 11.5 ], "texture": "#voxels_atlas" }
			}
		},
		{
			"__comment": "Voxels",
			"from": [ 6.6667, 6.6667, 21.3333 ],
			"to": [ 9.333366, 8.000033, 22.66663 ],
			"faces": {
				"down": { "uv": [ 3, 8.75, 3.5, 9 ], "texture": "#voxels_atlas" },
				"up": { "uv": [ 3, 8.75, 3.5, 8.5 ], "texture": "#voxels_atlas" },
				"north": { "uv": [ 7.25, 8.5, 6.75, 8.75 ], "texture": "#voxels_atlas" },
				"south": { "uv": [ 6.75, 8.25, 7.25, 8.5 ], "texture": "#voxels_atlas" },
				"west": { "uv": [ 12.75, 9.5, 13, 9.75 ], "texture": "#voxels_atlas" },
				"east": { "uv": [ 13, 9.25, 12.75, 9.5 ], "texture": "#voxels_atlas" }
			}
		},
		{
			"__comment": "Voxels",
			"from": [ 6.6667, 8, 28 ],
			"to": [ 8.000033, 9.333333, 32 ],
			"faces": {
				"down": { "uv": [ 5.75, 10.25, 6, 11 ], "texture": "#voxels_atlas" },
				"up": { "uv": [ 5.5, 10.25, 5.75, 9.5 ], "texture": "#voxels_atlas" },
				"north": { "uv": [ 15.75, 10.75, 15.5, 11 ], "texture": "#voxels_atlas" },
				"south": { "uv": [ 15.75, 10.75, 16, 11 ], "texture": "#voxels_atlas" },
				"west": { "uv": [ 10, 10, 10.75, 10.25 ], "texture": "#voxels_atlas" },
				"east": { "uv": [ 10.75, 9.75, 10, 10 ], "texture": "#voxels_atlas" }
			}
		},
		{
			"__comment": "Voxels",
			"from": [ 6.6667, 9.3333, -12 ],
			"to": [ 10.6667, 10.66663, -10.66667 ],
			"faces": {
				"down": { "uv": [ 10, 9.5, 10.75, 9.75 ], "texture": "#voxels_atlas" },
				"up": { "uv": [ 10, 9.5, 10.75, 9.25 ], "texture": "#voxels_atlas" },
				"north": { "uv": [ 10.75, 9, 10, 9.25 ], "texture": "#voxels_atlas" },
				"south": { "uv": [ 10, 8.75, 10.75, 9 ], "texture": "#voxels_atlas" },
				"west": { "uv": [ 15.5, 12.25, 15.75, 12.5 ], "texture": "#voxels_atlas" },
				"east": { "uv": [ 16, 12.25, 15.75, 12.5 ], "texture": "#voxels_atlas" }
			}
		},
		{
			"__comment": "Voxels",
			"from": [ 6.6667, 9.3333, 20 ],
			"to": [ 10.6667, 10.66663, 21.33333 ],
			"faces": {
				"down": { "uv": [ 10, 8.5, 10.75, 8.75 ], "texture": "#voxels_atlas" },
				"up": { "uv": [ 10, 8.5, 10.75, 8.25 ], "texture": "#voxels_atlas" },
				"north": { "uv": [ 10.75, 8, 10, 8.25 ], "texture": "#voxels_atlas" },
				"south": { "uv": [ 10.75, 10.25, 11.5, 10.5 ], "texture": "#voxels_atlas" },
				"west": { "uv": [ 12.75, 8.75, 13, 9 ], "texture": "#voxels_atlas" },
				"east": { "uv": [ 13, 8.5, 12.75, 8.75 ], "texture": "#voxels_atlas" }
			}
		},
		{
			"__comment": "Voxels",
			"from": [ 6.6667, 10.6667, -10.6667 ],
			"to": [ 10.6667, 12.00003, -8.000032 ],
			"faces": {
				"down": { "uv": [ 7.25, 9.75, 8, 10.25 ], "texture": "#voxels_atlas" },
				"up": { "uv": [ 6, 9.25, 6.75, 8.75 ], "texture": "#voxels_atlas" },
				"north": { "uv": [ 11.5, 10, 10.75, 10.25 ], "texture": "#voxels_atlas" },
				"south": { "uv": [ 10.75, 9.75, 11.5, 10 ], "texture": "#voxels_atlas" },
				"west": { "uv": [ 3, 8.25, 3.5, 8.5 ], "texture": "#voxels_atlas" },
				"east": { "uv": [ 3.5, 8, 3, 8.25 ], "texture": "#voxels_atlas" }
			}
		},
		{
			"__comment": "Voxels",
			"from": [ 6.6667, 10.6667, 16 ],
			"to": [ 10.6667, 12.00003, 18.66667 ],
			"faces": {
				"down": { "uv": [ 7.25, 10.75, 8, 11.25 ], "texture": "#voxels_atlas" },
				"up": { "uv": [ 7.25, 10.75, 8, 10.25 ], "texture": "#voxels_atlas" },
				"north": { "uv": [ 11.5, 9.5, 10.75, 9.75 ], "texture": "#voxels_atlas" },
				"south": { "uv": [ 10.75, 9.25, 11.5, 9.5 ], "texture": "#voxels_atlas" },
				"west": { "uv": [ 6.75, 8, 7.25, 8.25 ], "texture": "#voxels_atlas" },
				"east": { "uv": [ 8.5, 11.5, 8, 11.75 ], "texture": "#voxels_atlas" }
			}
		},
		{
			"__comment": "Voxels",
			"from": [ 6.6667, 12, -6.6667 ],
			"to": [ 10.6667, 13.33333, 14.66663 ],
			"faces": {
				"down": { "uv": [ 9.25, 10.5, 10, 14.5 ], "texture": "#voxels_atlas" },
				"up": { "uv": [ 8.5, 14.5, 9.25, 10.5 ], "texture": "#voxels_atlas" },
				"north": { "uv": [ 11.5, 9, 10.75, 9.25 ], "texture": "#voxels_atlas" },
				"south": { "uv": [ 10.75, 8.75, 11.5, 9 ], "texture": "#voxels_atlas" },
				"west": { "uv": [ 11.5, 13, 15.5, 13.25 ], "texture": "#voxels_atlas" },
				"east": { "uv": [ 15.5, 12.75, 11.5, 13 ], "texture": "#voxels_atlas" }
			}
		},
		{
			"__comment": "Voxels",
			"from": [ 8, 4, 21.3333 ],
			"to": [ 9.333333, 6.666667, 31.99997 ],
			"faces": {
				"down": { "uv": [ 6.25, 9.75, 6.5, 11.75 ], "texture": "#voxels_atlas" },
				"up": { "uv": [ 6.75, 11.75, 7, 9.75 ], "texture": "#voxels_atlas" },
				"north": { "uv": [ 7.25, 9.75, 7, 10.25 ], "texture": "#voxels_atlas" },
				"south": { "uv": [ 7, 9.25, 7.25, 9.75 ], "texture": "#voxels_atlas" },
				"west": { "uv": [ 11.5, 12.25, 13.5, 12.75 ], "texture": "#voxels_atlas" },
				"east": { "uv": [ 15.5, 12.25, 13.5, 12.75 ], "texture": "#voxels_atlas" }
			}
		},
		{
			"__comment": "Voxels",
			"from": [ 8, 5.3333, -12 ],
			"to": [ 9.333333, 6.666633, -10.66667 ],
			"faces": {
				"down": { "uv": [ 13, 8.25, 13.25, 8.5 ], "texture": "#voxels_atlas" },
				"up": { "uv": [ 13, 8.25, 13.25, 8 ], "texture": "#voxels_atlas" },
				"north": { "uv": [ 13.5, 10, 13.25, 10.25 ], "texture": "#voxels_atlas" },
				"south": { "uv": [ 13.25, 9.75, 13.5, 10 ], "texture": "#voxels_atlas" },
				"west": { "uv": [ 5.75, 8.75, 6, 9 ], "texture": "#voxels_atlas" },
				"east": { "uv": [ 13.5, 9.5, 13.25, 9.75 ], "texture": "#voxels_atlas" }
			}
		},
		{
			"__comment": "Voxels",
			"from": [ 8, 5.3333, 18.6667 ],
			"to": [ 9.333333, 6.666633, 21.33337 ],
			"faces": {
				"down": { "uv": [ 7, 10.75, 7.25, 11.25 ], "texture": "#voxels_atlas" },
				"up": { "uv": [ 7, 10.75, 7.25, 10.25 ], "texture": "#voxels_atlas" },
				"north": { "uv": [ 16, 14.25, 15.75, 14.5 ], "texture": "#voxels_atlas" },
				"south": { "uv": [ 15.75, 14, 16, 14.25 ], "texture": "#voxels_atlas" },
				"west": { "uv": [ 3, 9.5, 3.5, 9.75 ], "texture": "#voxels_atlas" },
				"east": { "uv": [ 7.25, 8.75, 6.75, 9 ], "texture": "#voxels_atlas" }
			}
		},
		{
			"__comment": "Voxels",
			"from": [ 8, 6.6667, 22.6667 ],
			"to": [ 9.333333, 8.000033, 25.33337 ],
			"faces": {
				"down": { "uv": [ 4.5, 10.5, 4.75, 11 ], "texture": "#voxels_atlas" },
				"up": { "uv": [ 5.75, 9.5, 6, 9 ], "texture": "#voxels_atlas" },
				"north": { "uv": [ 16, 13.75, 15.75, 14 ], "texture": "#voxels_atlas" },
				"south": { "uv": [ 15.75, 13.5, 16, 13.75 ], "texture": "#voxels_atlas" },
				"west": { "uv": [ 3, 11, 3.5, 11.25 ], "texture": "#voxels_atlas" },
				"east": { "uv": [ 3.5, 9.75, 3, 10 ], "texture": "#voxels_atlas" }
			}
		},
		{
			"__comment": "Voxels",
			"from": [ 8, 6.6667, 28 ],
			"to": [ 9.333333, 8.000033, 32 ],
			"faces": {
				"down": { "uv": [ 5.75, 9.5, 6, 10.25 ], "texture": "#voxels_atlas" },
				"up": { "uv": [ 5.5, 9.5, 5.75, 8.75 ], "texture": "#voxels_atlas" },
				"north": { "uv": [ 15.75, 12, 15.5, 12.25 ], "texture": "#voxels_atlas" },
				"south": { "uv": [ 15.75, 12, 16, 12.25 ], "texture": "#voxels_atlas" },
				"west": { "uv": [ 10.75, 8.5, 11.5, 8.75 ], "texture": "#voxels_atlas" },
				"east": { "uv": [ 11.5, 8.25, 10.75, 8.5 ], "texture": "#voxels_atlas" }
			}
		},
		{
			"__comment": "Voxels",
			"from": [ 8, 8, -14.6667 ],
			"to": [ 9.333333, 9.333333, -13.33337 ],
			"faces": {
				"down": { "uv": [ 15.5, 11.25, 15.75, 11.5 ], "texture": "#voxels_atlas" },
				"up": { "uv": [ 15.75, 11.5, 16, 11.25 ], "texture": "#voxels_atlas" },
				"north": { "uv": [ 15.25, 11, 15, 11.25 ], "texture": "#voxels_atlas" },
				"south": { "uv": [ 15.25, 11, 15.5, 11.25 ], "texture": "#voxels_atlas" },
				"west": { "uv": [ 15.5, 11, 15.75, 11.25 ], "texture": "#voxels_atlas" },
				"east": { "uv": [ 16, 11, 15.75, 11.25 ], "texture": "#voxels_atlas" }
			}
		},
		{
			"__comment": "Voxels",
			"from": [ 8, 9.3333, 21.3333 ],
			"to": [ 9.333333, 13.3333, 31.99997 ],
			"faces": {
				"down": { "uv": [ 6, 9.75, 6.25, 11.75 ], "texture": "#voxels_atlas" },
				"up": { "uv": [ 6.5, 11.75, 6.75, 9.75 ], "texture": "#voxels_atlas" },
				"north": { "uv": [ 4.75, 11, 4.5, 11.75 ], "texture": "#voxels_atlas" },
				"south": { "uv": [ 4.25, 8.75, 4.5, 9.5 ], "texture": "#voxels_atlas" },
				"west": { "uv": [ 12.75, 15.25, 14.75, 16 ], "texture": "#voxels_atlas" },
				"east": { "uv": [ 14.75, 14.5, 12.75, 15.25 ], "texture": "#voxels_atlas" }
			}
		},
		{
			"__comment": "Voxels",
			"from": [ 8, 10.6667, -12 ],
			"to": [ 9.333333, 12.00003, -10.66667 ],
			"faces": {
				"down": { "uv": [ 15.75, 10.5, 16, 10.75 ], "texture": "#voxels_atlas" },
				"up": { "uv": [ 14, 10.5, 14.25, 10.25 ], "texture": "#voxels_atlas" },
				"north": { "uv": [ 14.5, 10.25, 14.25, 10.5 ], "texture": "#voxels_atlas" },
				"south": { "uv": [ 14.5, 10.25, 14.75, 10.5 ], "texture": "#voxels_atlas" },
				"west": { "uv": [ 14.75, 10.25, 15, 10.5 ], "texture": "#voxels_atlas" },
				"east": { "uv": [ 15.25, 10.25, 15, 10.5 ], "texture": "#voxels_atlas" }
			}
		},
		{
			"__comment": "Voxels",
			"from": [ 8, 10.6667, 18.6667 ],
			"to": [ 9.333333, 12.00003, 21.33337 ],
			"faces": {
				"down": { "uv": [ 8, 9.75, 8.25, 10.25 ], "texture": "#voxels_atlas" },
				"up": { "uv": [ 8.25, 10.25, 8.5, 9.75 ], "texture": "#voxels_atlas" },
				"north": { "uv": [ 16, 10.25, 15.75, 10.5 ], "texture": "#voxels_atlas" },
				"south": { "uv": [ 12.75, 10, 13, 10.25 ], "texture": "#voxels_atlas" },
				"west": { "uv": [ 8, 9.5, 8.5, 9.75 ], "texture": "#voxels_atlas" },
				"east": { "uv": [ 8.5, 9.25, 8, 9.5 ], "texture": "#voxels_atlas" }
			}
		},
		{
			"__comment": "Voxels",
			"from": [ 9.3333, 8, 28 ],
			"to": [ 13.3333, 9.333333, 32 ],
			"faces": {
				"down": { "uv": [ 4.75, 9.5, 5.5, 10.25 ], "texture": "#voxels_atlas" },
				"up": { "uv": [ 4.75, 11.75, 5.5, 11 ], "texture": "#voxels_atlas" },
				"north": { "uv": [ 6.75, 8, 6, 8.25 ], "texture": "#voxels_atlas" },
				"south": { "uv": [ 8.5, 10.25, 9.25, 10.5 ], "texture": "#voxels_atlas" },
				"west": { "uv": [ 8.5, 10, 9.25, 10.25 ], "texture": "#voxels_atlas" },
				"east": { "uv": [ 9.25, 9.75, 8.5, 10 ], "texture": "#voxels_atlas" }
			}
		},
		{
			"__comment": "Voxels",
			"from": [ 10.6667, 6.6667, 14.6667 ],
			"to": [ 12.00003, 8.000033, 16.00003 ],
			"faces": {
				"down": { "uv": [ 13, 10, 13.25, 10.25 ], "texture": "#voxels_atlas" },
				"up": { "uv": [ 13, 10, 13.25, 9.75 ], "texture": "#voxels_atlas" },
				"north": { "uv": [ 13.25, 9.5, 13, 9.75 ], "texture": "#voxels_atlas" },
				"south": { "uv": [ 13, 9.25, 13.25, 9.5 ], "texture": "#voxels_atlas" },
				"west": { "uv": [ 13, 9, 13.25, 9.25 ], "texture": "#voxels_atlas" },
				"east": { "uv": [ 13.25, 8.75, 13, 9 ], "texture": "#voxels_atlas" }
			}
		},
		{
			"__comment": "Voxels",
			"from": [ 10.6667, 8, 25.3333 ],
			"to": [ 13.33337, 9.333333, 27.99997 ],
			"faces": {
				"down": { "uv": [ 1.25, 8.25, 1.75, 8.75 ], "texture": "#voxels_atlas" },
				"up": { "uv": [ 3, 11.75, 3.5, 11.25 ], "texture": "#voxels_atlas" },
				"north": { "uv": [ 16, 13, 15.5, 13.25 ], "texture": "#voxels_atlas" },
				"south": { "uv": [ 15.5, 12.75, 16, 13 ], "texture": "#voxels_atlas" },
				"west": { "uv": [ 15.5, 12.5, 16, 12.75 ], "texture": "#voxels_atlas" },
				"east": { "uv": [ 8.5, 10.25, 8, 10.5 ], "texture": "#voxels_atlas" }
			}
		}
	],
	"display": {
		"thirdperson_righthand": {
			"translation":  [ 0, -2.2, 0 ],
			"scale":  [ 0.943, 0.943, 0.943 ]
		},
		"thirdperson_lefthand": {
			"translation":  [ 0, -2.2, 0 ],
			"scale":  [ 0.943, 0.943, 0.943 ]
		}
	}
}