{
	"__comment": "Designed by Uran2471 with Cubik Studio - https://cubik.studio",
	"textures": {
		"particle": "blocks/particle",
		"texture": "blocks/texture",
		"r4m-fly": "custom/r4m-fly"
	},
	"elements": [ 	 
		{
			"__comment": "Voxels",
			"from": [ 5.5556, 7.5556, 15.5556 ],
			"to": [ 6.222266, 7.777822, 15.77782 ],
			"faces": {
				"down": { "uv": [ 7, 14.5, 7.375, 14.625 ], "texture": "#r4m-fly" },
				"up": { "uv": [ 7.375, 15.625, 7.75, 15.5 ], "texture": "#r4m-fly" },
				"north": { "uv": [ 8, 15.375, 7.625, 15.5 ], "texture": "#r4m-fly" },
				"south": { "uv": [ 5.125, 14.75, 5.5, 14.875 ], "texture": "#r4m-fly" },
				"west": { "uv": [ 3.75, 10.875, 3.875, 11 ], "texture": "#r4m-fly" },
				"east": { "uv": [ 3.875, 10.75, 3.75, 10.875 ], "texture": "#r4m-fly" }
			}
		},
		{
			"__comment": "Voxels",
			"from": [ 5.5556, 7.5556, 15.7778 ],
			"to": [ 5.777822, 7.777822, 16.00002 ],
			"faces": {
				"down": { "uv": [ 3.75, 10.375, 3.875, 10.5 ], "texture": "#r4m-fly" },
				"up": { "uv": [ 3.75, 10.375, 3.875, 10.25 ], "texture": "#r4m-fly" },
				"north": { "uv": [ 3.875, 9.875, 3.75, 10 ], "texture": "#r4m-fly" },
				"south": { "uv": [ 3.875, 13.875, 4, 14 ], "texture": "#r4m-fly" },
				"west": { "uv": [ 4.25, 13.875, 4.375, 14 ], "texture": "#r4m-fly" },
				"east": { "uv": [ 4.5, 13.875, 4.375, 14 ], "texture": "#r4m-fly" }
			}
		},
		{
			"__comment": "Voxels",
			"from": [ 5.7778, 7.5556, 15.3333 ],
			"to": [ 6.444467, 7.777822, 15.55552 ],
			"faces": {
				"down": { "uv": [ 6.25, 14.875, 6.625, 15 ], "texture": "#r4m-fly" },
				"up": { "uv": [ 6.25, 14.875, 6.625, 14.75 ], "texture": "#r4m-fly" },
				"north": { "uv": [ 6.625, 14.625, 6.25, 14.75 ], "texture": "#r4m-fly" },
				"south": { "uv": [ 6.625, 14.875, 7, 15 ], "texture": "#r4m-fly" },
				"west": { "uv": [ 5, 13.875, 5.125, 14 ], "texture": "#r4m-fly" },
				"east": { "uv": [ 5.25, 13.875, 5.125, 14 ], "texture": "#r4m-fly" }
			}
		},
		{
			"__comment": "Voxels",
			"from": [ 6, 6.2222, 15.3333 ],
			"to": [ 6.222222, 6.444422, 15.77774 ],
			"faces": {
				"down": { "uv": [ 3.25, 11.375, 3.375, 11.625 ], "texture": "#r4m-fly" },
				"up": { "uv": [ 3.25, 11.375, 3.375, 11.125 ], "texture": "#r4m-fly" },
				"north": { "uv": [ 5.625, 13.875, 5.5, 14 ], "texture": "#r4m-fly" },
				"south": { "uv": [ 5.625, 13.875, 5.75, 14 ], "texture": "#r4m-fly" },
				"west": { "uv": [ 7.75, 15.5, 8, 15.625 ], "texture": "#r4m-fly" },
				"east": { "uv": [ 8, 15.25, 7.75, 15.375 ], "texture": "#r4m-fly" }
			}
		},
		{
			"__comment": "Voxels",
			"from": [ 6, 8.8889, 15.3333 ],
			"to": [ 6.222222, 9.111122, 15.77774 ],
			"faces": {
				"down": { "uv": [ 3.25, 10.875, 3.375, 11.125 ], "texture": "#r4m-fly" },
				"up": { "uv": [ 3.25, 10.875, 3.375, 10.625 ], "texture": "#r4m-fly" },
				"north": { "uv": [ 5.875, 13.875, 5.75, 14 ], "texture": "#r4m-fly" },
				"south": { "uv": [ 5.875, 13.875, 6, 14 ], "texture": "#r4m-fly" },
				"west": { "uv": [ 3.875, 14.625, 4.125, 14.75 ], "texture": "#r4m-fly" },
				"east": { "uv": [ 5.625, 14.25, 5.375, 14.375 ], "texture": "#r4m-fly" }
			}
		},
		{
			"__comment": "Voxels",
			"from": [ 6.2222, 6.4444, 15.1111 ],
			"to": [ 6.444422, 6.666622, 15.55554 ],
			"faces": {
				"down": { "uv": [ 3.25, 10.375, 3.375, 10.625 ], "texture": "#r4m-fly" },
				"up": { "uv": [ 3.25, 10.375, 3.375, 10.125 ], "texture": "#r4m-fly" },
				"north": { "uv": [ 6.625, 13.875, 6.5, 14 ], "texture": "#r4m-fly" },
				"south": { "uv": [ 6.625, 13.875, 6.75, 14 ], "texture": "#r4m-fly" },
				"west": { "uv": [ 4.125, 14.625, 4.375, 14.75 ], "texture": "#r4m-fly" },
				"east": { "uv": [ 4.625, 14.625, 4.375, 14.75 ], "texture": "#r4m-fly" }
			}
		},
		{
			"__comment": "Voxels",
			"from": [ 6.2222, 7.5556, 15.1111 ],
			"to": [ 6.888866, 7.777822, 15.33332 ],
			"faces": {
				"down": { "uv": [ 4, 14.5, 4.375, 14.625 ], "texture": "#r4m-fly" },
				"up": { "uv": [ 4.375, 14.625, 4.75, 14.5 ], "texture": "#r4m-fly" },
				"north": { "uv": [ 5.125, 14.5, 4.75, 14.625 ], "texture": "#r4m-fly" },
				"south": { "uv": [ 5.125, 14.5, 5.5, 14.625 ], "texture": "#r4m-fly" },
				"west": { "uv": [ 3.625, 11.25, 3.75, 11.375 ], "texture": "#r4m-fly" },
				"east": { "uv": [ 3.75, 11.125, 3.625, 11.25 ], "texture": "#r4m-fly" }
			}
		},
		{
			"__comment": "Voxels",
			"from": [ 6.2222, 8.666699, 15.1111 ],
			"to": [ 6.444422, 8.888922, 15.55554 ],
			"faces": {
				"down": { "uv": [ 3.25, 9.875, 3.375, 10.125 ], "texture": "#r4m-fly" },
				"up": { "uv": [ 3.375, 14.25, 3.5, 14 ], "texture": "#r4m-fly" },
				"north": { "uv": [ 3.75, 10.75, 3.625, 10.875 ], "texture": "#r4m-fly" },
				"south": { "uv": [ 7.375, 14, 7.5, 14.125 ], "texture": "#r4m-fly" },
				"west": { "uv": [ 7.75, 14.5, 8, 14.625 ], "texture": "#r4m-fly" },
				"east": { "uv": [ 8, 14.375, 7.75, 14.5 ], "texture": "#r4m-fly" }
			}
		},
		{
			"__comment": "Voxels",
			"from": [ 6.4444, 6.6667, 15.1111 ],
			"to": [ 6.666622, 6.888922, 15.55554 ],
			"faces": {
				"down": { "uv": [ 3.375, 13.75, 3.5, 14 ], "texture": "#r4m-fly" },
				"up": { "uv": [ 3.5, 14, 3.625, 13.75 ], "texture": "#r4m-fly" },
				"north": { "uv": [ 3.75, 10.625, 3.625, 10.75 ], "texture": "#r4m-fly" },
				"south": { "uv": [ 5.75, 14, 5.875, 14.125 ], "texture": "#r4m-fly" },
				"west": { "uv": [ 6.375, 14.25, 6.625, 14.375 ], "texture": "#r4m-fly" },
				"east": { "uv": [ 5.875, 14.25, 5.625, 14.375 ], "texture": "#r4m-fly" }
			}
		},
		{
			"__comment": "Voxels",
			"from": [ 6.4444, 7.5556, 14.8889 ],
			"to": [ 8.4444, 7.777822, 15.11112 ],
			"faces": {
				"down": { "uv": [ 5.875, 15.375, 7, 15.5 ], "texture": "#r4m-fly" },
				"up": { "uv": [ 3.125, 15.375, 4.25, 15.25 ], "texture": "#r4m-fly" },
				"north": { "uv": [ 6.5, 15.25, 5.375, 15.375 ], "texture": "#r4m-fly" },
				"south": { "uv": [ 4.25, 15.25, 5.375, 15.375 ], "texture": "#r4m-fly" },
				"west": { "uv": [ 5.875, 14, 6, 14.125 ], "texture": "#r4m-fly" },
				"east": { "uv": [ 6.375, 14, 6.25, 14.125 ], "texture": "#r4m-fly" }
			}
		},
		{
			"__comment": "Voxels",
			"from": [ 6.4444, 8.4444, 15.1111 ],
			"to": [ 6.666622, 8.666622, 15.55554 ],
			"faces": {
				"down": { "uv": [ 3.375, 12.75, 3.5, 13 ], "texture": "#r4m-fly" },
				"up": { "uv": [ 3.375, 13.25, 3.5, 13 ], "texture": "#r4m-fly" },
				"north": { "uv": [ 6.5, 14, 6.375, 14.125 ], "texture": "#r4m-fly" },
				"south": { "uv": [ 6.5, 14, 6.625, 14.125 ], "texture": "#r4m-fly" },
				"west": { "uv": [ 4.625, 14.25, 4.875, 14.375 ], "texture": "#r4m-fly" },
				"east": { "uv": [ 4.625, 14.25, 4.375, 14.375 ], "texture": "#r4m-fly" }
			}
		},
		{
			"__comment": "Voxels",
			"from": [ 6.6667, 6.8889, 14.8889 ],
			"to": [ 6.888922, 7.111122, 15.33334 ],
			"faces": {
				"down": { "uv": [ 3.375, 13.25, 3.5, 13.5 ], "texture": "#r4m-fly" },
				"up": { "uv": [ 3.375, 13.75, 3.5, 13.5 ], "texture": "#r4m-fly" },
				"north": { "uv": [ 6.75, 14, 6.625, 14.125 ], "texture": "#r4m-fly" },
				"south": { "uv": [ 6.75, 14, 6.875, 14.125 ], "texture": "#r4m-fly" },
				"west": { "uv": [ 5, 14, 5.25, 14.125 ], "texture": "#r4m-fly" },
				"east": { "uv": [ 5, 14, 4.75, 14.125 ], "texture": "#r4m-fly" }
			}
		},
		{
			"__comment": "Voxels",
			"from": [ 6.6667, 8.222199, 14.8889 ],
			"to": [ 6.888922, 8.444422, 15.33334 ],
			"faces": {
				"down": { "uv": [ 3.625, 11.875, 3.75, 12.125 ], "texture": "#r4m-fly" },
				"up": { "uv": [ 3.625, 12.375, 3.75, 12.125 ], "texture": "#r4m-fly" },
				"north": { "uv": [ 7, 14, 6.875, 14.125 ], "texture": "#r4m-fly" },
				"south": { "uv": [ 7, 14, 7.125, 14.125 ], "texture": "#r4m-fly" },
				"west": { "uv": [ 7.625, 14.125, 7.875, 14.25 ], "texture": "#r4m-fly" },
				"east": { "uv": [ 7.625, 14.125, 7.375, 14.25 ], "texture": "#r4m-fly" }
			}
		},
		{
			"__comment": "Voxels",
			"from": [ 6.8889, 7.1111, 14.6667 ],
			"to": [ 7.111122, 7.333322, 15.11114 ],
			"faces": {
				"down": { "uv": [ 3.5, 11.25, 3.625, 11.5 ], "texture": "#r4m-fly" },
				"up": { "uv": [ 3.5, 11.75, 3.625, 11.5 ], "texture": "#r4m-fly" },
				"north": { "uv": [ 7.25, 14, 7.125, 14.125 ], "texture": "#r4m-fly" },
				"south": { "uv": [ 7.25, 14, 7.375, 14.125 ], "texture": "#r4m-fly" },
				"west": { "uv": [ 4.375, 14.125, 4.625, 14.25 ], "texture": "#r4m-fly" },
				"east": { "uv": [ 5.375, 14.25, 5.125, 14.375 ], "texture": "#r4m-fly" }
			}
		},
		{
			"__comment": "Voxels",
			"from": [ 6.8889, 7.3333, 1.7778 ],
			"to": [ 8.000011, 7.999966, 12.66669 ],
			"faces": {
				"down": { "uv": [ 0, 9.875, 0.625, 16 ], "texture": "#r4m-fly" },
				"up": { "uv": [ 0.625, 16, 1.25, 9.875 ], "texture": "#r4m-fly" },
				"north": { "uv": [ 6, 15.625, 5.375, 16 ], "texture": "#r4m-fly" },
				"south": { "uv": [ 6, 15.625, 6.625, 16 ], "texture": "#r4m-fly" },
				"west": { "uv": [ 0, 9.5, 6.125, 9.875 ], "texture": "#r4m-fly" },
				"east": { "uv": [ 6.125, 9.125, 0, 9.5 ], "texture": "#r4m-fly" }
			}
		},
		{
			"__comment": "Voxels",
			"from": [ 6.8889, 7.5556, 0.8889 ],
			"to": [ 8.000011, 7.777822, 1.777789 ],
			"faces": {
				"down": { "uv": [ 3.75, 15.5, 4.375, 16 ], "texture": "#r4m-fly" },
				"up": { "uv": [ 3.125, 16, 3.75, 15.5 ], "texture": "#r4m-fly" },
				"north": { "uv": [ 6.625, 15.5, 6, 15.625 ], "texture": "#r4m-fly" },
				"south": { "uv": [ 7, 15.375, 7.625, 15.5 ], "texture": "#r4m-fly" },
				"west": { "uv": [ 6.625, 15, 7.125, 15.125 ], "texture": "#r4m-fly" },
				"east": { "uv": [ 8, 15, 7.5, 15.125 ], "texture": "#r4m-fly" }
			}
		},
		{
			"__comment": "Voxels",
			"from": [ 6.8889, 7.5556, 12.6667 ],
			"to": [ 8.000011, 7.777822, 12.88892 ],
			"faces": {
				"down": { "uv": [ 7.125, 15.25, 7.75, 15.375 ], "texture": "#r4m-fly" },
				"up": { "uv": [ 5.375, 15.25, 6, 15.125 ], "texture": "#r4m-fly" },
				"north": { "uv": [ 6, 15, 5.375, 15.125 ], "texture": "#r4m-fly" },
				"south": { "uv": [ 6, 15.125, 6.625, 15.25 ], "texture": "#r4m-fly" },
				"west": { "uv": [ 7.75, 14, 7.875, 14.125 ], "texture": "#r4m-fly" },
				"east": { "uv": [ 8, 14, 7.875, 14.125 ], "texture": "#r4m-fly" }
			}
		},
		{
			"__comment": "Voxels",
			"from": [ 6.8889, 7.5556, 14.6667 ],
			"to": [ 8.000011, 7.777822, 14.88892 ],
			"faces": {
				"down": { "uv": [ 6.5, 15.25, 7.125, 15.375 ], "texture": "#r4m-fly" },
				"up": { "uv": [ 6, 15.125, 6.625, 15 ], "texture": "#r4m-fly" },
				"north": { "uv": [ 7.25, 15.125, 6.625, 15.25 ], "texture": "#r4m-fly" },
				"south": { "uv": [ 5.375, 15.5, 6, 15.625 ], "texture": "#r4m-fly" },
				"west": { "uv": [ 3.75, 13.875, 3.875, 14 ], "texture": "#r4m-fly" },
				"east": { "uv": [ 3.875, 13.75, 3.75, 13.875 ], "texture": "#r4m-fly" }
			}
		},
		{
			"__comment": "Voxels",
			"from": [ 6.8889, 8, 14.6667 ],
			"to": [ 7.111122, 8.222222, 15.11114 ],
			"faces": {
				"down": { "uv": [ 3.375, 12.25, 3.5, 12.5 ], "texture": "#r4m-fly" },
				"up": { "uv": [ 3.375, 12.75, 3.5, 12.5 ], "texture": "#r4m-fly" },
				"north": { "uv": [ 3.875, 13.625, 3.75, 13.75 ], "texture": "#r4m-fly" },
				"south": { "uv": [ 3.75, 13.5, 3.875, 13.625 ], "texture": "#r4m-fly" },
				"west": { "uv": [ 7.125, 14.125, 7.375, 14.25 ], "texture": "#r4m-fly" },
				"east": { "uv": [ 7.125, 14.125, 6.875, 14.25 ], "texture": "#r4m-fly" }
			}
		},
		{
			"__comment": "Voxels",
			"from": [ 7.1111, 7.1111, 1.7778 ],
			"to": [ 7.777766, 7.333322, 12.66669 ],
			"faces": {
				"down": { "uv": [ 2, 9.875, 2.375, 16 ], "texture": "#r4m-fly" },
				"up": { "uv": [ 1.625, 16, 2, 9.875 ], "texture": "#r4m-fly" },
				"north": { "uv": [ 7, 14.375, 6.625, 14.5 ], "texture": "#r4m-fly" },
				"south": { "uv": [ 7, 14.375, 7.375, 14.5 ], "texture": "#r4m-fly" },
				"west": { "uv": [ 0, 8.625, 6.125, 8.75 ], "texture": "#r4m-fly" },
				"east": { "uv": [ 6.125, 9, 0, 9.125 ], "texture": "#r4m-fly" }
			}
		},
		{
			"__comment": "Voxels",
			"from": [ 7.1111, 7.3333, 0.4444 ],
			"to": [ 7.777766, 7.999966, 0.8888444 ],
			"faces": {
				"down": { "uv": [ 5, 15, 5.375, 15.25 ], "texture": "#r4m-fly" },
				"up": { "uv": [ 4.625, 15.25, 5, 15 ], "texture": "#r4m-fly" },
				"north": { "uv": [ 7.75, 15.625, 7.375, 16 ], "texture": "#r4m-fly" },
				"south": { "uv": [ 2.75, 9.875, 3.125, 10.25 ], "texture": "#r4m-fly" },
				"west": { "uv": [ 7.75, 15.625, 8, 16 ], "texture": "#r4m-fly" },
				"east": { "uv": [ 3.375, 14.625, 3.125, 15 ], "texture": "#r4m-fly" }
			}
		},
		{
			"__comment": "Voxels",
			"from": [ 7.1111, 7.3333, 0.8889 ],
			"to": [ 7.777766, 7.555522, 1.777789 ],
			"faces": {
				"down": { "uv": [ 2.75, 10.75, 3.125, 11.25 ], "texture": "#r4m-fly" },
				"up": { "uv": [ 7, 16, 7.375, 15.5 ], "texture": "#r4m-fly" },
				"north": { "uv": [ 7.75, 14.375, 7.375, 14.5 ], "texture": "#r4m-fly" },
				"south": { "uv": [ 3.25, 14.25, 3.625, 14.375 ], "texture": "#r4m-fly" },
				"west": { "uv": [ 3.375, 14.875, 3.875, 15 ], "texture": "#r4m-fly" },
				"east": { "uv": [ 3.875, 14.75, 3.375, 14.875 ], "texture": "#r4m-fly" }
			}
		},
		{
			"__comment": "Voxels",
			"from": [ 7.1111, 7.3333, 12.6667 ],
			"to": [ 7.777766, 7.555522, 15.11114 ],
			"faces": {
				"down": { "uv": [ 2.75, 13.25, 3.125, 14.625 ], "texture": "#r4m-fly" },
				"up": { "uv": [ 2.75, 16, 3.125, 14.625 ], "texture": "#r4m-fly" },
				"north": { "uv": [ 4, 14.25, 3.625, 14.375 ], "texture": "#r4m-fly" },
				"south": { "uv": [ 4, 14.25, 4.375, 14.375 ], "texture": "#r4m-fly" },
				"west": { "uv": [ 3.125, 15.375, 4.5, 15.5 ], "texture": "#r4m-fly" },
				"east": { "uv": [ 5.875, 15.375, 4.5, 15.5 ], "texture": "#r4m-fly" }
			}
		},
		{
			"__comment": "Voxels",
			"from": [ 7.1111, 7.5556, 0.2222 ],
			"to": [ 7.777766, 7.777822, 0.4444222 ],
			"faces": {
				"down": { "uv": [ 5.125, 14.625, 5.5, 14.75 ], "texture": "#r4m-fly" },
				"up": { "uv": [ 5.625, 15, 6, 14.875 ], "texture": "#r4m-fly" },
				"north": { "uv": [ 6, 14.75, 5.625, 14.875 ], "texture": "#r4m-fly" },
				"south": { "uv": [ 5.625, 14.625, 6, 14.75 ], "texture": "#r4m-fly" },
				"west": { "uv": [ 3.75, 13.375, 3.875, 13.5 ], "texture": "#r4m-fly" },
				"east": { "uv": [ 3.875, 13.25, 3.75, 13.375 ], "texture": "#r4m-fly" }
			}
		},
		{
			"__comment": "Voxels",
			"from": [ 7.1111, 7.5556, 12.8889 ],
			"to": [ 7.777766, 8.000044, 14.66668 ],
			"faces": {
				"down": { "uv": [ 2.75, 12.25, 3.125, 13.25 ], "texture": "#r4m-fly" },
				"up": { "uv": [ 2.75, 12.25, 3.125, 11.25 ], "texture": "#r4m-fly" },
				"north": { "uv": [ 4.25, 15, 3.875, 15.25 ], "texture": "#r4m-fly" },
				"south": { "uv": [ 3.5, 15, 3.875, 15.25 ], "texture": "#r4m-fly" },
				"west": { "uv": [ 4.375, 15.5, 5.375, 15.75 ], "texture": "#r4m-fly" },
				"east": { "uv": [ 5.375, 15.75, 4.375, 16 ], "texture": "#r4m-fly" }
			}
		},
		{
			"__comment": "Voxels",
			"from": [ 7.1111, 7.7778, 0.8889 ],
			"to": [ 7.777766, 8.000022, 1.777789 ],
			"faces": {
				"down": { "uv": [ 2.75, 10.25, 3.125, 10.75 ], "texture": "#r4m-fly" },
				"up": { "uv": [ 6.625, 16, 7, 15.5 ], "texture": "#r4m-fly" },
				"north": { "uv": [ 5.875, 14.5, 5.5, 14.625 ], "texture": "#r4m-fly" },
				"south": { "uv": [ 5.875, 14.5, 6.25, 14.625 ], "texture": "#r4m-fly" },
				"west": { "uv": [ 7.5, 15.125, 8, 15.25 ], "texture": "#r4m-fly" },
				"east": { "uv": [ 5.125, 14.875, 4.625, 15 ], "texture": "#r4m-fly" }
			}
		},
		{
			"__comment": "Voxels",
			"from": [ 7.1111, 7.7778, 12.6667 ],
			"to": [ 7.777766, 8.000022, 12.88892 ],
			"faces": {
				"down": { "uv": [ 4, 14.375, 4.375, 14.5 ], "texture": "#r4m-fly" },
				"up": { "uv": [ 7.625, 15, 8, 14.875 ], "texture": "#r4m-fly" },
				"north": { "uv": [ 4.75, 14.375, 4.375, 14.5 ], "texture": "#r4m-fly" },
				"south": { "uv": [ 4.75, 14.375, 5.125, 14.5 ], "texture": "#r4m-fly" },
				"west": { "uv": [ 3.75, 13.125, 3.875, 13.25 ], "texture": "#r4m-fly" },
				"east": { "uv": [ 3.875, 13, 3.75, 13.125 ], "texture": "#r4m-fly" }
			}
		},
		{
			"__comment": "Voxels",
			"from": [ 7.1111, 7.7778, 14.6667 ],
			"to": [ 7.777766, 8.000022, 15.11114 ],
			"faces": {
				"down": { "uv": [ 4.25, 15, 4.625, 15.25 ], "texture": "#r4m-fly" },
				"up": { "uv": [ 3.125, 15.25, 3.5, 15 ], "texture": "#r4m-fly" },
				"north": { "uv": [ 5.5, 14.375, 5.125, 14.5 ], "texture": "#r4m-fly" },
				"south": { "uv": [ 5.5, 14.375, 5.875, 14.5 ], "texture": "#r4m-fly" },
				"west": { "uv": [ 4.625, 14.125, 4.875, 14.25 ], "texture": "#r4m-fly" },
				"east": { "uv": [ 5.125, 14.25, 4.875, 14.375 ], "texture": "#r4m-fly" }
			}
		},
		{
			"__comment": "Voxels",
			"from": [ 7.1111, 8, 1.7778 ],
			"to": [ 7.777766, 8.222222, 12.66669 ],
			"faces": {
				"down": { "uv": [ 1.25, 9.875, 1.625, 16 ], "texture": "#r4m-fly" },
				"up": { "uv": [ 2.375, 16, 2.75, 9.875 ], "texture": "#r4m-fly" },
				"north": { "uv": [ 6.25, 14.375, 5.875, 14.5 ], "texture": "#r4m-fly" },
				"south": { "uv": [ 6.25, 14.375, 6.625, 14.5 ], "texture": "#r4m-fly" },
				"west": { "uv": [ 0, 8.875, 6.125, 9 ], "texture": "#r4m-fly" },
				"east": { "uv": [ 6.125, 8.75, 0, 8.875 ], "texture": "#r4m-fly" }
			}
		},
		{
			"__comment": "Voxels",
			"from": [ 7.3333, 5.7778, 15.5556 ],
			"to": [ 7.555522, 6.444467, 15.77782 ],
			"faces": {
				"down": { "uv": [ 3.75, 12.625, 3.875, 12.75 ], "texture": "#r4m-fly" },
				"up": { "uv": [ 3.75, 12.625, 3.875, 12.5 ], "texture": "#r4m-fly" },
				"north": { "uv": [ 3.25, 12.25, 3.125, 12.625 ], "texture": "#r4m-fly" },
				"south": { "uv": [ 3.125, 11.875, 3.25, 12.25 ], "texture": "#r4m-fly" },
				"west": { "uv": [ 6, 14.625, 6.125, 15 ], "texture": "#r4m-fly" },
				"east": { "uv": [ 6.25, 14.625, 6.125, 15 ], "texture": "#r4m-fly" }
			}
		},
		{
			"__comment": "Voxels",
			"from": [ 7.3333, 5.7778, 15.7778 ],
			"to": [ 7.555522, 6.000022, 16.00002 ],
			"faces": {
				"down": { "uv": [ 3.75, 12.375, 3.875, 12.5 ], "texture": "#r4m-fly" },
				"up": { "uv": [ 3.75, 12.375, 3.875, 12.25 ], "texture": "#r4m-fly" },
				"north": { "uv": [ 3.875, 11.875, 3.75, 12 ], "texture": "#r4m-fly" },
				"south": { "uv": [ 3.75, 11.75, 3.875, 11.875 ], "texture": "#r4m-fly" },
				"west": { "uv": [ 3.75, 11.625, 3.875, 11.75 ], "texture": "#r4m-fly" },
				"east": { "uv": [ 3.875, 11.5, 3.75, 11.625 ], "texture": "#r4m-fly" }
			}
		},
		{
			"__comment": "Voxels",
			"from": [ 7.3333, 6, 15.3333 ],
			"to": [ 7.555522, 6.666667, 15.55552 ],
			"faces": {
				"down": { "uv": [ 3.75, 11.125, 3.875, 11.25 ], "texture": "#r4m-fly" },
				"up": { "uv": [ 3.75, 11.125, 3.875, 11 ], "texture": "#r4m-fly" },
				"north": { "uv": [ 3.25, 11.5, 3.125, 11.875 ], "texture": "#r4m-fly" },
				"south": { "uv": [ 3.125, 11.125, 3.25, 11.5 ], "texture": "#r4m-fly" },
				"west": { "uv": [ 3.125, 10.75, 3.25, 11.125 ], "texture": "#r4m-fly" },
				"east": { "uv": [ 3.25, 10.375, 3.125, 10.75 ], "texture": "#r4m-fly" }
			}
		},
		{
			"__comment": "Voxels",
			"from": [ 7.3333, 6.4444, 15.1111 ],
			"to": [ 7.555522, 7.111066, 15.33332 ],
			"faces": {
				"down": { "uv": [ 3.75, 10.125, 3.875, 10.25 ], "texture": "#r4m-fly" },
				"up": { "uv": [ 3.75, 10.125, 3.875, 10 ], "texture": "#r4m-fly" },
				"north": { "uv": [ 3.25, 10, 3.125, 10.375 ], "texture": "#r4m-fly" },
				"south": { "uv": [ 3.25, 13.875, 3.375, 14.25 ], "texture": "#r4m-fly" },
				"west": { "uv": [ 3.25, 13.5, 3.375, 13.875 ], "texture": "#r4m-fly" },
				"east": { "uv": [ 3.375, 13.125, 3.25, 13.5 ], "texture": "#r4m-fly" }
			}
		},
		{
			"__comment": "Voxels",
			"from": [ 7.3333, 6.6667, 14.8889 ],
			"to": [ 7.555522, 7.333366, 15.11112 ],
			"faces": {
				"down": { "uv": [ 4.75, 13.875, 4.875, 14 ], "texture": "#r4m-fly" },
				"up": { "uv": [ 4.875, 14, 5, 13.875 ], "texture": "#r4m-fly" },
				"north": { "uv": [ 3.375, 12.75, 3.25, 13.125 ], "texture": "#r4m-fly" },
				"south": { "uv": [ 3.25, 12.375, 3.375, 12.75 ], "texture": "#r4m-fly" },
				"west": { "uv": [ 3.25, 12, 3.375, 12.375 ], "texture": "#r4m-fly" },
				"east": { "uv": [ 3.375, 11.625, 3.25, 12 ], "texture": "#r4m-fly" }
			}
		},
		{
			"__comment": "Voxels",
			"from": [ 7.3333, 7.1111, 0.8889 ],
			"to": [ 7.555522, 7.333322, 1.777789 ],
			"faces": {
				"down": { "uv": [ 3.125, 14.125, 3.25, 14.625 ], "texture": "#r4m-fly" },
				"up": { "uv": [ 3.125, 13.125, 3.25, 12.625 ], "texture": "#r4m-fly" },
				"north": { "uv": [ 6.375, 13.875, 6.25, 14 ], "texture": "#r4m-fly" },
				"south": { "uv": [ 6.375, 13.875, 6.5, 14 ], "texture": "#r4m-fly" },
				"west": { "uv": [ 4.625, 14.625, 5.125, 14.75 ], "texture": "#r4m-fly" },
				"east": { "uv": [ 5.125, 14.75, 4.625, 14.875 ], "texture": "#r4m-fly" }
			}
		},
		{
			"__comment": "Voxels",
			"from": [ 7.3333, 7.1111, 12.6667 ],
			"to": [ 7.555522, 7.333322, 12.88892 ],
			"faces": {
				"down": { "uv": [ 7, 13.875, 7.125, 14 ], "texture": "#r4m-fly" },
				"up": { "uv": [ 7.125, 14, 7.25, 13.875 ], "texture": "#r4m-fly" },
				"north": { "uv": [ 7.375, 13.875, 7.25, 14 ], "texture": "#r4m-fly" },
				"south": { "uv": [ 7.375, 13.875, 7.5, 14 ], "texture": "#r4m-fly" },
				"west": { "uv": [ 7.5, 13.875, 7.625, 14 ], "texture": "#r4m-fly" },
				"east": { "uv": [ 7.75, 13.875, 7.625, 14 ], "texture": "#r4m-fly" }
			}
		},
		{
			"__comment": "Voxels",
			"from": [ 7.3333, 7.1111, 14.6667 ],
			"to": [ 7.555522, 7.333322, 14.88892 ],
			"faces": {
				"down": { "uv": [ 3.875, 13.75, 4, 13.875 ], "texture": "#r4m-fly" },
				"up": { "uv": [ 3.875, 13.75, 4, 13.625 ], "texture": "#r4m-fly" },
				"north": { "uv": [ 4, 13.25, 3.875, 13.375 ], "texture": "#r4m-fly" },
				"south": { "uv": [ 3.875, 13.125, 4, 13.25 ], "texture": "#r4m-fly" },
				"west": { "uv": [ 3.875, 13, 4, 13.125 ], "texture": "#r4m-fly" },
				"east": { "uv": [ 4, 12.875, 3.875, 13 ], "texture": "#r4m-fly" }
			}
		},
		{
			"__comment": "Voxels",
			"from": [ 7.3333, 7.3333, 0.2222 ],
			"to": [ 7.555522, 7.555522, 0.4444222 ],
			"faces": {
				"down": { "uv": [ 3.875, 12.5, 4, 12.625 ], "texture": "#r4m-fly" },
				"up": { "uv": [ 3.875, 12.5, 4, 12.375 ], "texture": "#r4m-fly" },
				"north": { "uv": [ 4, 12.25, 3.875, 12.375 ], "texture": "#r4m-fly" },
				"south": { "uv": [ 3.875, 12.125, 4, 12.25 ], "texture": "#r4m-fly" },
				"west": { "uv": [ 3.875, 12, 4, 12.125 ], "texture": "#r4m-fly" },
				"east": { "uv": [ 4, 11.875, 3.875, 12 ], "texture": "#r4m-fly" }
			}
		},
		{
			"__comment": "Voxels",
			"from": [ 7.3333, 7.5556, 0 ],
			"to": [ 7.555522, 7.777822, 0.2222222 ],
			"faces": {
				"down": { "uv": [ 3.875, 11.5, 4, 11.625 ], "texture": "#r4m-fly" },
				"up": { "uv": [ 3.875, 11.5, 4, 11.375 ], "texture": "#r4m-fly" },
				"north": { "uv": [ 4, 11, 3.875, 11.125 ], "texture": "#r4m-fly" },
				"south": { "uv": [ 3.875, 10.875, 4, 11 ], "texture": "#r4m-fly" },
				"west": { "uv": [ 7.125, 15, 7.25, 15.125 ], "texture": "#r4m-fly" },
				"east": { "uv": [ 5.625, 14.75, 5.5, 14.875 ], "texture": "#r4m-fly" }
			}
		},
		{
			"__comment": "Voxels",
			"from": [ 7.3333, 7.7778, 0.2222 ],
			"to": [ 7.555522, 8.000022, 0.4444222 ],
			"faces": {
				"down": { "uv": [ 5.5, 14.625, 5.625, 14.75 ], "texture": "#r4m-fly" },
				"up": { "uv": [ 3.125, 10, 3.25, 9.875 ], "texture": "#r4m-fly" },
				"north": { "uv": [ 8, 14.25, 7.875, 14.375 ], "texture": "#r4m-fly" },
				"south": { "uv": [ 3.375, 9.875, 3.5, 10 ], "texture": "#r4m-fly" },
				"west": { "uv": [ 3.5, 9.875, 3.625, 10 ], "texture": "#r4m-fly" },
				"east": { "uv": [ 8, 14.125, 7.875, 14.25 ], "texture": "#r4m-fly" }
			}
		},
		{
			"__comment": "Voxels",
			"from": [ 7.3333, 8, 0.8889 ],
			"to": [ 7.555522, 8.222222, 1.777789 ],
			"faces": {
				"down": { "uv": [ 3.125, 13.125, 3.25, 13.625 ], "texture": "#r4m-fly" },
				"up": { "uv": [ 3.125, 14.125, 3.25, 13.625 ], "texture": "#r4m-fly" },
				"north": { "uv": [ 3.75, 11, 3.625, 11.125 ], "texture": "#r4m-fly" },
				"south": { "uv": [ 3.625, 10.875, 3.75, 11 ], "texture": "#r4m-fly" },
				"west": { "uv": [ 5.125, 14.875, 5.625, 15 ], "texture": "#r4m-fly" },
				"east": { "uv": [ 3.875, 14.625, 3.375, 14.75 ], "texture": "#r4m-fly" }
			}
		},
		{
			"__comment": "Voxels",
			"from": [ 7.3333, 8, 12.6667 ],
			"to": [ 7.555522, 8.222222, 12.88892 ],
			"faces": {
				"down": { "uv": [ 3.625, 10.5, 3.75, 10.625 ], "texture": "#r4m-fly" },
				"up": { "uv": [ 3.625, 10.5, 3.75, 10.375 ], "texture": "#r4m-fly" },
				"north": { "uv": [ 3.75, 10.25, 3.625, 10.375 ], "texture": "#r4m-fly" },
				"south": { "uv": [ 3.625, 10.125, 3.75, 10.25 ], "texture": "#r4m-fly" },
				"west": { "uv": [ 3.625, 10, 3.75, 10.125 ], "texture": "#r4m-fly" },
				"east": { "uv": [ 3.75, 9.875, 3.625, 10 ], "texture": "#r4m-fly" }
			}
		},
		{
			"__comment": "Voxels",
			"from": [ 7.3333, 8, 14.6667 ],
			"to": [ 7.555522, 8.222222, 15.33337 ],
			"faces": {
				"down": { "uv": [ 7, 14.625, 7.125, 15 ], "texture": "#r4m-fly" },
				"up": { "uv": [ 7.125, 15, 7.25, 14.625 ], "texture": "#r4m-fly" },
				"north": { "uv": [ 6.125, 14, 6, 14.125 ], "texture": "#r4m-fly" },
				"south": { "uv": [ 6.125, 14, 6.25, 14.125 ], "texture": "#r4m-fly" },
				"west": { "uv": [ 6.625, 14.75, 7, 14.875 ], "texture": "#r4m-fly" },
				"east": { "uv": [ 7, 14.625, 6.625, 14.75 ], "texture": "#r4m-fly" }
			}
		},
		{
			"__comment": "Voxels",
			"from": [ 7.3333, 8.222199, 14.8889 ],
			"to": [ 7.555522, 8.666644, 15.33334 ],
			"faces": {
				"down": { "uv": [ 3.375, 12, 3.5, 12.25 ], "texture": "#r4m-fly" },
				"up": { "uv": [ 3.375, 12, 3.5, 11.75 ], "texture": "#r4m-fly" },
				"north": { "uv": [ 3.5, 11.5, 3.375, 11.75 ], "texture": "#r4m-fly" },
				"south": { "uv": [ 3.375, 11.25, 3.5, 11.5 ], "texture": "#r4m-fly" },
				"west": { "uv": [ 3.875, 14.75, 4.125, 15 ], "texture": "#r4m-fly" },
				"east": { "uv": [ 4.375, 14.75, 4.125, 15 ], "texture": "#r4m-fly" }
			}
		},
		{
			"__comment": "Voxels",
			"from": [ 7.3333, 8.666699, 15.1111 ],
			"to": [ 7.555522, 8.888922, 15.55554 ],
			"faces": {
				"down": { "uv": [ 3.375, 11, 3.5, 11.25 ], "texture": "#r4m-fly" },
				"up": { "uv": [ 3.375, 11, 3.5, 10.75 ], "texture": "#r4m-fly" },
				"north": { "uv": [ 7.625, 14, 7.5, 14.125 ], "texture": "#r4m-fly" },
				"south": { "uv": [ 7.625, 14, 7.75, 14.125 ], "texture": "#r4m-fly" },
				"west": { "uv": [ 5.875, 14.25, 6.125, 14.375 ], "texture": "#r4m-fly" },
				"east": { "uv": [ 6.375, 14.25, 6.125, 14.375 ], "texture": "#r4m-fly" }
			}
		},
		{
			"__comment": "Voxels",
			"from": [ 7.3333, 8.8889, 15.3333 ],
			"to": [ 7.555522, 9.333344, 15.77774 ],
			"faces": {
				"down": { "uv": [ 3.375, 10.5, 3.5, 10.75 ], "texture": "#r4m-fly" },
				"up": { "uv": [ 3.375, 10.5, 3.5, 10.25 ], "texture": "#r4m-fly" },
				"north": { "uv": [ 3.5, 10, 3.375, 10.25 ], "texture": "#r4m-fly" },
				"south": { "uv": [ 3.5, 14, 3.625, 14.25 ], "texture": "#r4m-fly" },
				"west": { "uv": [ 7.25, 15, 7.5, 15.25 ], "texture": "#r4m-fly" },
				"east": { "uv": [ 4.625, 14.75, 4.375, 15 ], "texture": "#r4m-fly" }
			}
		},
		{
			"__comment": "Voxels",
			"from": [ 7.3333, 9.3333, 15.5556 ],
			"to": [ 7.555522, 9.555522, 16.00004 ],
			"faces": {
				"down": { "uv": [ 3.5, 13.5, 3.625, 13.75 ], "texture": "#r4m-fly" },
				"up": { "uv": [ 3.5, 13.5, 3.625, 13.25 ], "texture": "#r4m-fly" },
				"north": { "uv": [ 3.875, 12.875, 3.75, 13 ], "texture": "#r4m-fly" },
				"south": { "uv": [ 3.75, 12.75, 3.875, 12.875 ], "texture": "#r4m-fly" },
				"west": { "uv": [ 6.625, 14.25, 6.875, 14.375 ], "texture": "#r4m-fly" },
				"east": { "uv": [ 7.125, 14.25, 6.875, 14.375 ], "texture": "#r4m-fly" }
			}
		},
		{
			"__comment": "Voxels",
			"from": [ 7.7778, 7.1111, 14.6667 ],
			"to": [ 8.000022, 7.333322, 15.11114 ],
			"faces": {
				"down": { "uv": [ 3.5, 13, 3.625, 13.25 ], "texture": "#r4m-fly" },
				"up": { "uv": [ 3.5, 13, 3.625, 12.75 ], "texture": "#r4m-fly" },
				"north": { "uv": [ 3.875, 12.125, 3.75, 12.25 ], "texture": "#r4m-fly" },
				"south": { "uv": [ 3.75, 12, 3.875, 12.125 ], "texture": "#r4m-fly" },
				"west": { "uv": [ 7.125, 14.25, 7.375, 14.375 ], "texture": "#r4m-fly" },
				"east": { "uv": [ 7.625, 14.25, 7.375, 14.375 ], "texture": "#r4m-fly" }
			}
		},
		{
			"__comment": "Voxels",
			"from": [ 7.7778, 8, 14.6667 ],
			"to": [ 8.000022, 8.222222, 15.11114 ],
			"faces": {
				"down": { "uv": [ 3.5, 12.5, 3.625, 12.75 ], "texture": "#r4m-fly" },
				"up": { "uv": [ 3.5, 12.5, 3.625, 12.25 ], "texture": "#r4m-fly" },
				"north": { "uv": [ 3.875, 11.375, 3.75, 11.5 ], "texture": "#r4m-fly" },
				"south": { "uv": [ 3.75, 11.25, 3.875, 11.375 ], "texture": "#r4m-fly" },
				"west": { "uv": [ 7.625, 14.25, 7.875, 14.375 ], "texture": "#r4m-fly" },
				"east": { "uv": [ 3.875, 14.125, 3.625, 14.25 ], "texture": "#r4m-fly" }
			}
		},
		{
			"__comment": "Voxels",
			"from": [ 8, 6.8889, 14.8889 ],
			"to": [ 8.222222, 7.111122, 15.33334 ],
			"faces": {
				"down": { "uv": [ 3.5, 12, 3.625, 12.25 ], "texture": "#r4m-fly" },
				"up": { "uv": [ 3.5, 12, 3.625, 11.75 ], "texture": "#r4m-fly" },
				"north": { "uv": [ 3.875, 10.625, 3.75, 10.75 ], "texture": "#r4m-fly" },
				"south": { "uv": [ 3.75, 10.5, 3.875, 10.625 ], "texture": "#r4m-fly" },
				"west": { "uv": [ 3.875, 14.125, 4.125, 14.25 ], "texture": "#r4m-fly" },
				"east": { "uv": [ 4.375, 14.125, 4.125, 14.25 ], "texture": "#r4m-fly" }
			}
		},
		{
			"__comment": "Voxels",
			"from": [ 8, 7.5556, 15.1111 ],
			"to": [ 8.666667, 7.777822, 15.33332 ],
			"faces": {
				"down": { "uv": [ 7.25, 14.875, 7.625, 15 ], "texture": "#r4m-fly" },
				"up": { "uv": [ 7.25, 14.875, 7.625, 14.75 ], "texture": "#r4m-fly" },
				"north": { "uv": [ 7.625, 14.625, 7.25, 14.75 ], "texture": "#r4m-fly" },
				"south": { "uv": [ 7.625, 14.75, 8, 14.875 ], "texture": "#r4m-fly" },
				"west": { "uv": [ 4, 13.875, 4.125, 14 ], "texture": "#r4m-fly" },
				"east": { "uv": [ 4.25, 13.875, 4.125, 14 ], "texture": "#r4m-fly" }
			}
		},
		{
			"__comment": "Voxels",
			"from": [ 8, 8.222199, 14.8889 ],
			"to": [ 8.222222, 8.444422, 15.33334 ],
			"faces": {
				"down": { "uv": [ 3.5, 11, 3.625, 11.25 ], "texture": "#r4m-fly" },
				"up": { "uv": [ 3.5, 11, 3.625, 10.75 ], "texture": "#r4m-fly" },
				"north": { "uv": [ 4.625, 13.875, 4.5, 14 ], "texture": "#r4m-fly" },
				"south": { "uv": [ 4.625, 13.875, 4.75, 14 ], "texture": "#r4m-fly" },
				"west": { "uv": [ 4.875, 14.125, 5.125, 14.25 ], "texture": "#r4m-fly" },
				"east": { "uv": [ 5.375, 14.125, 5.125, 14.25 ], "texture": "#r4m-fly" }
			}
		},
		{
			"__comment": "Voxels",
			"from": [ 8.222199, 6.6667, 15.1111 ],
			"to": [ 8.444422, 6.888922, 15.55554 ],
			"faces": {
				"down": { "uv": [ 3.5, 10.5, 3.625, 10.75 ], "texture": "#r4m-fly" },
				"up": { "uv": [ 3.5, 10.5, 3.625, 10.25 ], "texture": "#r4m-fly" },
				"north": { "uv": [ 5.375, 13.875, 5.25, 14 ], "texture": "#r4m-fly" },
				"south": { "uv": [ 5.375, 13.875, 5.5, 14 ], "texture": "#r4m-fly" },
				"west": { "uv": [ 5.375, 14.125, 5.625, 14.25 ], "texture": "#r4m-fly" },
				"east": { "uv": [ 5.875, 14.125, 5.625, 14.25 ], "texture": "#r4m-fly" }
			}
		},
		{
			"__comment": "Voxels",
			"from": [ 8.222199, 8.4444, 15.1111 ],
			"to": [ 8.444422, 8.666622, 15.55554 ],
			"faces": {
				"down": { "uv": [ 3.5, 10, 3.625, 10.25 ], "texture": "#r4m-fly" },
				"up": { "uv": [ 3.625, 14.125, 3.75, 13.875 ], "texture": "#r4m-fly" },
				"north": { "uv": [ 6.125, 13.875, 6, 14 ], "texture": "#r4m-fly" },
				"south": { "uv": [ 6.125, 13.875, 6.25, 14 ], "texture": "#r4m-fly" },
				"west": { "uv": [ 5.875, 14.125, 6.125, 14.25 ], "texture": "#r4m-fly" },
				"east": { "uv": [ 6.375, 14.125, 6.125, 14.25 ], "texture": "#r4m-fly" }
			}
		},
		{
			"__comment": "Voxels",
			"from": [ 8.4444, 6.4444, 15.1111 ],
			"to": [ 8.666622, 6.666622, 15.55554 ],
			"faces": {
				"down": { "uv": [ 3.625, 13.625, 3.75, 13.875 ], "texture": "#r4m-fly" },
				"up": { "uv": [ 3.625, 13.625, 3.75, 13.375 ], "texture": "#r4m-fly" },
				"north": { "uv": [ 6.875, 13.875, 6.75, 14 ], "texture": "#r4m-fly" },
				"south": { "uv": [ 6.875, 13.875, 7, 14 ], "texture": "#r4m-fly" },
				"west": { "uv": [ 6.375, 14.125, 6.625, 14.25 ], "texture": "#r4m-fly" },
				"east": { "uv": [ 6.875, 14.125, 6.625, 14.25 ], "texture": "#r4m-fly" }
			}
		},
		{
			"__comment": "Voxels",
			"from": [ 8.4444, 7.5556, 15.3333 ],
			"to": [ 9.111067, 7.777822, 15.55552 ],
			"faces": {
				"down": { "uv": [ 7.625, 14.625, 8, 14.75 ], "texture": "#r4m-fly" },
				"up": { "uv": [ 3.25, 14.625, 3.625, 14.5 ], "texture": "#r4m-fly" },
				"north": { "uv": [ 4, 14.5, 3.625, 14.625 ], "texture": "#r4m-fly" },
				"south": { "uv": [ 6.25, 14.5, 6.625, 14.625 ], "texture": "#r4m-fly" },
				"west": { "uv": [ 7.75, 13.875, 7.875, 14 ], "texture": "#r4m-fly" },
				"east": { "uv": [ 8, 13.875, 7.875, 14 ], "texture": "#r4m-fly" }
			}
		},
		{
			"__comment": "Voxels",
			"from": [ 8.4444, 8.666699, 15.1111 ],
			"to": [ 8.666622, 8.888922, 15.55554 ],
			"faces": {
				"down": { "uv": [ 3.625, 13.125, 3.75, 13.375 ], "texture": "#r4m-fly" },
				"up": { "uv": [ 3.625, 13.125, 3.75, 12.875 ], "texture": "#r4m-fly" },
				"north": { "uv": [ 4, 13.5, 3.875, 13.625 ], "texture": "#r4m-fly" },
				"south": { "uv": [ 3.875, 13.375, 4, 13.5 ], "texture": "#r4m-fly" },
				"west": { "uv": [ 3.75, 14, 4, 14.125 ], "texture": "#r4m-fly" },
				"east": { "uv": [ 4.25, 14, 4, 14.125 ], "texture": "#r4m-fly" }
			}
		},
		{
			"__comment": "Voxels",
			"from": [ 8.666699, 6.2222, 15.3333 ],
			"to": [ 8.888922, 6.444422, 15.77774 ],
			"faces": {
				"down": { "uv": [ 3.625, 12.625, 3.75, 12.875 ], "texture": "#r4m-fly" },
				"up": { "uv": [ 3.625, 12.625, 3.75, 12.375 ], "texture": "#r4m-fly" },
				"north": { "uv": [ 4, 12.75, 3.875, 12.875 ], "texture": "#r4m-fly" },
				"south": { "uv": [ 3.875, 12.625, 4, 12.75 ], "texture": "#r4m-fly" },
				"west": { "uv": [ 4.25, 14, 4.5, 14.125 ], "texture": "#r4m-fly" },
				"east": { "uv": [ 4.75, 14, 4.5, 14.125 ], "texture": "#r4m-fly" }
			}
		},
		{
			"__comment": "Voxels",
			"from": [ 8.666699, 7.5556, 15.5556 ],
			"to": [ 9.333366, 7.777822, 15.77782 ],
			"faces": {
				"down": { "uv": [ 6.625, 14.5, 7, 14.625 ], "texture": "#r4m-fly" },
				"up": { "uv": [ 7.375, 14.625, 7.75, 14.5 ], "texture": "#r4m-fly" },
				"north": { "uv": [ 3.625, 14.375, 3.25, 14.5 ], "texture": "#r4m-fly" },
				"south": { "uv": [ 3.625, 14.375, 4, 14.5 ], "texture": "#r4m-fly" },
				"west": { "uv": [ 3.875, 11.75, 4, 11.875 ], "texture": "#r4m-fly" },
				"east": { "uv": [ 4, 11.625, 3.875, 11.75 ], "texture": "#r4m-fly" }
			}
		},
		{
			"__comment": "Voxels",
			"from": [ 8.666699, 8.8889, 15.3333 ],
			"to": [ 8.888922, 9.111122, 15.77774 ],
			"faces": {
				"down": { "uv": [ 3.625, 11.625, 3.75, 11.875 ], "texture": "#r4m-fly" },
				"up": { "uv": [ 3.625, 11.625, 3.75, 11.375 ], "texture": "#r4m-fly" },
				"north": { "uv": [ 4, 11.25, 3.875, 11.375 ], "texture": "#r4m-fly" },
				"south": { "uv": [ 3.875, 11.125, 4, 11.25 ], "texture": "#r4m-fly" },
				"west": { "uv": [ 5.25, 14, 5.5, 14.125 ], "texture": "#r4m-fly" },
				"east": { "uv": [ 5.75, 14, 5.5, 14.125 ], "texture": "#r4m-fly" }
			}
		},
		{
			"__comment": "Voxels",
			"from": [ 9.1111, 7.5556, 15.7778 ],
			"to": [ 9.333323, 7.777822, 16.00002 ],
			"faces": {
				"down": { "uv": [ 3.875, 10.75, 4, 10.875 ], "texture": "#r4m-fly" },
				"up": { "uv": [ 3.875, 10.75, 4, 10.625 ], "texture": "#r4m-fly" },
				"north": { "uv": [ 4, 10.5, 3.875, 10.625 ], "texture": "#r4m-fly" },
				"south": { "uv": [ 3.875, 10.375, 4, 10.5 ], "texture": "#r4m-fly" },
				"west": { "uv": [ 3.875, 10.25, 4, 10.375 ], "texture": "#r4m-fly" },
				"east": { "uv": [ 4, 10.125, 3.875, 10.25 ], "texture": "#r4m-fly" }
			}
		}
	],
	"display": {
		"thirdperson_righthand": {
			"translation":  [ 0.5, -1.5, 0 ],
			"scale":  [ 0.812, 0.812, 0.812 ]
		}
	}
}