{
	"__comment": "Designed by Uran2471 with Cubik Studio - https://cubik.studio",
	"textures": {
		"particle": "blocks/particle",
		"texture": "100kg",
		"type94-100kg-bomb": "custom/type94-100kg-bomb"
	},
	"elements": [ 	 
		{
			"__comment": "Voxels",
			"from": [ 2.6667, 8, 16 ],
			"to": [ 13.33337, 9.333333, 28 ],
			"faces": {
				"down": { "uv": [ 1.25, 13.75, 3.25, 16 ], "texture": "#type94-100kg-bomb" },
				"up": { "uv": [ 1.25, 13.75, 3.25, 11.5 ], "texture": "#type94-100kg-bomb" },
				"north": { "uv": [ 15, 14.5, 13, 14.75 ], "texture": "#type94-100kg-bomb" },
				"south": { "uv": [ 8.5, 14.25, 10.5, 14.5 ], "texture": "#type94-100kg-bomb" },
				"west": { "uv": [ 8.5, 14.5, 10.75, 14.75 ], "texture": "#type94-100kg-bomb" },
				"east": { "uv": [ 13, 14.5, 10.75, 14.75 ], "texture": "#type94-100kg-bomb" }
			}
		},
		{
			"__comment": "Voxels",
			"from": [ 2.6667, 8, 28 ],
			"to": [ 8.000033, 9.333333, 32 ],
			"faces": {
				"down": { "uv": [ 5.25, 11.5, 6.25, 12.25 ], "texture": "#type94-100kg-bomb" },
				"up": { "uv": [ 6.25, 12.25, 7.25, 11.5 ], "texture": "#type94-100kg-bomb" },
				"north": { "uv": [ 9.5, 9.5, 8.5, 9.75 ], "texture": "#type94-100kg-bomb" },
				"south": { "uv": [ 8.5, 9.75, 9.5, 10 ], "texture": "#type94-100kg-bomb" },
				"west": { "uv": [ 3.25, 8, 4, 8.25 ], "texture": "#type94-100kg-bomb" },
				"east": { "uv": [ 4.75, 8, 4, 8.25 ], "texture": "#type94-100kg-bomb" }
			}
		},
		{
			"__comment": "Voxels",
			"from": [ 4, 6.6667, 30.6667 ],
			"to": [ 5.333333, 8.000033, 32 ],
			"faces": {
				"down": { "uv": [ 13.5, 13, 13.75, 13.25 ], "texture": "#type94-100kg-bomb" },
				"up": { "uv": [ 13.75, 13.25, 14, 13 ], "texture": "#type94-100kg-bomb" },
				"north": { "uv": [ 14.25, 13, 14, 13.25 ], "texture": "#type94-100kg-bomb" },
				"south": { "uv": [ 10.75, 12.25, 11, 12.5 ], "texture": "#type94-100kg-bomb" },
				"west": { "uv": [ 10.75, 12, 11, 12.25 ], "texture": "#type94-100kg-bomb" },
				"east": { "uv": [ 11, 11.5, 10.75, 11.75 ], "texture": "#type94-100kg-bomb" }
			}
		},
		{
			"__comment": "Voxels",
			"from": [ 4, 8, 14.6667 ],
			"to": [ 13.33333, 9.333333, 16.00003 ],
			"faces": {
				"down": { "uv": [ 14, 14.25, 15.75, 14.5 ], "texture": "#type94-100kg-bomb" },
				"up": { "uv": [ 12.25, 14.5, 14, 14.25 ], "texture": "#type94-100kg-bomb" },
				"north": { "uv": [ 12.25, 14.25, 10.5, 14.5 ], "texture": "#type94-100kg-bomb" },
				"south": { "uv": [ 10.25, 14, 12, 14.25 ], "texture": "#type94-100kg-bomb" },
				"west": { "uv": [ 10.75, 11.25, 11, 11.5 ], "texture": "#type94-100kg-bomb" },
				"east": { "uv": [ 11, 10.25, 10.75, 10.5 ], "texture": "#type94-100kg-bomb" }
			}
		},
		{
			"__comment": "Voxels",
			"from": [ 4, 9.3333, 30.6667 ],
			"to": [ 5.333333, 10.66663, 32 ],
			"faces": {
				"down": { "uv": [ 10.75, 10, 11, 10.25 ], "texture": "#type94-100kg-bomb" },
				"up": { "uv": [ 12, 13, 12.25, 12.75 ], "texture": "#type94-100kg-bomb" },
				"north": { "uv": [ 13.25, 12.75, 13, 13 ], "texture": "#type94-100kg-bomb" },
				"south": { "uv": [ 13.25, 12.75, 13.5, 13 ], "texture": "#type94-100kg-bomb" },
				"west": { "uv": [ 14, 12.75, 14.25, 13 ], "texture": "#type94-100kg-bomb" },
				"east": { "uv": [ 11.25, 12, 11, 12.25 ], "texture": "#type94-100kg-bomb" }
			}
		},
		{
			"__comment": "Voxels",
			"from": [ 5.3333, 5.3333, -6.6667 ],
			"to": [ 11.99997, 10.66663, 14.66663 ],
			"faces": {
				"down": { "uv": [ 0, 8, 1.25, 12 ], "texture": "#type94-100kg-bomb" },
				"up": { "uv": [ 0, 16, 1.25, 12 ], "texture": "#type94-100kg-bomb" },
				"north": { "uv": [ 6, 13, 4.75, 14 ], "texture": "#type94-100kg-bomb" },
				"south": { "uv": [ 1.25, 8.5, 2.5, 9.5 ], "texture": "#type94-100kg-bomb" },
				"west": { "uv": [ 3.25, 14, 7.25, 15 ], "texture": "#type94-100kg-bomb" },
				"east": { "uv": [ 7.25, 15, 3.25, 16 ], "texture": "#type94-100kg-bomb" }
			}
		},
		{
			"__comment": "Voxels",
			"from": [ 5.3333, 5.3333, 14.6667 ],
			"to": [ 10.66663, 7.999967, 16.00003 ],
			"faces": {
				"down": { "uv": [ 15, 14.5, 16, 14.75 ], "texture": "#type94-100kg-bomb" },
				"up": { "uv": [ 7.5, 9.25, 8.5, 9 ], "texture": "#type94-100kg-bomb" },
				"north": { "uv": [ 7.25, 8.25, 6.25, 8.75 ], "texture": "#type94-100kg-bomb" },
				"south": { "uv": [ 6.25, 10.25, 7.25, 10.75 ], "texture": "#type94-100kg-bomb" },
				"west": { "uv": [ 10, 12.25, 10.25, 12.75 ], "texture": "#type94-100kg-bomb" },
				"east": { "uv": [ 10.25, 11.75, 10, 12.25 ], "texture": "#type94-100kg-bomb" }
			}
		},
		{
			"__comment": "Voxels",
			"from": [ 5.3333, 5.3333, 30.6667 ],
			"to": [ 6.666633, 6.666633, 32 ],
			"faces": {
				"down": { "uv": [ 11, 11.75, 11.25, 12 ], "texture": "#type94-100kg-bomb" },
				"up": { "uv": [ 11, 11.25, 11.25, 11 ], "texture": "#type94-100kg-bomb" },
				"north": { "uv": [ 11.25, 10.75, 11, 11 ], "texture": "#type94-100kg-bomb" },
				"south": { "uv": [ 5.75, 8, 6, 8.25 ], "texture": "#type94-100kg-bomb" },
				"west": { "uv": [ 6, 8, 6.25, 8.25 ], "texture": "#type94-100kg-bomb" },
				"east": { "uv": [ 16, 14.75, 15.75, 15 ], "texture": "#type94-100kg-bomb" }
			}
		},
		{
			"__comment": "Voxels",
			"from": [ 5.3333, 6.6667, -10.6667 ],
			"to": [ 11.99997, 9.333366, -6.666699 ],
			"faces": {
				"down": { "uv": [ 6, 13.25, 7.25, 14 ], "texture": "#type94-100kg-bomb" },
				"up": { "uv": [ 5.25, 13, 6.5, 12.25 ], "texture": "#type94-100kg-bomb" },
				"north": { "uv": [ 14, 15.5, 12.75, 16 ], "texture": "#type94-100kg-bomb" },
				"south": { "uv": [ 14, 15.5, 15.25, 16 ], "texture": "#type94-100kg-bomb" },
				"west": { "uv": [ 15.25, 15.5, 16, 16 ], "texture": "#type94-100kg-bomb" },
				"east": { "uv": [ 8, 11.5, 7.25, 12 ], "texture": "#type94-100kg-bomb" }
			}
		},
		{
			"__comment": "Voxels",
			"from": [ 5.3333, 6.6667, 16 ],
			"to": [ 11.99997, 8.000033, 17.33333 ],
			"faces": {
				"down": { "uv": [ 7.25, 8, 8.5, 8.25 ], "texture": "#type94-100kg-bomb" },
				"up": { "uv": [ 6, 13.25, 7.25, 13 ], "texture": "#type94-100kg-bomb" },
				"north": { "uv": [ 9.75, 13.5, 8.5, 13.75 ], "texture": "#type94-100kg-bomb" },
				"south": { "uv": [ 8.5, 13.25, 9.75, 13.5 ], "texture": "#type94-100kg-bomb" },
				"west": { "uv": [ 14, 12.5, 14.25, 12.75 ], "texture": "#type94-100kg-bomb" },
				"east": { "uv": [ 13.5, 12.5, 13.25, 12.75 ], "texture": "#type94-100kg-bomb" }
			}
		},
		{
			"__comment": "Voxels",
			"from": [ 5.3333, 6.6667, 17.3333 ],
			"to": [ 10.66663, 8.000033, 18.66663 ],
			"faces": {
				"down": { "uv": [ 8.5, 11.75, 9.5, 12 ], "texture": "#type94-100kg-bomb" },
				"up": { "uv": [ 8.5, 11.75, 9.5, 11.5 ], "texture": "#type94-100kg-bomb" },
				"north": { "uv": [ 9.5, 11.25, 8.5, 11.5 ], "texture": "#type94-100kg-bomb" },
				"south": { "uv": [ 8.5, 11, 9.5, 11.25 ], "texture": "#type94-100kg-bomb" },
				"west": { "uv": [ 13, 12.5, 13.25, 12.75 ], "texture": "#type94-100kg-bomb" },
				"east": { "uv": [ 13, 12.75, 12.75, 13 ], "texture": "#type94-100kg-bomb" }
			}
		},
		{
			"__comment": "Voxels",
			"from": [ 5.3333, 8, -12 ],
			"to": [ 11.99997, 9.333333, -10.66667 ],
			"faces": {
				"down": { "uv": [ 8.5, 12.75, 9.75, 13 ], "texture": "#type94-100kg-bomb" },
				"up": { "uv": [ 8.5, 12.75, 9.75, 12.5 ], "texture": "#type94-100kg-bomb" },
				"north": { "uv": [ 9.75, 12.25, 8.5, 12.5 ], "texture": "#type94-100kg-bomb" },
				"south": { "uv": [ 8.5, 12, 9.75, 12.25 ], "texture": "#type94-100kg-bomb" },
				"west": { "uv": [ 12.5, 12.75, 12.75, 13 ], "texture": "#type94-100kg-bomb" },
				"east": { "uv": [ 12.5, 12.75, 12.25, 13 ], "texture": "#type94-100kg-bomb" }
			}
		},
		{
			"__comment": "Voxels",
			"from": [ 5.3333, 9.3333, -10.6667 ],
			"to": [ 10.66663, 10.66663, -6.666699 ],
			"faces": {
				"down": { "uv": [ 6.25, 10.75, 7.25, 11.5 ], "texture": "#type94-100kg-bomb" },
				"up": { "uv": [ 5.25, 11.5, 6.25, 10.75 ], "texture": "#type94-100kg-bomb" },
				"north": { "uv": [ 9.5, 10.25, 8.5, 10.5 ], "texture": "#type94-100kg-bomb" },
				"south": { "uv": [ 8.5, 10, 9.5, 10.25 ], "texture": "#type94-100kg-bomb" },
				"west": { "uv": [ 14.5, 13.75, 15.25, 14 ], "texture": "#type94-100kg-bomb" },
				"east": { "uv": [ 16, 13.75, 15.25, 14 ], "texture": "#type94-100kg-bomb" }
			}
		},
		{
			"__comment": "Voxels",
			"from": [ 5.3333, 9.3333, 14.6667 ],
			"to": [ 11.99997, 10.66663, 17.33337 ],
			"faces": {
				"down": { "uv": [ 1.25, 8, 2.5, 8.5 ], "texture": "#type94-100kg-bomb" },
				"up": { "uv": [ 7.25, 14.75, 8.5, 14.25 ], "texture": "#type94-100kg-bomb" },
				"north": { "uv": [ 8.5, 8.5, 7.25, 8.75 ], "texture": "#type94-100kg-bomb" },
				"south": { "uv": [ 7.25, 8.25, 8.5, 8.5 ], "texture": "#type94-100kg-bomb" },
				"west": { "uv": [ 9.5, 9.75, 10, 10 ], "texture": "#type94-100kg-bomb" },
				"east": { "uv": [ 10, 10.5, 9.5, 10.75 ], "texture": "#type94-100kg-bomb" }
			}
		},
		{
			"__comment": "Voxels",
			"from": [ 5.3333, 9.3333, 17.3333 ],
			"to": [ 10.66663, 10.66663, 18.66663 ],
			"faces": {
				"down": { "uv": [ 6.25, 8, 7.25, 8.25 ], "texture": "#type94-100kg-bomb" },
				"up": { "uv": [ 7.5, 10, 8.5, 9.75 ], "texture": "#type94-100kg-bomb" },
				"north": { "uv": [ 8.5, 9.5, 7.5, 9.75 ], "texture": "#type94-100kg-bomb" },
				"south": { "uv": [ 7.5, 9.25, 8.5, 9.5 ], "texture": "#type94-100kg-bomb" },
				"west": { "uv": [ 10.75, 11.75, 11, 12 ], "texture": "#type94-100kg-bomb" },
				"east": { "uv": [ 11, 12.5, 10.75, 12.75 ], "texture": "#type94-100kg-bomb" }
			}
		},
		{
			"__comment": "Voxels",
			"from": [ 5.3333, 10.6667, 30.6667 ],
			"to": [ 6.666633, 12.00003, 32 ],
			"faces": {
				"down": { "uv": [ 10.75, 12.75, 11, 13 ], "texture": "#type94-100kg-bomb" },
				"up": { "uv": [ 14.25, 13.25, 14.5, 13 ], "texture": "#type94-100kg-bomb" },
				"north": { "uv": [ 13, 13, 12.75, 13.25 ], "texture": "#type94-100kg-bomb" },
				"south": { "uv": [ 10.75, 11, 11, 11.25 ], "texture": "#type94-100kg-bomb" },
				"west": { "uv": [ 12.25, 13, 12.5, 13.25 ], "texture": "#type94-100kg-bomb" },
				"east": { "uv": [ 12.25, 13, 12, 13.25 ], "texture": "#type94-100kg-bomb" }
			}
		},
		{
			"__comment": "Voxels",
			"from": [ 6.6667, 4, 30.6667 ],
			"to": [ 10.6667, 5.333333, 32 ],
			"faces": {
				"down": { "uv": [ 10, 13.5, 10.75, 13.75 ], "texture": "#type94-100kg-bomb" },
				"up": { "uv": [ 10.75, 13.75, 11.5, 13.5 ], "texture": "#type94-100kg-bomb" },
				"north": { "uv": [ 12.25, 13.5, 11.5, 13.75 ], "texture": "#type94-100kg-bomb" },
				"south": { "uv": [ 12.25, 13.5, 13, 13.75 ], "texture": "#type94-100kg-bomb" },
				"west": { "uv": [ 11.75, 13, 12, 13.25 ], "texture": "#type94-100kg-bomb" },
				"east": { "uv": [ 11.75, 13, 11.5, 13.25 ], "texture": "#type94-100kg-bomb" }
			}
		},
		{
			"__comment": "Voxels",
			"from": [ 6.6667, 5.3333, -10.6667 ],
			"to": [ 10.6667, 6.666633, -6.666699 ],
			"faces": {
				"down": { "uv": [ 4, 8.25, 4.75, 9 ], "texture": "#type94-100kg-bomb" },
				"up": { "uv": [ 3.25, 9, 4, 8.25 ], "texture": "#type94-100kg-bomb" },
				"north": { "uv": [ 13.75, 13.5, 13, 13.75 ], "texture": "#type94-100kg-bomb" },
				"south": { "uv": [ 13.75, 13.5, 14.5, 13.75 ], "texture": "#type94-100kg-bomb" },
				"west": { "uv": [ 14.5, 13.5, 15.25, 13.75 ], "texture": "#type94-100kg-bomb" },
				"east": { "uv": [ 16, 13.5, 15.25, 13.75 ], "texture": "#type94-100kg-bomb" }
			}
		},
		{
			"__comment": "Voxels",
			"from": [ 6.6667, 5.3333, 16 ],
			"to": [ 10.6667, 6.666633, 18.66667 ],
			"faces": {
				"down": { "uv": [ 7.25, 11, 8, 11.5 ], "texture": "#type94-100kg-bomb" },
				"up": { "uv": [ 7.25, 11, 8, 10.5 ], "texture": "#type94-100kg-bomb" },
				"north": { "uv": [ 10.75, 13.25, 10, 13.5 ], "texture": "#type94-100kg-bomb" },
				"south": { "uv": [ 10.75, 13.25, 11.5, 13.5 ], "texture": "#type94-100kg-bomb" },
				"west": { "uv": [ 8, 11, 8.5, 11.25 ], "texture": "#type94-100kg-bomb" },
				"east": { "uv": [ 10, 10.75, 9.5, 11 ], "texture": "#type94-100kg-bomb" }
			}
		},
		{
			"__comment": "Voxels",
			"from": [ 6.6667, 6.6667, -12 ],
			"to": [ 10.6667, 8.000033, -10.66667 ],
			"faces": {
				"down": { "uv": [ 11.5, 13.25, 12.25, 13.5 ], "texture": "#type94-100kg-bomb" },
				"up": { "uv": [ 12.25, 13.5, 13, 13.25 ], "texture": "#type94-100kg-bomb" },
				"north": { "uv": [ 13.75, 13.25, 13, 13.5 ], "texture": "#type94-100kg-bomb" },
				"south": { "uv": [ 13.75, 13.25, 14.5, 13.5 ], "texture": "#type94-100kg-bomb" },
				"west": { "uv": [ 10.25, 8.5, 10.5, 8.75 ], "texture": "#type94-100kg-bomb" },
				"east": { "uv": [ 10.75, 8.75, 10.5, 9 ], "texture": "#type94-100kg-bomb" }
			}
		},
		{
			"__comment": "Voxels",
			"from": [ 6.6667, 6.6667, 18.6667 ],
			"to": [ 10.6667, 8.000033, 22.6667 ],
			"faces": {
				"down": { "uv": [ 2.5, 8.75, 3.25, 9.5 ], "texture": "#type94-100kg-bomb" },
				"up": { "uv": [ 2.5, 8.75, 3.25, 8 ], "texture": "#type94-100kg-bomb" },
				"north": { "uv": [ 15.25, 13.25, 14.5, 13.5 ], "texture": "#type94-100kg-bomb" },
				"south": { "uv": [ 15.25, 13.25, 16, 13.5 ], "texture": "#type94-100kg-bomb" },
				"west": { "uv": [ 6.5, 12.25, 7.25, 12.5 ], "texture": "#type94-100kg-bomb" },
				"east": { "uv": [ 16, 14, 15.25, 14.25 ], "texture": "#type94-100kg-bomb" }
			}
		},
		{
			"__comment": "Voxels",
			"from": [ 6.6667, 6.6667, 22.6667 ],
			"to": [ 9.333366, 8.000033, 24.00003 ],
			"faces": {
				"down": { "uv": [ 8, 11.75, 8.5, 12 ], "texture": "#type94-100kg-bomb" },
				"up": { "uv": [ 8, 12.25, 8.5, 12 ], "texture": "#type94-100kg-bomb" },
				"north": { "uv": [ 10, 11, 9.5, 11.25 ], "texture": "#type94-100kg-bomb" },
				"south": { "uv": [ 9.5, 11.25, 10, 11.5 ], "texture": "#type94-100kg-bomb" },
				"west": { "uv": [ 10.5, 10.5, 10.75, 10.75 ], "texture": "#type94-100kg-bomb" },
				"east": { "uv": [ 10.5, 10.5, 10.25, 10.75 ], "texture": "#type94-100kg-bomb" }
			}
		},
		{
			"__comment": "Voxels",
			"from": [ 6.6667, 8, -13.3333 ],
			"to": [ 10.6667, 9.333333, -11.99997 ],
			"faces": {
				"down": { "uv": [ 8.5, 9.25, 9.25, 9.5 ], "texture": "#type94-100kg-bomb" },
				"up": { "uv": [ 9.25, 9.5, 10, 9.25 ], "texture": "#type94-100kg-bomb" },
				"north": { "uv": [ 9.25, 9, 8.5, 9.25 ], "texture": "#type94-100kg-bomb" },
				"south": { "uv": [ 9.25, 9, 10, 9.25 ], "texture": "#type94-100kg-bomb" },
				"west": { "uv": [ 10.5, 11, 10.75, 11.25 ], "texture": "#type94-100kg-bomb" },
				"east": { "uv": [ 10.5, 11, 10.25, 11.25 ], "texture": "#type94-100kg-bomb" }
			}
		},
		{
			"__comment": "Voxels",
			"from": [ 6.6667, 9.3333, -12 ],
			"to": [ 10.6667, 10.66663, -10.66667 ],
			"faces": {
				"down": { "uv": [ 8.5, 8.75, 9.25, 9 ], "texture": "#type94-100kg-bomb" },
				"up": { "uv": [ 9.25, 9, 10, 8.75 ], "texture": "#type94-100kg-bomb" },
				"north": { "uv": [ 9.25, 8.5, 8.5, 8.75 ], "texture": "#type94-100kg-bomb" },
				"south": { "uv": [ 8.5, 8.25, 9.25, 8.5 ], "texture": "#type94-100kg-bomb" },
				"west": { "uv": [ 10, 8, 10.25, 8.25 ], "texture": "#type94-100kg-bomb" },
				"east": { "uv": [ 10, 12, 9.75, 12.25 ], "texture": "#type94-100kg-bomb" }
			}
		},
		{
			"__comment": "Voxels",
			"from": [ 6.6667, 9.3333, 18.6667 ],
			"to": [ 10.6667, 10.66663, 21.33337 ],
			"faces": {
				"down": { "uv": [ 7.5, 10, 8.25, 10.5 ], "texture": "#type94-100kg-bomb" },
				"up": { "uv": [ 6.5, 13, 7.25, 12.5 ], "texture": "#type94-100kg-bomb" },
				"north": { "uv": [ 9.25, 8, 8.5, 8.25 ], "texture": "#type94-100kg-bomb" },
				"south": { "uv": [ 9.25, 8.5, 10, 8.75 ], "texture": "#type94-100kg-bomb" },
				"west": { "uv": [ 8, 11.25, 8.5, 11.5 ], "texture": "#type94-100kg-bomb" },
				"east": { "uv": [ 8.5, 11.5, 8, 11.75 ], "texture": "#type94-100kg-bomb" }
			}
		},
		{
			"__comment": "Voxels",
			"from": [ 6.6667, 9.3333, 21.3333 ],
			"to": [ 9.333366, 10.66663, 22.66663 ],
			"faces": {
				"down": { "uv": [ 9.5, 11.5, 10, 11.75 ], "texture": "#type94-100kg-bomb" },
				"up": { "uv": [ 9.5, 12, 10, 11.75 ], "texture": "#type94-100kg-bomb" },
				"north": { "uv": [ 8.5, 10.5, 8, 10.75 ], "texture": "#type94-100kg-bomb" },
				"south": { "uv": [ 8, 10.75, 8.5, 11 ], "texture": "#type94-100kg-bomb" },
				"west": { "uv": [ 10.75, 9.5, 11, 9.75 ], "texture": "#type94-100kg-bomb" },
				"east": { "uv": [ 11, 9.75, 10.75, 10 ], "texture": "#type94-100kg-bomb" }
			}
		},
		{
			"__comment": "Voxels",
			"from": [ 6.6667, 10.6667, -9.3333 ],
			"to": [ 10.6667, 12.00003, 17.33337 ],
			"faces": {
				"down": { "uv": [ 3.25, 9, 4, 14 ], "texture": "#type94-100kg-bomb" },
				"up": { "uv": [ 4, 14, 4.75, 9 ], "texture": "#type94-100kg-bomb" },
				"north": { "uv": [ 10, 8.25, 9.25, 8.5 ], "texture": "#type94-100kg-bomb" },
				"south": { "uv": [ 9.25, 8, 10, 8.25 ], "texture": "#type94-100kg-bomb" },
				"west": { "uv": [ 7.25, 15, 12.25, 15.25 ], "texture": "#type94-100kg-bomb" },
				"east": { "uv": [ 12.25, 15.25, 7.25, 15.5 ], "texture": "#type94-100kg-bomb" }
			}
		},
		{
			"__comment": "Voxels",
			"from": [ 6.6667, 12, 30.6667 ],
			"to": [ 10.6667, 13.33333, 32 ],
			"faces": {
				"down": { "uv": [ 10, 13.75, 10.75, 14 ], "texture": "#type94-100kg-bomb" },
				"up": { "uv": [ 10.75, 14, 11.5, 13.75 ], "texture": "#type94-100kg-bomb" },
				"north": { "uv": [ 12.25, 13.75, 11.5, 14 ], "texture": "#type94-100kg-bomb" },
				"south": { "uv": [ 12.25, 13.75, 13, 14 ], "texture": "#type94-100kg-bomb" },
				"west": { "uv": [ 10.75, 8.75, 11, 9 ], "texture": "#type94-100kg-bomb" },
				"east": { "uv": [ 11, 8.5, 10.75, 8.75 ], "texture": "#type94-100kg-bomb" }
			}
		},
		{
			"__comment": "Voxels",
			"from": [ 8, 2.6667, 16 ],
			"to": [ 9.333333, 5.333366, 30.66667 ],
			"faces": {
				"down": { "uv": [ 5.5, 8, 5.75, 10.75 ], "texture": "#type94-100kg-bomb" },
				"up": { "uv": [ 5.25, 10.75, 5.5, 8 ], "texture": "#type94-100kg-bomb" },
				"north": { "uv": [ 8.5, 13.75, 8.25, 14.25 ], "texture": "#type94-100kg-bomb" },
				"south": { "uv": [ 8.25, 10, 8.5, 10.5 ], "texture": "#type94-100kg-bomb" },
				"west": { "uv": [ 10, 15.5, 12.75, 16 ], "texture": "#type94-100kg-bomb" },
				"east": { "uv": [ 10, 15.5, 7.25, 16 ], "texture": "#type94-100kg-bomb" }
			}
		},
		{
			"__comment": "Voxels",
			"from": [ 8, 2.6667, 30.6667 ],
			"to": [ 9.333333, 4.000033, 32 ],
			"faces": {
				"down": { "uv": [ 7.75, 12, 8, 12.25 ], "texture": "#type94-100kg-bomb" },
				"up": { "uv": [ 15.75, 14.5, 16, 14.25 ], "texture": "#type94-100kg-bomb" },
				"north": { "uv": [ 10, 13.5, 9.75, 13.75 ], "texture": "#type94-100kg-bomb" },
				"south": { "uv": [ 9.75, 13.25, 10, 13.5 ], "texture": "#type94-100kg-bomb" },
				"west": { "uv": [ 9.75, 13, 10, 13.25 ], "texture": "#type94-100kg-bomb" },
				"east": { "uv": [ 10, 12.75, 9.75, 13 ], "texture": "#type94-100kg-bomb" }
			}
		},
		{
			"__comment": "Voxels",
			"from": [ 8, 4, -6.6667 ],
			"to": [ 9.333333, 5.333333, 15.99997 ],
			"faces": {
				"down": { "uv": [ 5, 8.75, 5.25, 13 ], "texture": "#type94-100kg-bomb" },
				"up": { "uv": [ 4.75, 13, 5, 8.75 ], "texture": "#type94-100kg-bomb" },
				"north": { "uv": [ 10, 12.5, 9.75, 12.75 ], "texture": "#type94-100kg-bomb" },
				"south": { "uv": [ 9.75, 12.25, 10, 12.5 ], "texture": "#type94-100kg-bomb" },
				"west": { "uv": [ 7.25, 14.75, 11.5, 15 ], "texture": "#type94-100kg-bomb" },
				"east": { "uv": [ 15.75, 14.75, 11.5, 15 ], "texture": "#type94-100kg-bomb" }
			}
		},
		{
			"__comment": "Voxels",
			"from": [ 8, 5.3333, -12 ],
			"to": [ 9.333333, 6.666633, -10.66667 ],
			"faces": {
				"down": { "uv": [ 10.25, 11.75, 10.5, 12 ], "texture": "#type94-100kg-bomb" },
				"up": { "uv": [ 10.5, 12, 10.75, 11.75 ], "texture": "#type94-100kg-bomb" },
				"north": { "uv": [ 10.5, 11.5, 10.25, 11.75 ], "texture": "#type94-100kg-bomb" },
				"south": { "uv": [ 10.5, 11.5, 10.75, 11.75 ], "texture": "#type94-100kg-bomb" },
				"west": { "uv": [ 10.25, 11.25, 10.5, 11.5 ], "texture": "#type94-100kg-bomb" },
				"east": { "uv": [ 10.75, 11.25, 10.5, 11.5 ], "texture": "#type94-100kg-bomb" }
			}
		},
		{
			"__comment": "Voxels",
			"from": [ 8, 5.3333, 18.6667 ],
			"to": [ 9.333333, 6.666633, 32 ],
			"faces": {
				"down": { "uv": [ 5.75, 8.25, 6, 10.75 ], "texture": "#type94-100kg-bomb" },
				"up": { "uv": [ 6, 10.75, 6.25, 8.25 ], "texture": "#type94-100kg-bomb" },
				"north": { "uv": [ 10.5, 10.75, 10.25, 11 ], "texture": "#type94-100kg-bomb" },
				"south": { "uv": [ 10.5, 10.75, 10.75, 11 ], "texture": "#type94-100kg-bomb" },
				"west": { "uv": [ 12.25, 15, 14.75, 15.25 ], "texture": "#type94-100kg-bomb" },
				"east": { "uv": [ 14.75, 15.25, 12.25, 15.5 ], "texture": "#type94-100kg-bomb" }
			}
		},
		{
			"__comment": "Voxels",
			"from": [ 8, 6.6667, -13.3333 ],
			"to": [ 9.333333, 8.000033, -11.99997 ],
			"faces": {
				"down": { "uv": [ 10.25, 10.25, 10.5, 10.5 ], "texture": "#type94-100kg-bomb" },
				"up": { "uv": [ 10.5, 10.5, 10.75, 10.25 ], "texture": "#type94-100kg-bomb" },
				"north": { "uv": [ 10.5, 10, 10.25, 10.25 ], "texture": "#type94-100kg-bomb" },
				"south": { "uv": [ 10.5, 10, 10.75, 10.25 ], "texture": "#type94-100kg-bomb" },
				"west": { "uv": [ 10.25, 9.75, 10.5, 10 ], "texture": "#type94-100kg-bomb" },
				"east": { "uv": [ 10.75, 9.75, 10.5, 10 ], "texture": "#type94-100kg-bomb" }
			}
		},
		{
			"__comment": "Voxels",
			"from": [ 8, 6.6667, 24 ],
			"to": [ 9.333333, 8.000033, 32 ],
			"faces": {
				"down": { "uv": [ 7.75, 12.25, 8, 13.75 ], "texture": "#type94-100kg-bomb" },
				"up": { "uv": [ 8, 13.75, 8.25, 12.25 ], "texture": "#type94-100kg-bomb" },
				"north": { "uv": [ 10.5, 9.5, 10.25, 9.75 ], "texture": "#type94-100kg-bomb" },
				"south": { "uv": [ 10.5, 9.5, 10.75, 9.75 ], "texture": "#type94-100kg-bomb" },
				"west": { "uv": [ 8.5, 13.75, 10, 14 ], "texture": "#type94-100kg-bomb" },
				"east": { "uv": [ 15.25, 14, 13.75, 14.25 ], "texture": "#type94-100kg-bomb" }
			}
		},
		{
			"__comment": "Voxels",
			"from": [ 8, 8, -14.6667 ],
			"to": [ 9.333333, 9.333333, -13.33337 ],
			"faces": {
				"down": { "uv": [ 10.25, 9.25, 10.5, 9.5 ], "texture": "#type94-100kg-bomb" },
				"up": { "uv": [ 12.5, 13.25, 12.75, 13 ], "texture": "#type94-100kg-bomb" },
				"north": { "uv": [ 10.75, 9.25, 10.5, 9.5 ], "texture": "#type94-100kg-bomb" },
				"south": { "uv": [ 10.25, 9, 10.5, 9.25 ], "texture": "#type94-100kg-bomb" },
				"west": { "uv": [ 10.5, 9, 10.75, 9.25 ], "texture": "#type94-100kg-bomb" },
				"east": { "uv": [ 10.5, 8.75, 10.25, 9 ], "texture": "#type94-100kg-bomb" }
			}
		},
		{
			"__comment": "Voxels",
			"from": [ 8, 8, 30.6667 ],
			"to": [ 14.66667, 9.333333, 32 ],
			"faces": {
				"down": { "uv": [ 8.5, 13, 9.75, 13.25 ], "texture": "#type94-100kg-bomb" },
				"up": { "uv": [ 14.75, 15.5, 16, 15.25 ], "texture": "#type94-100kg-bomb" },
				"north": { "uv": [ 16, 15, 14.75, 15.25 ], "texture": "#type94-100kg-bomb" },
				"south": { "uv": [ 7.25, 8.75, 8.5, 9 ], "texture": "#type94-100kg-bomb" },
				"west": { "uv": [ 10.5, 8.5, 10.75, 8.75 ], "texture": "#type94-100kg-bomb" },
				"east": { "uv": [ 10.5, 8.25, 10.25, 8.5 ], "texture": "#type94-100kg-bomb" }
			}
		},
		{
			"__comment": "Voxels",
			"from": [ 8, 9.3333, -13.3333 ],
			"to": [ 9.333333, 10.66663, -11.99997 ],
			"faces": {
				"down": { "uv": [ 10.5, 8.25, 10.75, 8.5 ], "texture": "#type94-100kg-bomb" },
				"up": { "uv": [ 10.25, 8.25, 10.5, 8 ], "texture": "#type94-100kg-bomb" },
				"north": { "uv": [ 10.75, 8, 10.5, 8.25 ], "texture": "#type94-100kg-bomb" },
				"south": { "uv": [ 10.75, 13, 11, 13.25 ], "texture": "#type94-100kg-bomb" },
				"west": { "uv": [ 11, 13, 11.25, 13.25 ], "texture": "#type94-100kg-bomb" },
				"east": { "uv": [ 11.5, 13, 11.25, 13.25 ], "texture": "#type94-100kg-bomb" }
			}
		},
		{
			"__comment": "Voxels",
			"from": [ 8, 9.3333, 22.6667 ],
			"to": [ 9.333333, 14.66663, 30.6667 ],
			"faces": {
				"down": { "uv": [ 7.25, 9, 7.5, 10.5 ], "texture": "#type94-100kg-bomb" },
				"up": { "uv": [ 8.25, 13.75, 8.5, 12.25 ], "texture": "#type94-100kg-bomb" },
				"north": { "uv": [ 3, 9.5, 2.75, 10.5 ], "texture": "#type94-100kg-bomb" },
				"south": { "uv": [ 3, 10.5, 3.25, 11.5 ], "texture": "#type94-100kg-bomb" },
				"west": { "uv": [ 1.25, 9.5, 2.75, 10.5 ], "texture": "#type94-100kg-bomb" },
				"east": { "uv": [ 2.75, 10.5, 1.25, 11.5 ], "texture": "#type94-100kg-bomb" }
			}
		},
		{
			"__comment": "Voxels",
			"from": [ 8, 9.3333, 30.6667 ],
			"to": [ 9.333333, 11.99997, 32 ],
			"faces": {
				"down": { "uv": [ 13, 13, 13.25, 13.25 ], "texture": "#type94-100kg-bomb" },
				"up": { "uv": [ 13.25, 13.25, 13.5, 13 ], "texture": "#type94-100kg-bomb" },
				"north": { "uv": [ 10.25, 11.25, 10, 11.75 ], "texture": "#type94-100kg-bomb" },
				"south": { "uv": [ 10, 10.75, 10.25, 11.25 ], "texture": "#type94-100kg-bomb" },
				"west": { "uv": [ 10, 10.25, 10.25, 10.75 ], "texture": "#type94-100kg-bomb" },
				"east": { "uv": [ 10.25, 8.25, 10, 8.75 ], "texture": "#type94-100kg-bomb" }
			}
		},
		{
			"__comment": "Voxels",
			"from": [ 8, 10.6667, -10.6667 ],
			"to": [ 9.333333, 12.00003, -9.333366 ],
			"faces": {
				"down": { "uv": [ 14.5, 13, 14.75, 13.25 ], "texture": "#type94-100kg-bomb" },
				"up": { "uv": [ 14.75, 13.25, 15, 13 ], "texture": "#type94-100kg-bomb" },
				"north": { "uv": [ 15.25, 13, 15, 13.25 ], "texture": "#type94-100kg-bomb" },
				"south": { "uv": [ 15.25, 13, 15.5, 13.25 ], "texture": "#type94-100kg-bomb" },
				"west": { "uv": [ 15.5, 13, 15.75, 13.25 ], "texture": "#type94-100kg-bomb" },
				"east": { "uv": [ 16, 13, 15.75, 13.25 ], "texture": "#type94-100kg-bomb" }
			}
		},
		{
			"__comment": "Voxels",
			"from": [ 8, 10.6667, 17.3333 ],
			"to": [ 9.333333, 13.33337, 22.66663 ],
			"faces": {
				"down": { "uv": [ 3, 9.5, 3.25, 10.5 ], "texture": "#type94-100kg-bomb" },
				"up": { "uv": [ 2.75, 11.5, 3, 10.5 ], "texture": "#type94-100kg-bomb" },
				"north": { "uv": [ 10.25, 9.75, 10, 10.25 ], "texture": "#type94-100kg-bomb" },
				"south": { "uv": [ 10, 9.25, 10.25, 9.75 ], "texture": "#type94-100kg-bomb" },
				"west": { "uv": [ 6.25, 8.75, 7.25, 9.25 ], "texture": "#type94-100kg-bomb" },
				"east": { "uv": [ 7.25, 9.25, 6.25, 9.75 ], "texture": "#type94-100kg-bomb" }
			}
		},
		{
			"__comment": "Voxels",
			"from": [ 8, 12, 14.6667 ],
			"to": [ 9.333333, 13.33333, 17.33337 ],
			"faces": {
				"down": { "uv": [ 10, 8.75, 10.25, 9.25 ], "texture": "#type94-100kg-bomb" },
				"up": { "uv": [ 10, 13.25, 10.25, 12.75 ], "texture": "#type94-100kg-bomb" },
				"north": { "uv": [ 11, 10.75, 10.75, 11 ], "texture": "#type94-100kg-bomb" },
				"south": { "uv": [ 10.75, 10.5, 11, 10.75 ], "texture": "#type94-100kg-bomb" },
				"west": { "uv": [ 9.5, 10.25, 10, 10.5 ], "texture": "#type94-100kg-bomb" },
				"east": { "uv": [ 10, 10, 9.5, 10.25 ], "texture": "#type94-100kg-bomb" }
			}
		},
		{
			"__comment": "Voxels",
			"from": [ 8, 13.3333, 18.6667 ],
			"to": [ 9.333333, 14.66663, 22.6667 ],
			"faces": {
				"down": { "uv": [ 4.75, 8, 5, 8.75 ], "texture": "#type94-100kg-bomb" },
				"up": { "uv": [ 5, 8.75, 5.25, 8 ], "texture": "#type94-100kg-bomb" },
				"north": { "uv": [ 11, 9.25, 10.75, 9.5 ], "texture": "#type94-100kg-bomb" },
				"south": { "uv": [ 10.75, 9, 11, 9.25 ], "texture": "#type94-100kg-bomb" },
				"west": { "uv": [ 13, 13.75, 13.75, 14 ], "texture": "#type94-100kg-bomb" },
				"east": { "uv": [ 14.5, 13.75, 13.75, 14 ], "texture": "#type94-100kg-bomb" }
			}
		},
		{
			"__comment": "Voxels",
			"from": [ 8, 13.3333, 30.6667 ],
			"to": [ 9.333333, 14.66663, 32 ],
			"faces": {
				"down": { "uv": [ 10.75, 8.25, 11, 8.5 ], "texture": "#type94-100kg-bomb" },
				"up": { "uv": [ 10.75, 8.25, 11, 8 ], "texture": "#type94-100kg-bomb" },
				"north": { "uv": [ 11.25, 12.75, 11, 13 ], "texture": "#type94-100kg-bomb" },
				"south": { "uv": [ 11.25, 12.75, 11.5, 13 ], "texture": "#type94-100kg-bomb" },
				"west": { "uv": [ 11.5, 12.75, 11.75, 13 ], "texture": "#type94-100kg-bomb" },
				"east": { "uv": [ 12, 12.75, 11.75, 13 ], "texture": "#type94-100kg-bomb" }
			}
		},
		{
			"__comment": "Voxels",
			"from": [ 9.3333, 8, 28 ],
			"to": [ 14.66663, 9.333333, 30.66667 ],
			"faces": {
				"down": { "uv": [ 6.25, 9.75, 7.25, 10.25 ], "texture": "#type94-100kg-bomb" },
				"up": { "uv": [ 7.25, 14.25, 8.25, 13.75 ], "texture": "#type94-100kg-bomb" },
				"north": { "uv": [ 9.5, 10.75, 8.5, 11 ], "texture": "#type94-100kg-bomb" },
				"south": { "uv": [ 8.5, 10.5, 9.5, 10.75 ], "texture": "#type94-100kg-bomb" },
				"west": { "uv": [ 9.5, 9.5, 10, 9.75 ], "texture": "#type94-100kg-bomb" },
				"east": { "uv": [ 10.75, 13, 10.25, 13.25 ], "texture": "#type94-100kg-bomb" }
			}
		},
		{
			"__comment": "Voxels",
			"from": [ 10.6667, 5.3333, 30.6667 ],
			"to": [ 12.00003, 6.666633, 32 ],
			"faces": {
				"down": { "uv": [ 13.5, 12.75, 13.75, 13 ], "texture": "#type94-100kg-bomb" },
				"up": { "uv": [ 13.75, 13, 14, 12.75 ], "texture": "#type94-100kg-bomb" },
				"north": { "uv": [ 14.5, 12.5, 14.25, 12.75 ], "texture": "#type94-100kg-bomb" },
				"south": { "uv": [ 14.25, 12.75, 14.5, 13 ], "texture": "#type94-100kg-bomb" },
				"west": { "uv": [ 14.5, 12.75, 14.75, 13 ], "texture": "#type94-100kg-bomb" },
				"east": { "uv": [ 15, 12.75, 14.75, 13 ], "texture": "#type94-100kg-bomb" }
			}
		},
		{
			"__comment": "Voxels",
			"from": [ 10.6667, 6.6667, 14.6667 ],
			"to": [ 12.00003, 8.000033, 16.00003 ],
			"faces": {
				"down": { "uv": [ 15, 12.75, 15.25, 13 ], "texture": "#type94-100kg-bomb" },
				"up": { "uv": [ 15.25, 13, 15.5, 12.75 ], "texture": "#type94-100kg-bomb" },
				"north": { "uv": [ 15.75, 12.75, 15.5, 13 ], "texture": "#type94-100kg-bomb" },
				"south": { "uv": [ 15.75, 12.75, 16, 13 ], "texture": "#type94-100kg-bomb" },
				"west": { "uv": [ 11, 12.5, 11.25, 12.75 ], "texture": "#type94-100kg-bomb" },
				"east": { "uv": [ 11.25, 12.25, 11, 12.5 ], "texture": "#type94-100kg-bomb" }
			}
		},
		{
			"__comment": "Voxels",
			"from": [ 10.6667, 9.3333, -9.3333 ],
			"to": [ 12.00003, 10.66663, -6.666633 ],
			"faces": {
				"down": { "uv": [ 10.25, 12.5, 10.5, 13 ], "texture": "#type94-100kg-bomb" },
				"up": { "uv": [ 10.5, 13, 10.75, 12.5 ], "texture": "#type94-100kg-bomb" },
				"north": { "uv": [ 11.25, 11.5, 11, 11.75 ], "texture": "#type94-100kg-bomb" },
				"south": { "uv": [ 11, 11.25, 11.25, 11.5 ], "texture": "#type94-100kg-bomb" },
				"west": { "uv": [ 10.25, 12.25, 10.75, 12.5 ], "texture": "#type94-100kg-bomb" },
				"east": { "uv": [ 10.75, 12, 10.25, 12.25 ], "texture": "#type94-100kg-bomb" }
			}
		},
		{
			"__comment": "Voxels",
			"from": [ 10.6667, 10.6667, 30.6667 ],
			"to": [ 12.00003, 12.00003, 32 ],
			"faces": {
				"down": { "uv": [ 11, 10.5, 11.25, 10.75 ], "texture": "#type94-100kg-bomb" },
				"up": { "uv": [ 11, 10.5, 11.25, 10.25 ], "texture": "#type94-100kg-bomb" },
				"north": { "uv": [ 11.25, 10, 11, 10.25 ], "texture": "#type94-100kg-bomb" },
				"south": { "uv": [ 11, 9.75, 11.25, 10 ], "texture": "#type94-100kg-bomb" },
				"west": { "uv": [ 11, 9.5, 11.25, 9.75 ], "texture": "#type94-100kg-bomb" },
				"east": { "uv": [ 11.25, 9.25, 11, 9.5 ], "texture": "#type94-100kg-bomb" }
			}
		},
		{
			"__comment": "Voxels",
			"from": [ 12, 6.6667, 30.6667 ],
			"to": [ 13.33333, 8.000033, 32 ],
			"faces": {
				"down": { "uv": [ 11, 9, 11.25, 9.25 ], "texture": "#type94-100kg-bomb" },
				"up": { "uv": [ 11, 9, 11.25, 8.75 ], "texture": "#type94-100kg-bomb" },
				"north": { "uv": [ 11.25, 8.5, 11, 8.75 ], "texture": "#type94-100kg-bomb" },
				"south": { "uv": [ 11, 8.25, 11.25, 8.5 ], "texture": "#type94-100kg-bomb" },
				"west": { "uv": [ 11, 8, 11.25, 8.25 ], "texture": "#type94-100kg-bomb" },
				"east": { "uv": [ 11.5, 12.5, 11.25, 12.75 ], "texture": "#type94-100kg-bomb" }
			}
		},
		{
			"__comment": "Voxels",
			"from": [ 12, 9.3333, 30.6667 ],
			"to": [ 13.33333, 10.66663, 32 ],
			"faces": {
				"down": { "uv": [ 11.5, 12.5, 11.75, 12.75 ], "texture": "#type94-100kg-bomb" },
				"up": { "uv": [ 11.75, 12.75, 12, 12.5 ], "texture": "#type94-100kg-bomb" },
				"north": { "uv": [ 12.25, 12.5, 12, 12.75 ], "texture": "#type94-100kg-bomb" },
				"south": { "uv": [ 12.25, 12.5, 12.5, 12.75 ], "texture": "#type94-100kg-bomb" },
				"west": { "uv": [ 12.5, 12.5, 12.75, 12.75 ], "texture": "#type94-100kg-bomb" },
				"east": { "uv": [ 13, 12.5, 12.75, 12.75 ], "texture": "#type94-100kg-bomb" }
			}
		},
		{
			"__comment": "Voxels",
			"from": [ 13.3333, 8, 18.6667 ],
			"to": [ 14.66663, 9.333333, 28.00003 ],
			"faces": {
				"down": { "uv": [ 7.25, 12, 7.5, 13.75 ], "texture": "#type94-100kg-bomb" },
				"up": { "uv": [ 7.5, 13.75, 7.75, 12 ], "texture": "#type94-100kg-bomb" },
				"north": { "uv": [ 13.75, 12.5, 13.5, 12.75 ], "texture": "#type94-100kg-bomb" },
				"south": { "uv": [ 13.75, 12.5, 14, 12.75 ], "texture": "#type94-100kg-bomb" },
				"west": { "uv": [ 8.5, 14, 10.25, 14.25 ], "texture": "#type94-100kg-bomb" },
				"east": { "uv": [ 13.75, 14, 12, 14.25 ], "texture": "#type94-100kg-bomb" }
			}
		}
	],
	"display": {
		"thirdperson_righthand": {
			"translation":  [ 0, -2, 0 ],
			"scale":  [ 0.461, 0.461, 0.461 ]
		},
		"thirdperson_lefthand": {
			"translation":  [ 0, -2, 0 ],
			"scale":  [ 0.461, 0.461, 0.461 ]
		}
	}
}