{
	"__comment": "Designed by Uran2471 with Cubik Studio - https://cubik.studio",
	"textures": {
		"particle": "blocks/particle",
		"texture": "blocks/texture",
		"g4m1-tail": "custom/g4m1-tail"
	},
	"elements": [ 	 
		{
			"__comment": "Voxels",
			"from": [ -11.3103, 7.7241, 18.4828 ],
			"to": [ 27.3497, 8.390652, 19.8159 ],
			"faces": {
				"down": { "uv": [ 3.625, 13.125, 10.875, 13.375 ], "texture": "#g4m1-tail" },
				"up": { "uv": [ 3.625, 13.625, 10.875, 13.375 ], "texture": "#g4m1-tail" },
				"north": { "uv": [ 10.875, 13, 3.625, 13.125 ], "texture": "#g4m1-tail" },
				"south": { "uv": [ 3.625, 12.875, 10.875, 13 ], "texture": "#g4m1-tail" },
				"west": { "uv": [ 15.75, 12.75, 16, 12.875 ], "texture": "#g4m1-tail" },
				"east": { "uv": [ 16, 12.625, 15.75, 12.75 ], "texture": "#g4m1-tail" }
			}
		},
		{
			"__comment": "Voxels",
			"from": [ -10.6438, 7.7241, 19.8159 ],
			"to": [ 27.34965, 8.390652, 20.48245 ],
			"faces": {
				"down": { "uv": [ 3.625, 12.75, 10.75, 12.875 ], "texture": "#g4m1-tail" },
				"up": { "uv": [ 3.625, 12.5, 10.75, 12.375 ], "texture": "#g4m1-tail" },
				"north": { "uv": [ 10.75, 12.5, 3.625, 12.625 ], "texture": "#g4m1-tail" },
				"south": { "uv": [ 3.625, 12.625, 10.75, 12.75 ], "texture": "#g4m1-tail" },
				"west": { "uv": [ 6.25, 13.625, 6.375, 13.75 ], "texture": "#g4m1-tail" },
				"east": { "uv": [ 3.625, 5.75, 3.5, 5.875 ], "texture": "#g4m1-tail" }
			}
		},
		{
			"__comment": "Voxels",
			"from": [ -10.6438, 7.7241, 20.4824 ],
			"to": [ 26.6831, 8.390652, 21.14895 ],
			"faces": {
				"down": { "uv": [ 3.625, 11.875, 10.625, 12 ], "texture": "#g4m1-tail" },
				"up": { "uv": [ 3.625, 12.125, 10.625, 12 ], "texture": "#g4m1-tail" },
				"north": { "uv": [ 10.625, 12.125, 3.625, 12.25 ], "texture": "#g4m1-tail" },
				"south": { "uv": [ 3.625, 12.25, 10.625, 12.375 ], "texture": "#g4m1-tail" },
				"west": { "uv": [ 3.5, 0.875, 3.625, 1 ], "texture": "#g4m1-tail" },
				"east": { "uv": [ 16, 13.5, 15.875, 13.625 ], "texture": "#g4m1-tail" }
			}
		},
		{
			"__comment": "Voxels",
			"from": [ -9.9772, 7.7241, 17.8162 ],
			"to": [ 26.01659, 8.390652, 18.48275 ],
			"faces": {
				"down": { "uv": [ 4.625, 11.125, 11.375, 11.25 ], "texture": "#g4m1-tail" },
				"up": { "uv": [ 4.625, 11.125, 11.375, 11 ], "texture": "#g4m1-tail" },
				"north": { "uv": [ 11.375, 10.875, 4.625, 11 ], "texture": "#g4m1-tail" },
				"south": { "uv": [ 4.625, 10.75, 11.375, 10.875 ], "texture": "#g4m1-tail" },
				"west": { "uv": [ 15.875, 13.375, 16, 13.5 ], "texture": "#g4m1-tail" },
				"east": { "uv": [ 16, 13.25, 15.875, 13.375 ], "texture": "#g4m1-tail" }
			}
		},
		{
			"__comment": "Voxels",
			"from": [ -9.9772, 7.7241, 21.149 ],
			"to": [ 26.68314, 8.390652, 21.81555 ],
			"faces": {
				"down": { "uv": [ 4.625, 11.375, 11.5, 11.5 ], "texture": "#g4m1-tail" },
				"up": { "uv": [ 4.625, 11.875, 11.5, 11.75 ], "texture": "#g4m1-tail" },
				"north": { "uv": [ 11.5, 11.625, 4.625, 11.75 ], "texture": "#g4m1-tail" },
				"south": { "uv": [ 4.625, 11.5, 11.5, 11.625 ], "texture": "#g4m1-tail" },
				"west": { "uv": [ 15.875, 13.125, 16, 13.25 ], "texture": "#g4m1-tail" },
				"east": { "uv": [ 16, 13, 15.875, 13.125 ], "texture": "#g4m1-tail" }
			}
		},
		{
			"__comment": "Voxels",
			"from": [ -9.9772, 7.7241, 21.8155 ],
			"to": [ 26.01659, 8.390652, 22.48205 ],
			"faces": {
				"down": { "uv": [ 5.75, 10.625, 12.5, 10.75 ], "texture": "#g4m1-tail" },
				"up": { "uv": [ 5.75, 10.625, 12.5, 10.5 ], "texture": "#g4m1-tail" },
				"north": { "uv": [ 12.5, 10.375, 5.75, 10.5 ], "texture": "#g4m1-tail" },
				"south": { "uv": [ 4.625, 11.25, 11.375, 11.375 ], "texture": "#g4m1-tail" },
				"west": { "uv": [ 15.875, 12.875, 16, 13 ], "texture": "#g4m1-tail" },
				"east": { "uv": [ 16, 12, 15.875, 12.125 ], "texture": "#g4m1-tail" }
			}
		},
		{
			"__comment": "Voxels",
			"from": [ -7.311, 7.7241, 17.1497 ],
			"to": [ 24.01693, 8.390652, 17.81625 ],
			"faces": {
				"down": { "uv": [ 5.75, 9.5, 11.625, 9.625 ], "texture": "#g4m1-tail" },
				"up": { "uv": [ 5.75, 9.5, 11.625, 9.375 ], "texture": "#g4m1-tail" },
				"north": { "uv": [ 11.625, 9.25, 5.75, 9.375 ], "texture": "#g4m1-tail" },
				"south": { "uv": [ 5.75, 9.625, 11.625, 9.75 ], "texture": "#g4m1-tail" },
				"west": { "uv": [ 15.875, 11.875, 16, 12 ], "texture": "#g4m1-tail" },
				"east": { "uv": [ 16, 11, 15.875, 11.125 ], "texture": "#g4m1-tail" }
			}
		},
		{
			"__comment": "Voxels",
			"from": [ -5.3114, 7.7241, 16.4831 ],
			"to": [ 21.35067, 8.390652, 17.14965 ],
			"faces": {
				"down": { "uv": [ 10.875, 12.875, 15.875, 13 ], "texture": "#g4m1-tail" },
				"up": { "uv": [ 10.75, 12.875, 15.75, 12.75 ], "texture": "#g4m1-tail" },
				"north": { "uv": [ 15.875, 13.5, 10.875, 13.625 ], "texture": "#g4m1-tail" },
				"south": { "uv": [ 10.875, 13.375, 15.875, 13.5 ], "texture": "#g4m1-tail" },
				"west": { "uv": [ 15.875, 10.875, 16, 11 ], "texture": "#g4m1-tail" },
				"east": { "uv": [ 16, 9.5, 15.875, 9.625 ], "texture": "#g4m1-tail" }
			}
		},
		{
			"__comment": "Voxels",
			"from": [ -5.3114, 7.7241, 22.4821 ],
			"to": [ 21.35067, 8.390652, 23.14865 ],
			"faces": {
				"down": { "uv": [ 10.875, 13.25, 15.875, 13.375 ], "texture": "#g4m1-tail" },
				"up": { "uv": [ 10.875, 13.125, 15.875, 13 ], "texture": "#g4m1-tail" },
				"north": { "uv": [ 15.875, 13.125, 10.875, 13.25 ], "texture": "#g4m1-tail" },
				"south": { "uv": [ 10.75, 12.625, 15.75, 12.75 ], "texture": "#g4m1-tail" },
				"west": { "uv": [ 7, 7.875, 7.125, 8 ], "texture": "#g4m1-tail" },
				"east": { "uv": [ 7.125, 7.5, 7, 7.625 ], "texture": "#g4m1-tail" }
			}
		},
		{
			"__comment": "Voxels",
			"from": [ -3.3117, 7.7241, 15.8166 ],
			"to": [ 19.35106, 8.390652, 16.48315 ],
			"faces": {
				"down": { "uv": [ 10.625, 12.25, 14.875, 12.375 ], "texture": "#g4m1-tail" },
				"up": { "uv": [ 10.75, 12.5, 15, 12.375 ], "texture": "#g4m1-tail" },
				"north": { "uv": [ 15, 12.5, 10.75, 12.625 ], "texture": "#g4m1-tail" },
				"south": { "uv": [ 10.625, 12.125, 14.875, 12.25 ], "texture": "#g4m1-tail" },
				"west": { "uv": [ 7, 7.125, 7.125, 7.25 ], "texture": "#g4m1-tail" },
				"east": { "uv": [ 7.125, 6.75, 7, 6.875 ], "texture": "#g4m1-tail" }
			}
		},
		{
			"__comment": "Voxels",
			"from": [ -0.6455, 7.7241, 15.15 ],
			"to": [ 17.3514, 8.390652, 15.81655 ],
			"faces": {
				"down": { "uv": [ 10.625, 11.875, 14, 12 ], "texture": "#g4m1-tail" },
				"up": { "uv": [ 11.5, 11.875, 14.875, 11.75 ], "texture": "#g4m1-tail" },
				"north": { "uv": [ 14.875, 11.625, 11.5, 11.75 ], "texture": "#g4m1-tail" },
				"south": { "uv": [ 10.625, 12, 14, 12.125 ], "texture": "#g4m1-tail" },
				"west": { "uv": [ 7, 6.375, 7.125, 6.5 ], "texture": "#g4m1-tail" },
				"east": { "uv": [ 7.125, 6, 7, 6.125 ], "texture": "#g4m1-tail" }
			}
		},
		{
			"__comment": "Voxels",
			"from": [ 1.3541, 7.7241, 14.4834 ],
			"to": [ 14.68513, 8.390652, 15.14995 ],
			"faces": {
				"down": { "uv": [ 11.375, 10.75, 13.875, 10.875 ], "texture": "#g4m1-tail" },
				"up": { "uv": [ 12.5, 10.75, 15, 10.625 ], "texture": "#g4m1-tail" },
				"north": { "uv": [ 15, 10.5, 12.5, 10.625 ], "texture": "#g4m1-tail" },
				"south": { "uv": [ 12.5, 10.375, 15, 10.5 ], "texture": "#g4m1-tail" },
				"west": { "uv": [ 7, 5.625, 7.125, 5.75 ], "texture": "#g4m1-tail" },
				"east": { "uv": [ 7.125, 0.5, 7, 0.625 ], "texture": "#g4m1-tail" }
			}
		},
		{
			"__comment": "Voxels",
			"from": [ 2.6872, 7.7241, 23.1486 ],
			"to": [ 14.01858, 8.390652, 23.81515 ],
			"faces": {
				"down": { "uv": [ 13.75, 9.5, 15.875, 9.625 ], "texture": "#g4m1-tail" },
				"up": { "uv": [ 13.875, 10.875, 16, 10.75 ], "texture": "#g4m1-tail" },
				"north": { "uv": [ 16, 9.625, 13.875, 9.75 ], "texture": "#g4m1-tail" },
				"south": { "uv": [ 11.625, 9.5, 13.75, 9.625 ], "texture": "#g4m1-tail" },
				"west": { "uv": [ 7, 0.375, 7.125, 0.5 ], "texture": "#g4m1-tail" },
				"east": { "uv": [ 7.125, 0.25, 7, 0.375 ], "texture": "#g4m1-tail" }
			}
		},
		{
			"__comment": "Voxels",
			"from": [ 4.0204, 3.7248, -2.1803 ],
			"to": [ 12.01902, 6.391006, 19.81591 ],
			"faces": {
				"down": { "uv": [ 0, 11.875, 1.5, 16 ], "texture": "#g4m1-tail" },
				"up": { "uv": [ 0, 11.875, 1.5, 7.75 ], "texture": "#g4m1-tail" },
				"north": { "uv": [ 11.25, 9.875, 9.75, 10.375 ], "texture": "#g4m1-tail" },
				"south": { "uv": [ 8.25, 9.875, 9.75, 10.375 ], "texture": "#g4m1-tail" },
				"west": { "uv": [ 4, 15, 8.125, 15.5 ], "texture": "#g4m1-tail" },
				"east": { "uv": [ 8.125, 15.5, 4, 16 ], "texture": "#g4m1-tail" }
			}
		},
		{
			"__comment": "Voxels",
			"from": [ 4.0204, 5.0579, 19.8159 ],
			"to": [ 12.01902, 5.724452, 20.48245 ],
			"faces": {
				"down": { "uv": [ 14.5, 11.5, 16, 11.625 ], "texture": "#g4m1-tail" },
				"up": { "uv": [ 14.5, 11.5, 16, 11.375 ], "texture": "#g4m1-tail" },
				"north": { "uv": [ 9.75, 9.75, 8.25, 9.875 ], "texture": "#g4m1-tail" },
				"south": { "uv": [ 9.75, 9.75, 11.25, 9.875 ], "texture": "#g4m1-tail" },
				"west": { "uv": [ 7, 0.125, 7.125, 0.25 ], "texture": "#g4m1-tail" },
				"east": { "uv": [ 7.125, 0, 7, 0.125 ], "texture": "#g4m1-tail" }
			}
		},
		{
			"__comment": "Voxels",
			"from": [ 4.0204, 7.7241, 13.8169 ],
			"to": [ 12.68557, 8.390652, 14.48345 ],
			"faces": {
				"down": { "uv": [ 14.375, 11.25, 16, 11.375 ], "texture": "#g4m1-tail" },
				"up": { "uv": [ 14.375, 11.25, 16, 11.125 ], "texture": "#g4m1-tail" },
				"north": { "uv": [ 15.875, 11, 14.25, 11.125 ], "texture": "#g4m1-tail" },
				"south": { "uv": [ 14.25, 10.875, 15.875, 11 ], "texture": "#g4m1-tail" },
				"west": { "uv": [ 15.875, 8.875, 16, 9 ], "texture": "#g4m1-tail" },
				"east": { "uv": [ 7.25, 0, 7.125, 0.125 ], "texture": "#g4m1-tail" }
			}
		},
		{
			"__comment": "Voxels",
			"from": [ 4.6869, 1.7252, -2.1803 ],
			"to": [ 11.35242, 3.724855, 10.48418 ],
			"faces": {
				"down": { "uv": [ 2.75, 13.625, 4, 16 ], "texture": "#g4m1-tail" },
				"up": { "uv": [ 1.5, 4, 2.75, 1.625 ], "texture": "#g4m1-tail" },
				"north": { "uv": [ 7, 7.125, 5.75, 7.5 ], "texture": "#g4m1-tail" },
				"south": { "uv": [ 5.75, 8.25, 7, 8.625 ], "texture": "#g4m1-tail" },
				"west": { "uv": [ 4, 14.125, 6.375, 14.5 ], "texture": "#g4m1-tail" },
				"east": { "uv": [ 6.375, 13.75, 4, 14.125 ], "texture": "#g4m1-tail" }
			}
		},
		{
			"__comment": "Voxels",
			"from": [ 4.6869, 2.3917, 10.4841 ],
			"to": [ 11.35242, 3.724803, 19.14927 ],
			"faces": {
				"down": { "uv": [ 8.125, 14.375, 9.375, 16 ], "texture": "#g4m1-tail" },
				"up": { "uv": [ 1.5, 1.625, 2.75, 0 ], "texture": "#g4m1-tail" },
				"north": { "uv": [ 7, 2.125, 5.75, 2.375 ], "texture": "#g4m1-tail" },
				"south": { "uv": [ 5.75, 2.625, 7, 2.875 ], "texture": "#g4m1-tail" },
				"west": { "uv": [ 12.125, 9, 13.75, 9.25 ], "texture": "#g4m1-tail" },
				"east": { "uv": [ 12.125, 9, 10.5, 9.25 ], "texture": "#g4m1-tail" }
			}
		},
		{
			"__comment": "Voxels",
			"from": [ 4.6869, 3.0583, 19.1493 ],
			"to": [ 12.01897, 3.724852, 19.81585 ],
			"faces": {
				"down": { "uv": [ 5.75, 1, 7.125, 1.125 ], "texture": "#g4m1-tail" },
				"up": { "uv": [ 5.75, 1, 7.125, 0.875 ], "texture": "#g4m1-tail" },
				"north": { "uv": [ 7.125, 0.75, 5.75, 0.875 ], "texture": "#g4m1-tail" },
				"south": { "uv": [ 5.75, 1.5, 7.125, 1.625 ], "texture": "#g4m1-tail" },
				"west": { "uv": [ 10.625, 8.25, 10.75, 8.375 ], "texture": "#g4m1-tail" },
				"east": { "uv": [ 8.625, 1.5, 8.5, 1.625 ], "texture": "#g4m1-tail" }
			}
		},
		{
			"__comment": "Voxels",
			"from": [ 4.6869, 3.0583, 19.8159 ],
			"to": [ 11.35242, 5.057955, 21.81555 ],
			"faces": {
				"down": { "uv": [ 5.75, 6.75, 7, 7.125 ], "texture": "#g4m1-tail" },
				"up": { "uv": [ 5.75, 6.75, 7, 6.375 ], "texture": "#g4m1-tail" },
				"north": { "uv": [ 7, 6, 5.75, 6.375 ], "texture": "#g4m1-tail" },
				"south": { "uv": [ 5.75, 5.625, 7, 6 ], "texture": "#g4m1-tail" },
				"west": { "uv": [ 5.375, 2.875, 5.75, 3.25 ], "texture": "#g4m1-tail" },
				"east": { "uv": [ 4.5, 5.75, 4.125, 6.125 ], "texture": "#g4m1-tail" }
			}
		},
		{
			"__comment": "Voxels",
			"from": [ 4.6869, 3.7248, 21.8155 ],
			"to": [ 11.35242, 7.057559, 22.48205 ],
			"faces": {
				"down": { "uv": [ 11.25, 9.75, 12.5, 9.875 ], "texture": "#g4m1-tail" },
				"up": { "uv": [ 12.5, 9.875, 13.75, 9.75 ], "texture": "#g4m1-tail" },
				"north": { "uv": [ 8.25, 9.75, 7, 10.375 ], "texture": "#g4m1-tail" },
				"south": { "uv": [ 5.75, 9.75, 7, 10.375 ], "texture": "#g4m1-tail" },
				"west": { "uv": [ 7.25, 2.375, 7.375, 3 ], "texture": "#g4m1-tail" },
				"east": { "uv": [ 7.5, 2.375, 7.375, 3 ], "texture": "#g4m1-tail" }
			}
		},
		{
			"__comment": "Voxels",
			"from": [ 4.6869, 3.7248, 22.4821 ],
			"to": [ 11.35242, 6.391006, 23.14865 ],
			"faces": {
				"down": { "uv": [ 5.75, 0.5, 7, 0.625 ], "texture": "#g4m1-tail" },
				"up": { "uv": [ 5.75, 0.5, 7, 0.375 ], "texture": "#g4m1-tail" },
				"north": { "uv": [ 13.75, 9.875, 12.5, 10.375 ], "texture": "#g4m1-tail" },
				"south": { "uv": [ 11.25, 9.875, 12.5, 10.375 ], "texture": "#g4m1-tail" },
				"west": { "uv": [ 7.875, 3.875, 8, 4.375 ], "texture": "#g4m1-tail" },
				"east": { "uv": [ 8.125, 3.875, 8, 4.375 ], "texture": "#g4m1-tail" }
			}
		},
		{
			"__comment": "Voxels",
			"from": [ 4.6869, 4.3914, 23.1486 ],
			"to": [ 11.35242, 5.724504, 23.81515 ],
			"faces": {
				"down": { "uv": [ 5.75, 0.25, 7, 0.375 ], "texture": "#g4m1-tail" },
				"up": { "uv": [ 5.75, 0.25, 7, 0.125 ], "texture": "#g4m1-tail" },
				"north": { "uv": [ 7, 1.625, 5.75, 1.875 ], "texture": "#g4m1-tail" },
				"south": { "uv": [ 5.75, 2.875, 7, 3.125 ], "texture": "#g4m1-tail" },
				"west": { "uv": [ 8.125, 3.25, 8.25, 3.5 ], "texture": "#g4m1-tail" },
				"east": { "uv": [ 8.25, 3, 8.125, 3.25 ], "texture": "#g4m1-tail" }
			}
		},
		{
			"__comment": "Voxels",
			"from": [ 4.6869, 5.0579, 20.4824 ],
			"to": [ 12.01897, 6.391004, 21.8155 ],
			"faces": {
				"down": { "uv": [ 5.75, 3.125, 7.125, 3.375 ], "texture": "#g4m1-tail" },
				"up": { "uv": [ 13.75, 10, 15.125, 9.75 ], "texture": "#g4m1-tail" },
				"north": { "uv": [ 15.125, 9, 13.75, 9.25 ], "texture": "#g4m1-tail" },
				"south": { "uv": [ 5.75, 4.875, 7.125, 5.125 ], "texture": "#g4m1-tail" },
				"west": { "uv": [ 5.5, 3.5, 5.75, 3.75 ], "texture": "#g4m1-tail" },
				"east": { "uv": [ 5.75, 3.25, 5.5, 3.5 ], "texture": "#g4m1-tail" }
			}
		},
		{
			"__comment": "Voxels",
			"from": [ 4.6869, 5.7245, 19.8159 ],
			"to": [ 12.01897, 7.057603, 20.48245 ],
			"faces": {
				"down": { "uv": [ 5.75, 1.25, 7.125, 1.375 ], "texture": "#g4m1-tail" },
				"up": { "uv": [ 5.75, 1.25, 7.125, 1.125 ], "texture": "#g4m1-tail" },
				"north": { "uv": [ 7.125, 4.625, 5.75, 4.875 ], "texture": "#g4m1-tail" },
				"south": { "uv": [ 5.75, 4.375, 7.125, 4.625 ], "texture": "#g4m1-tail" },
				"west": { "uv": [ 8.125, 2.75, 8.25, 3 ], "texture": "#g4m1-tail" },
				"east": { "uv": [ 8.25, 2.5, 8.125, 2.75 ], "texture": "#g4m1-tail" }
			}
		},
		{
			"__comment": "Voxels",
			"from": [ 4.6869, 6.391, -2.1803 ],
			"to": [ 12.01897, 7.724103, 18.48281 ],
			"faces": {
				"down": { "uv": [ 0, 3.875, 1.375, 7.75 ], "texture": "#g4m1-tail" },
				"up": { "uv": [ 0, 3.875, 1.375, 0 ], "texture": "#g4m1-tail" },
				"north": { "uv": [ 7.125, 4.125, 5.75, 4.375 ], "texture": "#g4m1-tail" },
				"south": { "uv": [ 5.75, 3.875, 7.125, 4.125 ], "texture": "#g4m1-tail" },
				"west": { "uv": [ 4, 14.75, 7.875, 15 ], "texture": "#g4m1-tail" },
				"east": { "uv": [ 7.875, 14.5, 4, 14.75 ], "texture": "#g4m1-tail" }
			}
		},
		{
			"__comment": "Voxels",
			"from": [ 4.6869, 6.391, 18.4828 ],
			"to": [ 12.01897, 7.057551, 19.8159 ],
			"faces": {
				"down": { "uv": [ 5.75, 3.625, 7.125, 3.875 ], "texture": "#g4m1-tail" },
				"up": { "uv": [ 5.75, 3.625, 7.125, 3.375 ], "texture": "#g4m1-tail" },
				"north": { "uv": [ 7.125, 0.625, 5.75, 0.75 ], "texture": "#g4m1-tail" },
				"south": { "uv": [ 5.75, 1.375, 7.125, 1.5 ], "texture": "#g4m1-tail" },
				"west": { "uv": [ 4.125, 7.875, 4.375, 8 ], "texture": "#g4m1-tail" },
				"east": { "uv": [ 14.125, 7.5, 13.875, 7.625 ], "texture": "#g4m1-tail" }
			}
		},
		{
			"__comment": "Voxels",
			"from": [ 4.6869, 6.391, 20.4824 ],
			"to": [ 11.35242, 7.057551, 21.8155 ],
			"faces": {
				"down": { "uv": [ 5.75, 1.875, 7, 2.125 ], "texture": "#g4m1-tail" },
				"up": { "uv": [ 5.75, 2.625, 7, 2.375 ], "texture": "#g4m1-tail" },
				"north": { "uv": [ 8.375, 8.875, 7.125, 9 ], "texture": "#g4m1-tail" },
				"south": { "uv": [ 5.75, 0, 7, 0.125 ], "texture": "#g4m1-tail" },
				"west": { "uv": [ 13.625, 7.625, 13.875, 7.75 ], "texture": "#g4m1-tail" },
				"east": { "uv": [ 13.625, 7.5, 13.375, 7.625 ], "texture": "#g4m1-tail" }
			}
		},
		{
			"__comment": "Voxels",
			"from": [ 4.6869, 7.0576, 18.4828 ],
			"to": [ 11.35242, 7.724152, 20.48245 ],
			"faces": {
				"down": { "uv": [ 5.75, 7.875, 7, 8.25 ], "texture": "#g4m1-tail" },
				"up": { "uv": [ 5.75, 7.875, 7, 7.5 ], "texture": "#g4m1-tail" },
				"north": { "uv": [ 15.875, 8.875, 14.625, 9 ], "texture": "#g4m1-tail" },
				"south": { "uv": [ 13.375, 8.875, 14.625, 9 ], "texture": "#g4m1-tail" },
				"west": { "uv": [ 9, 7.5, 9.375, 7.625 ], "texture": "#g4m1-tail" },
				"east": { "uv": [ 9.75, 7.625, 9.375, 7.75 ], "texture": "#g4m1-tail" }
			}
		},
		{
			"__comment": "Voxels",
			"from": [ 4.6869, 7.7241, -2.1803 ],
			"to": [ 11.35242, 8.390652, 13.81694 ],
			"faces": {
				"down": { "uv": [ 1.5, 13, 2.75, 16 ], "texture": "#g4m1-tail" },
				"up": { "uv": [ 1.5, 13, 2.75, 10 ], "texture": "#g4m1-tail" },
				"north": { "uv": [ 9.625, 8.875, 8.375, 9 ], "texture": "#g4m1-tail" },
				"south": { "uv": [ 12.125, 8.875, 13.375, 9 ], "texture": "#g4m1-tail" },
				"west": { "uv": [ 11.5, 11.5, 14.5, 11.625 ], "texture": "#g4m1-tail" },
				"east": { "uv": [ 14.375, 11.125, 11.375, 11.25 ], "texture": "#g4m1-tail" }
			}
		},
		{
			"__comment": "Voxels",
			"from": [ 5.3535, 1.0586, -2.1803 ],
			"to": [ 11.35246, 1.725152, 1.152459 ],
			"faces": {
				"down": { "uv": [ 4.625, 8.75, 5.75, 9.375 ], "texture": "#g4m1-tail" },
				"up": { "uv": [ 4.625, 10, 5.75, 9.375 ], "texture": "#g4m1-tail" },
				"north": { "uv": [ 16, 9.25, 14.875, 9.375 ], "texture": "#g4m1-tail" },
				"south": { "uv": [ 14.875, 9.375, 16, 9.5 ], "texture": "#g4m1-tail" },
				"west": { "uv": [ 4.75, 2.875, 5.375, 3 ], "texture": "#g4m1-tail" },
				"east": { "uv": [ 9.625, 7.875, 9, 8 ], "texture": "#g4m1-tail" }
			}
		},
		{
			"__comment": "Voxels",
			"from": [ 5.3535, 1.0586, 1.1524 ],
			"to": [ 10.68591, 1.725152, 11.15068 ],
			"faces": {
				"down": { "uv": [ 9.375, 14.125, 10.375, 16 ], "texture": "#g4m1-tail" },
				"up": { "uv": [ 10.375, 16, 11.375, 14.125 ], "texture": "#g4m1-tail" },
				"north": { "uv": [ 8.25, 8.5, 7.25, 8.625 ], "texture": "#g4m1-tail" },
				"south": { "uv": [ 8.25, 8.5, 9.25, 8.625 ], "texture": "#g4m1-tail" },
				"west": { "uv": [ 14, 11.875, 15.875, 12 ], "texture": "#g4m1-tail" },
				"east": { "uv": [ 15.875, 12, 14, 12.125 ], "texture": "#g4m1-tail" }
			}
		},
		{
			"__comment": "Voxels",
			"from": [ 5.3535, 1.7252, 10.4841 ],
			"to": [ 11.35246, 2.391752, 14.48341 ],
			"faces": {
				"down": { "uv": [ 8.125, 13.625, 9.25, 14.375 ], "texture": "#g4m1-tail" },
				"up": { "uv": [ 4.625, 10.75, 5.75, 10 ], "texture": "#g4m1-tail" },
				"north": { "uv": [ 14, 8.75, 12.875, 8.875 ], "texture": "#g4m1-tail" },
				"south": { "uv": [ 12.875, 8.625, 14, 8.75 ], "texture": "#g4m1-tail" },
				"west": { "uv": [ 7.5, 8, 8.25, 8.125 ], "texture": "#g4m1-tail" },
				"east": { "uv": [ 9, 8, 8.25, 8.125 ], "texture": "#g4m1-tail" }
			}
		},
		{
			"__comment": "Voxels",
			"from": [ 5.3535, 1.7252, 14.4834 ],
			"to": [ 10.68591, 2.391752, 19.14926 ],
			"faces": {
				"down": { "uv": [ 14.125, 14.25, 15.125, 15.125 ], "texture": "#g4m1-tail" },
				"up": { "uv": [ 14.125, 16, 15.125, 15.125 ], "texture": "#g4m1-tail" },
				"north": { "uv": [ 8.75, 8.25, 7.75, 8.375 ], "texture": "#g4m1-tail" },
				"south": { "uv": [ 13.25, 8.5, 14.25, 8.625 ], "texture": "#g4m1-tail" },
				"west": { "uv": [ 8.125, 8.125, 9, 8.25 ], "texture": "#g4m1-tail" },
				"east": { "uv": [ 15.125, 8.375, 14.25, 8.5 ], "texture": "#g4m1-tail" }
			}
		},
		{
			"__comment": "Voxels",
			"from": [ 5.3535, 2.3917, 19.1493 ],
			"to": [ 11.35246, 3.058252, 20.4824 ],
			"faces": {
				"down": { "uv": [ 4.625, 5.25, 5.75, 5.5 ], "texture": "#g4m1-tail" },
				"up": { "uv": [ 4.625, 5.25, 5.75, 5 ], "texture": "#g4m1-tail" },
				"north": { "uv": [ 8.375, 8.75, 7.25, 8.875 ], "texture": "#g4m1-tail" },
				"south": { "uv": [ 14.875, 11.75, 16, 11.875 ], "texture": "#g4m1-tail" },
				"west": { "uv": [ 13.375, 7.625, 13.625, 7.75 ], "texture": "#g4m1-tail" },
				"east": { "uv": [ 16, 8.125, 15.75, 8.25 ], "texture": "#g4m1-tail" }
			}
		},
		{
			"__comment": "Voxels",
			"from": [ 5.3535, 2.3917, 20.4824 ],
			"to": [ 10.68591, 3.058252, 21.8155 ],
			"faces": {
				"down": { "uv": [ 3.625, 4.25, 4.625, 4.5 ], "texture": "#g4m1-tail" },
				"up": { "uv": [ 3.625, 5.75, 4.625, 5.5 ], "texture": "#g4m1-tail" },
				"north": { "uv": [ 10.75, 8.375, 9.75, 8.5 ], "texture": "#g4m1-tail" },
				"south": { "uv": [ 14.125, 13.625, 15.125, 13.75 ], "texture": "#g4m1-tail" },
				"west": { "uv": [ 5.5, 0.625, 5.75, 0.75 ], "texture": "#g4m1-tail" },
				"east": { "uv": [ 4.625, 9.125, 4.375, 9.25 ], "texture": "#g4m1-tail" }
			}
		},
		{
			"__comment": "Voxels",
			"from": [ 5.3535, 3.0583, 21.8155 ],
			"to": [ 11.35246, 3.724852, 23.1486 ],
			"faces": {
				"down": { "uv": [ 4.625, 6.25, 5.75, 6.5 ], "texture": "#g4m1-tail" },
				"up": { "uv": [ 4.625, 6.25, 5.75, 6 ], "texture": "#g4m1-tail" },
				"north": { "uv": [ 8.375, 8.625, 7.25, 8.75 ], "texture": "#g4m1-tail" },
				"south": { "uv": [ 11.75, 8.75, 12.875, 8.875 ], "texture": "#g4m1-tail" },
				"west": { "uv": [ 4.125, 9.125, 4.375, 9.25 ], "texture": "#g4m1-tail" },
				"east": { "uv": [ 4.125, 9.125, 3.875, 9.25 ], "texture": "#g4m1-tail" }
			}
		},
		{
			"__comment": "Voxels",
			"from": [ 5.3535, 3.0583, 23.1486 ],
			"to": [ 10.68591, 4.391403, 25.81481 ],
			"faces": {
				"down": { "uv": [ 3.625, 10.5, 4.625, 11 ], "texture": "#g4m1-tail" },
				"up": { "uv": [ 10.375, 14.125, 11.375, 13.625 ], "texture": "#g4m1-tail" },
				"north": { "uv": [ 4.625, 5.25, 3.625, 5.5 ], "texture": "#g4m1-tail" },
				"south": { "uv": [ 3.625, 5, 4.625, 5.25 ], "texture": "#g4m1-tail" },
				"west": { "uv": [ 9.25, 8.25, 9.75, 8.5 ], "texture": "#g4m1-tail" },
				"east": { "uv": [ 15.625, 10.125, 15.125, 10.375 ], "texture": "#g4m1-tail" }
			}
		},
		{
			"__comment": "Voxels",
			"from": [ 5.3535, 3.0583, 25.8148 ],
			"to": [ 6.020051, 7.057611, 26.48135 ],
			"faces": {
				"down": { "uv": [ 8.5, 4.875, 8.625, 5 ], "texture": "#g4m1-tail" },
				"up": { "uv": [ 8.5, 5.125, 8.625, 5 ], "texture": "#g4m1-tail" },
				"north": { "uv": [ 7.25, 1.125, 7.125, 1.875 ], "texture": "#g4m1-tail" },
				"south": { "uv": [ 7.125, 1.875, 7.25, 2.625 ], "texture": "#g4m1-tail" },
				"west": { "uv": [ 7.125, 2.625, 7.25, 3.375 ], "texture": "#g4m1-tail" },
				"east": { "uv": [ 7.25, 3.375, 7.125, 4.125 ], "texture": "#g4m1-tail" }
			}
		},
		{
			"__comment": "Voxels",
			"from": [ 5.3535, 3.7248, 26.4814 ],
			"to": [ 6.020051, 6.391006, 27.14795 ],
			"faces": {
				"down": { "uv": [ 12.375, 7.375, 12.5, 7.5 ], "texture": "#g4m1-tail" },
				"up": { "uv": [ 12.25, 7.5, 12.375, 7.375 ], "texture": "#g4m1-tail" },
				"north": { "uv": [ 7.625, 3.875, 7.5, 4.375 ], "texture": "#g4m1-tail" },
				"south": { "uv": [ 7.625, 0.5, 7.75, 1 ], "texture": "#g4m1-tail" },
				"west": { "uv": [ 7.75, 0.5, 7.875, 1 ], "texture": "#g4m1-tail" },
				"east": { "uv": [ 8, 0.5, 7.875, 1 ], "texture": "#g4m1-tail" }
			}
		},
		{
			"__comment": "Voxels",
			"from": [ 5.3535, 4.3914, 23.8152 ],
			"to": [ 11.35246, 6.391055, 25.1483 ],
			"faces": {
				"down": { "uv": [ 4.625, 6.5, 5.75, 6.75 ], "texture": "#g4m1-tail" },
				"up": { "uv": [ 4.625, 7, 5.75, 6.75 ], "texture": "#g4m1-tail" },
				"north": { "uv": [ 5.75, 8.375, 4.625, 8.75 ], "texture": "#g4m1-tail" },
				"south": { "uv": [ 4.625, 7.625, 5.75, 8 ], "texture": "#g4m1-tail" },
				"west": { "uv": [ 7.25, 7.75, 7.5, 8.125 ], "texture": "#g4m1-tail" },
				"east": { "uv": [ 15.875, 9.75, 15.625, 10.125 ], "texture": "#g4m1-tail" }
			}
		},
		{
			"__comment": "Voxels",
			"from": [ 5.3535, 4.3914, 25.1483 ],
			"to": [ 10.68591, 7.057607, 25.81485 ],
			"faces": {
				"down": { "uv": [ 7.75, 8.375, 8.75, 8.5 ], "texture": "#g4m1-tail" },
				"up": { "uv": [ 14.25, 8.625, 15.25, 8.5 ], "texture": "#g4m1-tail" },
				"north": { "uv": [ 15.125, 13.75, 14.125, 14.25 ], "texture": "#g4m1-tail" },
				"south": { "uv": [ 9.375, 13.625, 10.375, 14.125 ], "texture": "#g4m1-tail" },
				"west": { "uv": [ 8, 0.5, 8.125, 1 ], "texture": "#g4m1-tail" },
				"east": { "uv": [ 8.25, 7.25, 8.125, 7.75 ], "texture": "#g4m1-tail" }
			}
		},
		{
			"__comment": "Voxels",
			"from": [ 5.3535, 5.7245, 23.1486 ],
			"to": [ 11.35246, 7.057603, 23.81515 ],
			"faces": {
				"down": { "uv": [ 8.375, 8.625, 9.5, 8.75 ], "texture": "#g4m1-tail" },
				"up": { "uv": [ 14.875, 12.375, 16, 12.25 ], "texture": "#g4m1-tail" },
				"north": { "uv": [ 5.75, 5.75, 4.625, 6 ], "texture": "#g4m1-tail" },
				"south": { "uv": [ 4.625, 7, 5.75, 7.25 ], "texture": "#g4m1-tail" },
				"west": { "uv": [ 4.5, 1.125, 4.625, 1.375 ], "texture": "#g4m1-tail" },
				"east": { "uv": [ 8.375, 0, 8.25, 0.25 ], "texture": "#g4m1-tail" }
			}
		},
		{
			"__comment": "Voxels",
			"from": [ 5.3535, 6.391, 22.4821 ],
			"to": [ 11.35246, 7.057551, 23.14865 ],
			"faces": {
				"down": { "uv": [ 14.875, 12.125, 16, 12.25 ], "texture": "#g4m1-tail" },
				"up": { "uv": [ 9.5, 8.875, 10.625, 8.75 ], "texture": "#g4m1-tail" },
				"north": { "uv": [ 11.75, 8.75, 10.625, 8.875 ], "texture": "#g4m1-tail" },
				"south": { "uv": [ 14, 8.75, 15.125, 8.875 ], "texture": "#g4m1-tail" },
				"west": { "uv": [ 8, 3.5, 8.125, 3.625 ], "texture": "#g4m1-tail" },
				"east": { "uv": [ 8.125, 3.625, 8, 3.75 ], "texture": "#g4m1-tail" }
			}
		},
		{
			"__comment": "Voxels",
			"from": [ 5.3535, 6.391, 23.8152 ],
			"to": [ 10.68591, 7.057551, 25.1483 ],
			"faces": {
				"down": { "uv": [ 3.625, 4.75, 4.625, 5 ], "texture": "#g4m1-tail" },
				"up": { "uv": [ 3.625, 4.75, 4.625, 4.5 ], "texture": "#g4m1-tail" },
				"north": { "uv": [ 13.25, 8.5, 12.25, 8.625 ], "texture": "#g4m1-tail" },
				"south": { "uv": [ 11.25, 8.5, 12.25, 8.625 ], "texture": "#g4m1-tail" },
				"west": { "uv": [ 8.25, 0.5, 8.5, 0.625 ], "texture": "#g4m1-tail" },
				"east": { "uv": [ 8.5, 0.625, 8.25, 0.75 ], "texture": "#g4m1-tail" }
			}
		},
		{
			"__comment": "Voxels",
			"from": [ 5.3535, 7.0576, 20.4824 ],
			"to": [ 11.35246, 7.724152, 22.48205 ],
			"faces": {
				"down": { "uv": [ 4.625, 8, 5.75, 8.375 ], "texture": "#g4m1-tail" },
				"up": { "uv": [ 4.625, 7.625, 5.75, 7.25 ], "texture": "#g4m1-tail" },
				"north": { "uv": [ 11.75, 8.625, 10.625, 8.75 ], "texture": "#g4m1-tail" },
				"south": { "uv": [ 9.5, 8.625, 10.625, 8.75 ], "texture": "#g4m1-tail" },
				"west": { "uv": [ 12, 7.75, 12.375, 7.875 ], "texture": "#g4m1-tail" },
				"east": { "uv": [ 10.125, 7.5, 9.75, 7.625 ], "texture": "#g4m1-tail" }
			}
		},
		{
			"__comment": "Voxels",
			"from": [ 5.3535, 7.0576, 22.4821 ],
			"to": [ 10.68591, 7.724152, 23.14865 ],
			"faces": {
				"down": { "uv": [ 3.625, 0, 4.625, 0.125 ], "texture": "#g4m1-tail" },
				"up": { "uv": [ 15, 10.75, 16, 10.625 ], "texture": "#g4m1-tail" },
				"north": { "uv": [ 16, 10.5, 15, 10.625 ], "texture": "#g4m1-tail" },
				"south": { "uv": [ 15, 10.375, 16, 10.5 ], "texture": "#g4m1-tail" },
				"west": { "uv": [ 8.5, 1.125, 8.625, 1.25 ], "texture": "#g4m1-tail" },
				"east": { "uv": [ 8.625, 1.25, 8.5, 1.375 ], "texture": "#g4m1-tail" }
			}
		},
		{
			"__comment": "Voxels",
			"from": [ 5.3535, 8.390699, -2.1803 ],
			"to": [ 11.35246, 9.057251, 13.81694 ],
			"faces": {
				"down": { "uv": [ 1.5, 7, 2.625, 10 ], "texture": "#g4m1-tail" },
				"up": { "uv": [ 1.5, 7, 2.625, 4 ], "texture": "#g4m1-tail" },
				"north": { "uv": [ 9.5, 8.75, 8.375, 8.875 ], "texture": "#g4m1-tail" },
				"south": { "uv": [ 14.875, 11.625, 16, 11.75 ], "texture": "#g4m1-tail" },
				"west": { "uv": [ 11.375, 11.25, 14.375, 11.375 ], "texture": "#g4m1-tail" },
				"east": { "uv": [ 14.5, 11.375, 11.5, 11.5 ], "texture": "#g4m1-tail" }
			}
		},
		{
			"__comment": "Voxels",
			"from": [ 5.3535, 8.390699, 13.8169 ],
			"to": [ 10.68591, 9.057251, 18.48276 ],
			"faces": {
				"down": { "uv": [ 3.625, 11, 4.625, 11.875 ], "texture": "#g4m1-tail" },
				"up": { "uv": [ 6.375, 14.5, 7.375, 13.625 ], "texture": "#g4m1-tail" },
				"north": { "uv": [ 16, 12.5, 15, 12.625 ], "texture": "#g4m1-tail" },
				"south": { "uv": [ 15, 12.375, 16, 12.5 ], "texture": "#g4m1-tail" },
				"west": { "uv": [ 9.75, 8.25, 10.625, 8.375 ], "texture": "#g4m1-tail" },
				"east": { "uv": [ 13.375, 8.375, 12.5, 8.5 ], "texture": "#g4m1-tail" }
			}
		},
		{
			"__comment": "Voxels",
			"from": [ 6.02, 0.3921, -2.1803 ],
			"to": [ 10.68586, 1.058652, 1.81901 ],
			"faces": {
				"down": { "uv": [ 15.125, 14.375, 16, 15.125 ], "texture": "#g4m1-tail" },
				"up": { "uv": [ 15.125, 14.375, 16, 13.625 ], "texture": "#g4m1-tail" },
				"north": { "uv": [ 12.5, 8.375, 11.625, 8.5 ], "texture": "#g4m1-tail" },
				"south": { "uv": [ 15.125, 15.125, 16, 15.25 ], "texture": "#g4m1-tail" },
				"west": { "uv": [ 7.5, 7.875, 8.25, 8 ], "texture": "#g4m1-tail" },
				"east": { "uv": [ 15.75, 8, 15, 8.125 ], "texture": "#g4m1-tail" }
			}
		},
		{
			"__comment": "Voxels",
			"from": [ 6.02, 0.3921, 1.819 ],
			"to": [ 10.01931, 1.058652, 10.48417 ],
			"faces": {
				"down": { "uv": [ 13.375, 14.375, 14.125, 16 ], "texture": "#g4m1-tail" },
				"up": { "uv": [ 12.625, 16, 13.375, 14.375 ], "texture": "#g4m1-tail" },
				"north": { "uv": [ 11.25, 8, 10.5, 8.125 ], "texture": "#g4m1-tail" },
				"south": { "uv": [ 13.5, 8.125, 14.25, 8.25 ], "texture": "#g4m1-tail" },
				"west": { "uv": [ 11.625, 9.25, 13.25, 9.375 ], "texture": "#g4m1-tail" },
				"east": { "uv": [ 14.875, 9.375, 13.25, 9.5 ], "texture": "#g4m1-tail" }
			}
		},
		{
			"__comment": "Voxels",
			"from": [ 6.02, 1.0586, 11.1507 ],
			"to": [ 10.68586, 1.725152, 15.15001 ],
			"faces": {
				"down": { "uv": [ 15.125, 15.25, 16, 16 ], "texture": "#g4m1-tail" },
				"up": { "uv": [ 2.75, 7.875, 3.625, 7.125 ], "texture": "#g4m1-tail" },
				"north": { "uv": [ 16, 8.625, 15.125, 8.75 ], "texture": "#g4m1-tail" },
				"south": { "uv": [ 15.125, 8.75, 16, 8.875 ], "texture": "#g4m1-tail" },
				"west": { "uv": [ 11.25, 8, 12, 8.125 ], "texture": "#g4m1-tail" },
				"east": { "uv": [ 13.5, 8, 12.75, 8.125 ], "texture": "#g4m1-tail" }
			}
		},
		{
			"__comment": "Voxels",
			"from": [ 6.02, 1.0586, 15.15 ],
			"to": [ 10.01931, 1.725152, 16.4831 ],
			"faces": {
				"down": { "uv": [ 4.75, 3.25, 5.5, 3.5 ], "texture": "#g4m1-tail" },
				"up": { "uv": [ 4.75, 3.75, 5.5, 3.5 ], "texture": "#g4m1-tail" },
				"north": { "uv": [ 12, 8.125, 11.25, 8.25 ], "texture": "#g4m1-tail" },
				"south": { "uv": [ 12, 8.125, 12.75, 8.25 ], "texture": "#g4m1-tail" },
				"west": { "uv": [ 8.25, 0.75, 8.5, 0.875 ], "texture": "#g4m1-tail" },
				"east": { "uv": [ 8.5, 0.875, 8.25, 1 ], "texture": "#g4m1-tail" }
			}
		},
		{
			"__comment": "Voxels",
			"from": [ 6.02, 1.7252, 19.1493 ],
			"to": [ 10.68586, 2.391752, 20.4824 ],
			"faces": {
				"down": { "uv": [ 3.625, 0.375, 4.5, 0.625 ], "texture": "#g4m1-tail" },
				"up": { "uv": [ 3.625, 0.875, 4.5, 0.625 ], "texture": "#g4m1-tail" },
				"north": { "uv": [ 13.375, 8.25, 12.5, 8.375 ], "texture": "#g4m1-tail" },
				"south": { "uv": [ 11.625, 8.25, 12.5, 8.375 ], "texture": "#g4m1-tail" },
				"west": { "uv": [ 8.25, 2.625, 8.5, 2.75 ], "texture": "#g4m1-tail" },
				"east": { "uv": [ 8.5, 2.75, 8.25, 2.875 ], "texture": "#g4m1-tail" }
			}
		},
		{
			"__comment": "Voxels",
			"from": [ 6.02, 1.7252, 20.4824 ],
			"to": [ 10.01931, 2.391752, 21.14895 ],
			"faces": {
				"down": { "uv": [ 12.625, 13.625, 13.375, 13.75 ], "texture": "#g4m1-tail" },
				"up": { "uv": [ 15.25, 8.625, 16, 8.5 ], "texture": "#g4m1-tail" },
				"north": { "uv": [ 10.5, 8.125, 9.75, 8.25 ], "texture": "#g4m1-tail" },
				"south": { "uv": [ 10.5, 8.125, 11.25, 8.25 ], "texture": "#g4m1-tail" },
				"west": { "uv": [ 13.625, 7.375, 13.75, 7.5 ], "texture": "#g4m1-tail" },
				"east": { "uv": [ 14.625, 7.375, 14.5, 7.5 ], "texture": "#g4m1-tail" }
			}
		},
		{
			"__comment": "Voxels",
			"from": [ 6.02, 2.3917, 21.8155 ],
			"to": [ 10.68586, 3.058252, 23.1486 ],
			"faces": {
				"down": { "uv": [ 3.625, 0.875, 4.5, 1.125 ], "texture": "#g4m1-tail" },
				"up": { "uv": [ 2.75, 0.25, 3.625, 0 ], "texture": "#g4m1-tail" },
				"north": { "uv": [ 16, 8.25, 15.125, 8.375 ], "texture": "#g4m1-tail" },
				"south": { "uv": [ 7.25, 8.125, 8.125, 8.25 ], "texture": "#g4m1-tail" },
				"west": { "uv": [ 8.25, 3.375, 8.5, 3.5 ], "texture": "#g4m1-tail" },
				"east": { "uv": [ 8.5, 3.5, 8.25, 3.625 ], "texture": "#g4m1-tail" }
			}
		},
		{
			"__comment": "Voxels",
			"from": [ 6.02, 2.3917, 23.1486 ],
			"to": [ 10.01931, 3.058252, 26.48136 ],
			"faces": {
				"down": { "uv": [ 7.375, 13.875, 8.125, 14.5 ], "texture": "#g4m1-tail" },
				"up": { "uv": [ 12.625, 14.375, 13.375, 13.75 ], "texture": "#g4m1-tail" },
				"north": { "uv": [ 15, 8.125, 14.25, 8.25 ], "texture": "#g4m1-tail" },
				"south": { "uv": [ 15, 8.125, 15.75, 8.25 ], "texture": "#g4m1-tail" },
				"west": { "uv": [ 14, 7.875, 14.625, 8 ], "texture": "#g4m1-tail" },
				"east": { "uv": [ 10.25, 7.875, 9.625, 8 ], "texture": "#g4m1-tail" }
			}
		},
		{
			"__comment": "Voxels",
			"from": [ 6.02, 3.0583, 26.4814 ],
			"to": [ 6.686552, 3.724852, 27.14795 ],
			"faces": {
				"down": { "uv": [ 10.75, 7.25, 10.875, 7.375 ], "texture": "#g4m1-tail" },
				"up": { "uv": [ 8.75, 7.375, 8.875, 7.25 ], "texture": "#g4m1-tail" },
				"north": { "uv": [ 9, 7.25, 8.875, 7.375 ], "texture": "#g4m1-tail" },
				"south": { "uv": [ 9.75, 7.375, 9.875, 7.5 ], "texture": "#g4m1-tail" },
				"west": { "uv": [ 9.875, 7.375, 10, 7.5 ], "texture": "#g4m1-tail" },
				"east": { "uv": [ 10.125, 7.375, 10, 7.5 ], "texture": "#g4m1-tail" }
			}
		},
		{
			"__comment": "Voxels",
			"from": [ 6.02, 3.7248, 27.1479 ],
			"to": [ 6.686552, 6.391006, 27.81445 ],
			"faces": {
				"down": { "uv": [ 10.125, 7.375, 10.25, 7.5 ], "texture": "#g4m1-tail" },
				"up": { "uv": [ 12, 7.5, 12.125, 7.375 ], "texture": "#g4m1-tail" },
				"north": { "uv": [ 7.625, 0.5, 7.5, 1 ], "texture": "#g4m1-tail" },
				"south": { "uv": [ 7.5, 2.375, 7.625, 2.875 ], "texture": "#g4m1-tail" },
				"west": { "uv": [ 7.75, 3.875, 7.875, 4.375 ], "texture": "#g4m1-tail" },
				"east": { "uv": [ 7.75, 3.875, 7.625, 4.375 ], "texture": "#g4m1-tail" }
			}
		},
		{
			"__comment": "Voxels",
			"from": [ 6.02, 6.391, 26.4814 ],
			"to": [ 6.686552, 7.057551, 27.14795 ],
			"faces": {
				"down": { "uv": [ 12.125, 7.375, 12.25, 7.5 ], "texture": "#g4m1-tail" },
				"up": { "uv": [ 15, 7.5, 15.125, 7.375 ], "texture": "#g4m1-tail" },
				"north": { "uv": [ 15.25, 7.375, 15.125, 7.5 ], "texture": "#g4m1-tail" },
				"south": { "uv": [ 15.25, 7.375, 15.375, 7.5 ], "texture": "#g4m1-tail" },
				"west": { "uv": [ 15.375, 7.375, 15.5, 7.5 ], "texture": "#g4m1-tail" },
				"east": { "uv": [ 8.625, 5.5, 8.5, 5.625 ], "texture": "#g4m1-tail" }
			}
		},
		{
			"__comment": "Voxels",
			"from": [ 6.02, 7.0576, 23.1486 ],
			"to": [ 10.68586, 7.724152, 24.4817 ],
			"faces": {
				"down": { "uv": [ 4.75, 4.5, 5.625, 4.75 ], "texture": "#g4m1-tail" },
				"up": { "uv": [ 3.625, 0.375, 4.5, 0.125 ], "texture": "#g4m1-tail" },
				"north": { "uv": [ 11.625, 8.375, 10.75, 8.5 ], "texture": "#g4m1-tail" },
				"south": { "uv": [ 10.75, 8.25, 11.625, 8.375 ], "texture": "#g4m1-tail" },
				"west": { "uv": [ 8.25, 4.375, 8.5, 4.5 ], "texture": "#g4m1-tail" },
				"east": { "uv": [ 8.5, 4.5, 8.25, 4.625 ], "texture": "#g4m1-tail" }
			}
		},
		{
			"__comment": "Voxels",
			"from": [ 6.02, 7.0576, 24.4817 ],
			"to": [ 10.01931, 7.724152, 26.48135 ],
			"faces": {
				"down": { "uv": [ 3.875, 7.125, 4.625, 7.5 ], "texture": "#g4m1-tail" },
				"up": { "uv": [ 3.875, 7.875, 4.625, 7.5 ], "texture": "#g4m1-tail" },
				"north": { "uv": [ 13.5, 8.125, 12.75, 8.25 ], "texture": "#g4m1-tail" },
				"south": { "uv": [ 8.25, 7.875, 9, 8 ], "texture": "#g4m1-tail" },
				"west": { "uv": [ 11.625, 7.75, 12, 7.875 ], "texture": "#g4m1-tail" },
				"east": { "uv": [ 11.625, 7.75, 11.25, 7.875 ], "texture": "#g4m1-tail" }
			}
		},
		{
			"__comment": "Voxels",
			"from": [ 6.02, 8.390699, 18.4828 ],
			"to": [ 10.68586, 9.057251, 19.8159 ],
			"faces": {
				"down": { "uv": [ 3.625, 1.125, 4.5, 1.375 ], "texture": "#g4m1-tail" },
				"up": { "uv": [ 4.75, 4.5, 5.625, 4.25 ], "texture": "#g4m1-tail" },
				"north": { "uv": [ 14.25, 8.375, 13.375, 8.5 ], "texture": "#g4m1-tail" },
				"south": { "uv": [ 13.375, 8.25, 14.25, 8.375 ], "texture": "#g4m1-tail" },
				"west": { "uv": [ 8.25, 5.375, 8.5, 5.5 ], "texture": "#g4m1-tail" },
				"east": { "uv": [ 8.5, 2.25, 8.25, 2.375 ], "texture": "#g4m1-tail" }
			}
		},
		{
			"__comment": "Voxels",
			"from": [ 6.02, 8.390699, 19.8159 ],
			"to": [ 10.01931, 9.057251, 21.149 ],
			"faces": {
				"down": { "uv": [ 7.375, 13.625, 8.125, 13.875 ], "texture": "#g4m1-tail" },
				"up": { "uv": [ 13.375, 13.875, 14.125, 13.625 ], "texture": "#g4m1-tail" },
				"north": { "uv": [ 9.75, 8, 9, 8.125 ], "texture": "#g4m1-tail" },
				"south": { "uv": [ 9.75, 8, 10.5, 8.125 ], "texture": "#g4m1-tail" },
				"west": { "uv": [ 8.25, 5.75, 8.5, 5.875 ], "texture": "#g4m1-tail" },
				"east": { "uv": [ 8.5, 5.875, 8.25, 6 ], "texture": "#g4m1-tail" }
			}
		},
		{
			"__comment": "Voxels",
			"from": [ 6.02, 9.057199, -2.1803 ],
			"to": [ 10.68586, 9.723751, 13.15039 ],
			"faces": {
				"down": { "uv": [ 2.75, 7.875, 3.625, 10.75 ], "texture": "#g4m1-tail" },
				"up": { "uv": [ 2.75, 13.625, 3.625, 10.75 ], "texture": "#g4m1-tail" },
				"north": { "uv": [ 15.125, 8.25, 14.25, 8.375 ], "texture": "#g4m1-tail" },
				"south": { "uv": [ 15.125, 8.375, 16, 8.5 ], "texture": "#g4m1-tail" },
				"west": { "uv": [ 11.375, 10.875, 14.25, 11 ], "texture": "#g4m1-tail" },
				"east": { "uv": [ 14.25, 11, 11.375, 11.125 ], "texture": "#g4m1-tail" }
			}
		},
		{
			"__comment": "Voxels",
			"from": [ 6.02, 9.057199, 13.1503 ],
			"to": [ 10.01931, 9.723751, 15.81651 ],
			"faces": {
				"down": { "uv": [ 2.75, 0.25, 3.5, 0.75 ], "texture": "#g4m1-tail" },
				"up": { "uv": [ 13.375, 14.375, 14.125, 13.875 ], "texture": "#g4m1-tail" },
				"north": { "uv": [ 14.25, 8, 13.5, 8.125 ], "texture": "#g4m1-tail" },
				"south": { "uv": [ 14.25, 8, 15, 8.125 ], "texture": "#g4m1-tail" },
				"west": { "uv": [ 7.5, 0.125, 8, 0.25 ], "texture": "#g4m1-tail" },
				"east": { "uv": [ 8, 0.25, 7.5, 0.375 ], "texture": "#g4m1-tail" }
			}
		},
		{
			"__comment": "Voxels",
			"from": [ 6.6866, 0.3921, 10.4841 ],
			"to": [ 10.01936, 1.058652, 11.8172 ],
			"faces": {
				"down": { "uv": [ 4.75, 3, 5.375, 3.25 ], "texture": "#g4m1-tail" },
				"up": { "uv": [ 5.125, 4, 5.75, 3.75 ], "texture": "#g4m1-tail" },
				"north": { "uv": [ 10.875, 7.875, 10.25, 8 ], "texture": "#g4m1-tail" },
				"south": { "uv": [ 10.875, 7.875, 11.5, 8 ], "texture": "#g4m1-tail" },
				"west": { "uv": [ 8.25, 6, 8.5, 6.125 ], "texture": "#g4m1-tail" },
				"east": { "uv": [ 8.5, 6.125, 8.25, 6.25 ], "texture": "#g4m1-tail" }
			}
		},
		{
			"__comment": "Voxels",
			"from": [ 6.6866, 0.3921, 11.8172 ],
			"to": [ 9.352806, 1.058652, 13.1503 ],
			"faces": {
				"down": { "uv": [ 8.75, 8.25, 9.25, 8.5 ], "texture": "#g4m1-tail" },
				"up": { "uv": [ 15.125, 10.125, 15.625, 9.875 ], "texture": "#g4m1-tail" },
				"north": { "uv": [ 8, 2, 7.5, 2.125 ], "texture": "#g4m1-tail" },
				"south": { "uv": [ 7.5, 2.125, 8, 2.25 ], "texture": "#g4m1-tail" },
				"west": { "uv": [ 8.25, 6.25, 8.5, 6.375 ], "texture": "#g4m1-tail" },
				"east": { "uv": [ 8.5, 6.375, 8.25, 6.5 ], "texture": "#g4m1-tail" }
			}
		},
		{
			"__comment": "Voxels",
			"from": [ 6.6866, 1.0586, 16.4831 ],
			"to": [ 10.01936, 1.725152, 18.48275 ],
			"faces": {
				"down": { "uv": [ 3.625, 3.875, 4.25, 4.25 ], "texture": "#g4m1-tail" },
				"up": { "uv": [ 3.875, 7.125, 4.5, 6.75 ], "texture": "#g4m1-tail" },
				"north": { "uv": [ 12.125, 7.875, 11.5, 8 ], "texture": "#g4m1-tail" },
				"south": { "uv": [ 12.125, 7.875, 12.75, 8 ], "texture": "#g4m1-tail" },
				"west": { "uv": [ 9.375, 7.5, 9.75, 7.625 ], "texture": "#g4m1-tail" },
				"east": { "uv": [ 14.625, 7.75, 14.25, 7.875 ], "texture": "#g4m1-tail" }
			}
		},
		{
			"__comment": "Voxels",
			"from": [ 6.6866, 1.0586, 18.4828 ],
			"to": [ 9.352806, 1.725152, 19.14935 ],
			"faces": {
				"down": { "uv": [ 7.5, 3.125, 8, 3.25 ], "texture": "#g4m1-tail" },
				"up": { "uv": [ 7.5, 3.375, 8, 3.25 ], "texture": "#g4m1-tail" },
				"north": { "uv": [ 8, 3.375, 7.5, 3.5 ], "texture": "#g4m1-tail" },
				"south": { "uv": [ 7.5, 3.5, 8, 3.625 ], "texture": "#g4m1-tail" },
				"west": { "uv": [ 8.5, 4.625, 8.625, 4.75 ], "texture": "#g4m1-tail" },
				"east": { "uv": [ 8.625, 4.25, 8.5, 4.375 ], "texture": "#g4m1-tail" }
			}
		},
		{
			"__comment": "Voxels",
			"from": [ 6.6866, 1.7252, 21.149 ],
			"to": [ 10.01936, 2.391752, 22.4821 ],
			"faces": {
				"down": { "uv": [ 4, 3.25, 4.625, 3.5 ], "texture": "#g4m1-tail" },
				"up": { "uv": [ 5.125, 4.25, 5.75, 4 ], "texture": "#g4m1-tail" },
				"north": { "uv": [ 13.375, 7.875, 12.75, 8 ], "texture": "#g4m1-tail" },
				"south": { "uv": [ 13.375, 7.875, 14, 8 ], "texture": "#g4m1-tail" },
				"west": { "uv": [ 8.25, 6.75, 8.5, 6.875 ], "texture": "#g4m1-tail" },
				"east": { "uv": [ 8.5, 6.875, 8.25, 7 ], "texture": "#g4m1-tail" }
			}
		},
		{
			"__comment": "Voxels",
			"from": [ 6.6866, 1.7252, 22.4821 ],
			"to": [ 9.352806, 2.391752, 23.14865 ],
			"faces": {
				"down": { "uv": [ 7.5, 4.5, 8, 4.625 ], "texture": "#g4m1-tail" },
				"up": { "uv": [ 7.5, 4.75, 8, 4.625 ], "texture": "#g4m1-tail" },
				"north": { "uv": [ 8, 4.75, 7.5, 4.875 ], "texture": "#g4m1-tail" },
				"south": { "uv": [ 7.5, 4.875, 8, 5 ], "texture": "#g4m1-tail" },
				"west": { "uv": [ 8.5, 4.125, 8.625, 4.25 ], "texture": "#g4m1-tail" },
				"east": { "uv": [ 8.625, 3, 8.5, 3.125 ], "texture": "#g4m1-tail" }
			}
		},
		{
			"__comment": "Voxels",
			"from": [ 6.6866, 2.3917, 26.4814 ],
			"to": [ 9.352806, 3.058252, 27.14795 ],
			"faces": {
				"down": { "uv": [ 7.5, 5.25, 8, 5.375 ], "texture": "#g4m1-tail" },
				"up": { "uv": [ 7.5, 5.5, 8, 5.375 ], "texture": "#g4m1-tail" },
				"north": { "uv": [ 8, 5.75, 7.5, 5.875 ], "texture": "#g4m1-tail" },
				"south": { "uv": [ 9.125, 7.75, 9.625, 7.875 ], "texture": "#g4m1-tail" },
				"west": { "uv": [ 8.5, 2.875, 8.625, 3 ], "texture": "#g4m1-tail" },
				"east": { "uv": [ 8.125, 5.25, 8, 5.375 ], "texture": "#g4m1-tail" }
			}
		},
		{
			"__comment": "Voxels",
			"from": [ 6.6866, 3.0583, 27.1479 ],
			"to": [ 9.352806, 3.724852, 27.81445 ],
			"faces": {
				"down": { "uv": [ 8.625, 7.75, 9.125, 7.875 ], "texture": "#g4m1-tail" },
				"up": { "uv": [ 8.125, 7.875, 8.625, 7.75 ], "texture": "#g4m1-tail" },
				"north": { "uv": [ 8, 0, 7.5, 0.125 ], "texture": "#g4m1-tail" },
				"south": { "uv": [ 7.5, 0.375, 8, 0.5 ], "texture": "#g4m1-tail" },
				"west": { "uv": [ 8, 5.625, 8.125, 5.75 ], "texture": "#g4m1-tail" },
				"east": { "uv": [ 8.125, 5.75, 8, 5.875 ], "texture": "#g4m1-tail" }
			}
		},
		{
			"__comment": "Voxels",
			"from": [ 6.6866, 6.391, 27.1479 ],
			"to": [ 9.352806, 7.057551, 27.81445 ],
			"faces": {
				"down": { "uv": [ 7.625, 2.75, 8.125, 2.875 ], "texture": "#g4m1-tail" },
				"up": { "uv": [ 7.5, 6.125, 8, 6 ], "texture": "#g4m1-tail" },
				"north": { "uv": [ 15.625, 9.75, 15.125, 9.875 ], "texture": "#g4m1-tail" },
				"south": { "uv": [ 7.5, 1.25, 8, 1.375 ], "texture": "#g4m1-tail" },
				"west": { "uv": [ 8, 5.875, 8.125, 6 ], "texture": "#g4m1-tail" },
				"east": { "uv": [ 8.125, 6, 8, 6.125 ], "texture": "#g4m1-tail" }
			}
		},
		{
			"__comment": "Voxels",
			"from": [ 6.6866, 7.0576, 26.4814 ],
			"to": [ 9.352806, 7.724152, 27.14795 ],
			"faces": {
				"down": { "uv": [ 7.5, 1.875, 8, 2 ], "texture": "#g4m1-tail" },
				"up": { "uv": [ 7.5, 3.75, 8, 3.625 ], "texture": "#g4m1-tail" },
				"north": { "uv": [ 10.125, 7.75, 9.625, 7.875 ], "texture": "#g4m1-tail" },
				"south": { "uv": [ 7.5, 5.875, 8, 6 ], "texture": "#g4m1-tail" },
				"west": { "uv": [ 9.125, 7.25, 9.25, 7.375 ], "texture": "#g4m1-tail" },
				"east": { "uv": [ 8.625, 5.125, 8.5, 5.25 ], "texture": "#g4m1-tail" }
			}
		},
		{
			"__comment": "Voxels",
			"from": [ 6.6866, 7.7241, 23.8152 ],
			"to": [ 10.01936, 8.390652, 24.48175 ],
			"faces": {
				"down": { "uv": [ 14.625, 7.875, 15.25, 8 ], "texture": "#g4m1-tail" },
				"up": { "uv": [ 15.25, 8, 15.875, 7.875 ], "texture": "#g4m1-tail" },
				"north": { "uv": [ 8.125, 7.75, 7.5, 7.875 ], "texture": "#g4m1-tail" },
				"south": { "uv": [ 7.5, 7.625, 8.125, 7.75 ], "texture": "#g4m1-tail" },
				"west": { "uv": [ 9.5, 7.25, 9.625, 7.375 ], "texture": "#g4m1-tail" },
				"east": { "uv": [ 10, 7.25, 9.875, 7.375 ], "texture": "#g4m1-tail" }
			}
		},
		{
			"__comment": "Voxels",
			"from": [ 6.6866, 7.7241, 24.4817 ],
			"to": [ 9.352806, 8.390652, 25.14825 ],
			"faces": {
				"down": { "uv": [ 7.5, 3.75, 8, 3.875 ], "texture": "#g4m1-tail" },
				"up": { "uv": [ 7.5, 5.25, 8, 5.125 ], "texture": "#g4m1-tail" },
				"north": { "uv": [ 8, 1.5, 7.5, 1.625 ], "texture": "#g4m1-tail" },
				"south": { "uv": [ 7.5, 1.375, 8, 1.5 ], "texture": "#g4m1-tail" },
				"west": { "uv": [ 8, 5.5, 8.125, 5.625 ], "texture": "#g4m1-tail" },
				"east": { "uv": [ 8.125, 5.375, 8, 5.5 ], "texture": "#g4m1-tail" }
			}
		},
		{
			"__comment": "Voxels",
			"from": [ 6.6866, 8.390699, 21.149 ],
			"to": [ 10.01936, 9.057251, 21.81555 ],
			"faces": {
				"down": { "uv": [ 7.5, 7.5, 8.125, 7.625 ], "texture": "#g4m1-tail" },
				"up": { "uv": [ 7.5, 7.5, 8.125, 7.375 ], "texture": "#g4m1-tail" },
				"north": { "uv": [ 8.125, 7.25, 7.5, 7.375 ], "texture": "#g4m1-tail" },
				"south": { "uv": [ 7.5, 7.125, 8.125, 7.25 ], "texture": "#g4m1-tail" },
				"west": { "uv": [ 10.25, 7.25, 10.375, 7.375 ], "texture": "#g4m1-tail" },
				"east": { "uv": [ 10.5, 7.25, 10.375, 7.375 ], "texture": "#g4m1-tail" }
			}
		},
		{
			"__comment": "Voxels",
			"from": [ 6.6866, 9.057199, 15.8166 ],
			"to": [ 10.01936, 9.723751, 17.81626 ],
			"faces": {
				"down": { "uv": [ 4, 3.5, 4.625, 3.875 ], "texture": "#g4m1-tail" },
				"up": { "uv": [ 4, 3.25, 4.625, 2.875 ], "texture": "#g4m1-tail" },
				"north": { "uv": [ 8.125, 7, 7.5, 7.125 ], "texture": "#g4m1-tail" },
				"south": { "uv": [ 7.5, 6.875, 8.125, 7 ], "texture": "#g4m1-tail" },
				"west": { "uv": [ 9.75, 7.625, 10.125, 7.75 ], "texture": "#g4m1-tail" },
				"east": { "uv": [ 10.5, 7.625, 10.125, 7.75 ], "texture": "#g4m1-tail" }
			}
		},
		{
			"__comment": "Voxels",
			"from": [ 6.6866, 9.057199, 17.8162 ],
			"to": [ 9.352806, 9.723751, 18.48275 ],
			"faces": {
				"down": { "uv": [ 7.625, 2.625, 8.125, 2.75 ], "texture": "#g4m1-tail" },
				"up": { "uv": [ 7.625, 2.625, 8.125, 2.5 ], "texture": "#g4m1-tail" },
				"north": { "uv": [ 8.125, 2.375, 7.625, 2.5 ], "texture": "#g4m1-tail" },
				"south": { "uv": [ 7.5, 2.25, 8, 2.375 ], "texture": "#g4m1-tail" },
				"west": { "uv": [ 7.375, 4, 7.5, 4.125 ], "texture": "#g4m1-tail" },
				"east": { "uv": [ 16, 7.875, 15.875, 8 ], "texture": "#g4m1-tail" }
			}
		},
		{
			"__comment": "Voxels",
			"from": [ 6.6866, 9.7238, -2.1803 ],
			"to": [ 10.01936, 10.39035, 9.817631 ],
			"faces": {
				"down": { "uv": [ 11.375, 13.75, 12, 16 ], "texture": "#g4m1-tail" },
				"up": { "uv": [ 12, 16, 12.625, 13.75 ], "texture": "#g4m1-tail" },
				"north": { "uv": [ 8.125, 6.75, 7.5, 6.875 ], "texture": "#g4m1-tail" },
				"south": { "uv": [ 7.5, 6.625, 8.125, 6.75 ], "texture": "#g4m1-tail" },
				"west": { "uv": [ 11.625, 9.625, 13.875, 9.75 ], "texture": "#g4m1-tail" },
				"east": { "uv": [ 6.25, 13.625, 4, 13.75 ], "texture": "#g4m1-tail" }
			}
		},
		{
			"__comment": "Voxels",
			"from": [ 6.6866, 9.7238, 9.817599 ],
			"to": [ 9.352806, 10.39035, 11.1507 ],
			"faces": {
				"down": { "uv": [ 15.125, 9, 15.625, 9.25 ], "texture": "#g4m1-tail" },
				"up": { "uv": [ 7.25, 8.5, 7.75, 8.25 ], "texture": "#g4m1-tail" },
				"north": { "uv": [ 8, 5.625, 7.5, 5.75 ], "texture": "#g4m1-tail" },
				"south": { "uv": [ 7.5, 5.5, 8, 5.625 ], "texture": "#g4m1-tail" },
				"west": { "uv": [ 15.75, 8, 16, 8.125 ], "texture": "#g4m1-tail" },
				"east": { "uv": [ 16, 7.75, 15.75, 7.875 ], "texture": "#g4m1-tail" }
			}
		},
		{
			"__comment": "Voxels",
			"from": [ 7.3531, -0.941, 7.1514 ],
			"to": [ 9.352755, -0.2744483, 8.484503 ],
			"faces": {
				"down": { "uv": [ 5, 0, 5.375, 0.25 ], "texture": "#g4m1-tail" },
				"up": { "uv": [ 5.375, 0.25, 5.75, 0 ], "texture": "#g4m1-tail" },
				"north": { "uv": [ 10.5, 7.5, 10.125, 7.625 ], "texture": "#g4m1-tail" },
				"south": { "uv": [ 11.25, 7.5, 11.625, 7.625 ], "texture": "#g4m1-tail" },
				"west": { "uv": [ 13.125, 7.625, 13.375, 7.75 ], "texture": "#g4m1-tail" },
				"east": { "uv": [ 13.375, 7.5, 13.125, 7.625 ], "texture": "#g4m1-tail" }
			}
		},
		{
			"__comment": "Voxels",
			"from": [ 7.3531, -0.2745, -2.1803 ],
			"to": [ 9.352755, 0.3920517, 1.152459 ],
			"faces": {
				"down": { "uv": [ 3.625, 3.25, 4, 3.875 ], "texture": "#g4m1-tail" },
				"up": { "uv": [ 4.125, 6.75, 4.5, 6.125 ], "texture": "#g4m1-tail" },
				"north": { "uv": [ 13.875, 7.75, 13.5, 7.875 ], "texture": "#g4m1-tail" },
				"south": { "uv": [ 13.875, 7.75, 14.25, 7.875 ], "texture": "#g4m1-tail" },
				"west": { "uv": [ 7.5, 6.5, 8.125, 6.625 ], "texture": "#g4m1-tail" },
				"east": { "uv": [ 8.125, 6.375, 7.5, 6.5 ], "texture": "#g4m1-tail" }
			}
		},
		{
			"__comment": "Voxels",
			"from": [ 7.3531, -0.2745, 1.1524 ],
			"to": [ 8.686203, 0.3920517, 7.151365 ],
			"faces": {
				"down": { "uv": [ 3.875, 8, 4.125, 9.125 ], "texture": "#g4m1-tail" },
				"up": { "uv": [ 3.625, 7.875, 3.875, 6.75 ], "texture": "#g4m1-tail" },
				"north": { "uv": [ 13.875, 7.5, 13.625, 7.625 ], "texture": "#g4m1-tail" },
				"south": { "uv": [ 13.875, 7.625, 14.125, 7.75 ], "texture": "#g4m1-tail" },
				"west": { "uv": [ 11.75, 8.625, 12.875, 8.75 ], "texture": "#g4m1-tail" },
				"east": { "uv": [ 15.125, 8.625, 14, 8.75 ], "texture": "#g4m1-tail" }
			}
		},
		{
			"__comment": "Voxels",
			"from": [ 7.3531, 0.3921, 13.1503 ],
			"to": [ 9.352755, 1.058652, 13.81685 ],
			"faces": {
				"down": { "uv": [ 12, 7.5, 12.375, 7.625 ], "texture": "#g4m1-tail" },
				"up": { "uv": [ 12.75, 7.75, 13.125, 7.625 ], "texture": "#g4m1-tail" },
				"north": { "uv": [ 3.625, 0.75, 3.25, 0.875 ], "texture": "#g4m1-tail" },
				"south": { "uv": [ 10.125, 7.75, 10.5, 7.875 ], "texture": "#g4m1-tail" },
				"west": { "uv": [ 8, 5.125, 8.125, 5.25 ], "texture": "#g4m1-tail" },
				"east": { "uv": [ 8.125, 5, 8, 5.125 ], "texture": "#g4m1-tail" }
			}
		},
		{
			"__comment": "Voxels",
			"from": [ 7.3531, 0.3921, 13.8169 ],
			"to": [ 8.686203, 1.058652, 14.48345 ],
			"faces": {
				"down": { "uv": [ 14.125, 7.625, 14.375, 7.75 ], "texture": "#g4m1-tail" },
				"up": { "uv": [ 14.125, 7.625, 14.375, 7.5 ], "texture": "#g4m1-tail" },
				"north": { "uv": [ 14.625, 7.625, 14.375, 7.75 ], "texture": "#g4m1-tail" },
				"south": { "uv": [ 14.375, 7.5, 14.625, 7.625 ], "texture": "#g4m1-tail" },
				"west": { "uv": [ 8, 4.875, 8.125, 5 ], "texture": "#g4m1-tail" },
				"east": { "uv": [ 8.125, 4.75, 8, 4.875 ], "texture": "#g4m1-tail" }
			}
		},
		{
			"__comment": "Voxels",
			"from": [ 7.3531, 1.0586, 19.1493 ],
			"to": [ 9.352755, 1.725152, 19.81585 ],
			"faces": {
				"down": { "uv": [ 12.375, 7.75, 12.75, 7.875 ], "texture": "#g4m1-tail" },
				"up": { "uv": [ 12.75, 7.875, 13.125, 7.75 ], "texture": "#g4m1-tail" },
				"north": { "uv": [ 13.5, 7.75, 13.125, 7.875 ], "texture": "#g4m1-tail" },
				"south": { "uv": [ 10.5, 7.625, 10.875, 7.75 ], "texture": "#g4m1-tail" },
				"west": { "uv": [ 11.125, 7.25, 11.25, 7.375 ], "texture": "#g4m1-tail" },
				"east": { "uv": [ 11.125, 7.25, 11, 7.375 ], "texture": "#g4m1-tail" }
			}
		},
		{
			"__comment": "Voxels",
			"from": [ 7.3531, 1.7252, 23.1486 ],
			"to": [ 9.352755, 2.391752, 23.81515 ],
			"faces": {
				"down": { "uv": [ 14.625, 7.75, 15, 7.875 ], "texture": "#g4m1-tail" },
				"up": { "uv": [ 15, 7.875, 15.375, 7.75 ], "texture": "#g4m1-tail" },
				"north": { "uv": [ 15.75, 7.75, 15.375, 7.875 ], "texture": "#g4m1-tail" },
				"south": { "uv": [ 9, 7.625, 9.375, 7.75 ], "texture": "#g4m1-tail" },
				"west": { "uv": [ 9.75, 7.25, 9.875, 7.375 ], "texture": "#g4m1-tail" },
				"east": { "uv": [ 9.75, 7.25, 9.625, 7.375 ], "texture": "#g4m1-tail" }
			}
		},
		{
			"__comment": "Voxels",
			"from": [ 7.3531, 7.7241, 25.1483 ],
			"to": [ 8.686203, 8.390652, 25.81485 ],
			"faces": {
				"down": { "uv": [ 14.625, 7.625, 14.875, 7.75 ], "texture": "#g4m1-tail" },
				"up": { "uv": [ 14.625, 7.625, 14.875, 7.5 ], "texture": "#g4m1-tail" },
				"north": { "uv": [ 15.125, 7.625, 14.875, 7.75 ], "texture": "#g4m1-tail" },
				"south": { "uv": [ 14.875, 7.5, 15.125, 7.625 ], "texture": "#g4m1-tail" },
				"west": { "uv": [ 8.5, 0.375, 8.625, 0.5 ], "texture": "#g4m1-tail" },
				"east": { "uv": [ 8.625, 0.5, 8.5, 0.625 ], "texture": "#g4m1-tail" }
			}
		},
		{
			"__comment": "Voxels",
			"from": [ 7.3531, 8.390699, 21.8155 ],
			"to": [ 9.352755, 9.057251, 22.48205 ],
			"faces": {
				"down": { "uv": [ 12.75, 7.5, 13.125, 7.625 ], "texture": "#g4m1-tail" },
				"up": { "uv": [ 10.5, 7.625, 10.875, 7.5 ], "texture": "#g4m1-tail" },
				"north": { "uv": [ 11.25, 7.625, 10.875, 7.75 ], "texture": "#g4m1-tail" },
				"south": { "uv": [ 10.875, 7.5, 11.25, 7.625 ], "texture": "#g4m1-tail" },
				"west": { "uv": [ 8.5, 0.625, 8.625, 0.75 ], "texture": "#g4m1-tail" },
				"east": { "uv": [ 8.625, 0.75, 8.5, 0.875 ], "texture": "#g4m1-tail" }
			}
		},
		{
			"__comment": "Voxels",
			"from": [ 7.3531, 8.390699, 22.4821 ],
			"to": [ 8.686203, 9.057251, 23.14865 ],
			"faces": {
				"down": { "uv": [ 15.125, 7.625, 15.375, 7.75 ], "texture": "#g4m1-tail" },
				"up": { "uv": [ 15.125, 7.625, 15.375, 7.5 ], "texture": "#g4m1-tail" },
				"north": { "uv": [ 15.625, 7.625, 15.375, 7.75 ], "texture": "#g4m1-tail" },
				"south": { "uv": [ 15.375, 7.5, 15.625, 7.625 ], "texture": "#g4m1-tail" },
				"west": { "uv": [ 8.5, 2.625, 8.625, 2.75 ], "texture": "#g4m1-tail" },
				"east": { "uv": [ 8.625, 2.75, 8.5, 2.875 ], "texture": "#g4m1-tail" }
			}
		},
		{
			"__comment": "Voxels",
			"from": [ 7.3531, 9.057199, 18.4828 ],
			"to": [ 9.352755, 11.72341, 19.14935 ],
			"faces": {
				"down": { "uv": [ 12.375, 7.625, 12.75, 7.75 ], "texture": "#g4m1-tail" },
				"up": { "uv": [ 12.375, 7.625, 12.75, 7.5 ], "texture": "#g4m1-tail" },
				"north": { "uv": [ 5.125, 3.75, 4.75, 4.25 ], "texture": "#g4m1-tail" },
				"south": { "uv": [ 4.25, 1.625, 4.625, 2.125 ], "texture": "#g4m1-tail" },
				"west": { "uv": [ 3.5, 0.25, 3.625, 0.75 ], "texture": "#g4m1-tail" },
				"east": { "uv": [ 7.375, 1.25, 7.25, 1.75 ], "texture": "#g4m1-tail" }
			}
		},
		{
			"__comment": "Voxels",
			"from": [ 7.3531, 9.057199, 19.1493 ],
			"to": [ 9.352755, 11.05685, 19.81585 ],
			"faces": {
				"down": { "uv": [ 10.5, 7.75, 10.875, 7.875 ], "texture": "#g4m1-tail" },
				"up": { "uv": [ 10.875, 7.875, 11.25, 7.75 ], "texture": "#g4m1-tail" },
				"north": { "uv": [ 5.375, 0.25, 5, 0.625 ], "texture": "#g4m1-tail" },
				"south": { "uv": [ 4.25, 3.875, 4.625, 4.25 ], "texture": "#g4m1-tail" },
				"west": { "uv": [ 4.5, 6.75, 4.625, 7.125 ], "texture": "#g4m1-tail" },
				"east": { "uv": [ 4.625, 5.75, 4.5, 6.125 ], "texture": "#g4m1-tail" }
			}
		},
		{
			"__comment": "Voxels",
			"from": [ 7.3531, 9.057199, 19.8159 ],
			"to": [ 8.686203, 19.05548, 20.48245 ],
			"faces": {
				"down": { "uv": [ 15.625, 7.625, 15.875, 7.75 ], "texture": "#g4m1-tail" },
				"up": { "uv": [ 15.625, 7.625, 15.875, 7.5 ], "texture": "#g4m1-tail" },
				"north": { "uv": [ 3.25, 3.875, 3, 5.75 ], "texture": "#g4m1-tail" },
				"south": { "uv": [ 2.75, 3.875, 3, 5.75 ], "texture": "#g4m1-tail" },
				"west": { "uv": [ 3.625, 1.375, 3.75, 3.25 ], "texture": "#g4m1-tail" },
				"east": { "uv": [ 2.75, 5.125, 2.625, 7 ], "texture": "#g4m1-tail" }
			}
		},
		{
			"__comment": "Voxels",
			"from": [ 7.3531, 9.057199, 20.4824 ],
			"to": [ 8.686203, 17.72237, 21.14895 ],
			"faces": {
				"down": { "uv": [ 8.25, 7.375, 8.5, 7.5 ], "texture": "#g4m1-tail" },
				"up": { "uv": [ 8.25, 7.375, 8.5, 7.25 ], "texture": "#g4m1-tail" },
				"north": { "uv": [ 3.5, 2.25, 3.25, 3.875 ], "texture": "#g4m1-tail" },
				"south": { "uv": [ 3, 2.25, 3.25, 3.875 ], "texture": "#g4m1-tail" },
				"west": { "uv": [ 5.25, 1.25, 5.375, 2.875 ], "texture": "#g4m1-tail" },
				"east": { "uv": [ 5.25, 1.25, 5.125, 2.875 ], "texture": "#g4m1-tail" }
			}
		},
		{
			"__comment": "Voxels",
			"from": [ 7.3531, 9.057199, 21.149 ],
			"to": [ 8.686203, 15.72272, 21.81555 ],
			"faces": {
				"down": { "uv": [ 8.25, 7.125, 8.5, 7.25 ], "texture": "#g4m1-tail" },
				"up": { "uv": [ 8.25, 7.125, 8.5, 7 ], "texture": "#g4m1-tail" },
				"north": { "uv": [ 4.625, 9.25, 4.375, 10.5 ], "texture": "#g4m1-tail" },
				"south": { "uv": [ 4.125, 9.25, 4.375, 10.5 ], "texture": "#g4m1-tail" },
				"west": { "uv": [ 4.875, 0, 5, 1.25 ], "texture": "#g4m1-tail" },
				"east": { "uv": [ 5.75, 1.625, 5.625, 2.875 ], "texture": "#g4m1-tail" }
			}
		},
		{
			"__comment": "Voxels",
			"from": [ 7.3531, 9.057199, 21.8155 ],
			"to": [ 8.686203, 13.05651, 22.48205 ],
			"faces": {
				"down": { "uv": [ 8.25, 6.625, 8.5, 6.75 ], "texture": "#g4m1-tail" },
				"up": { "uv": [ 8.25, 6.625, 8.5, 6.5 ], "texture": "#g4m1-tail" },
				"north": { "uv": [ 4.25, 1.375, 4, 2.125 ], "texture": "#g4m1-tail" },
				"south": { "uv": [ 4.25, 2.125, 4.5, 2.875 ], "texture": "#g4m1-tail" },
				"west": { "uv": [ 7.375, 6.25, 7.5, 7 ], "texture": "#g4m1-tail" },
				"east": { "uv": [ 7.375, 5.5, 7.25, 6.25 ], "texture": "#g4m1-tail" }
			}
		},
		{
			"__comment": "Voxels",
			"from": [ 7.3531, 9.7238, 11.1507 ],
			"to": [ 9.352755, 11.0569, 18.48277 ],
			"faces": {
				"down": { "uv": [ 3.125, 5.75, 3.5, 7.125 ], "texture": "#g4m1-tail" },
				"up": { "uv": [ 2.75, 7.125, 3.125, 5.75 ], "texture": "#g4m1-tail" },
				"north": { "uv": [ 16, 10.125, 15.625, 10.375 ], "texture": "#g4m1-tail" },
				"south": { "uv": [ 15.625, 9, 16, 9.25 ], "texture": "#g4m1-tail" },
				"west": { "uv": [ 5.75, 5.125, 7.125, 5.375 ], "texture": "#g4m1-tail" },
				"east": { "uv": [ 7.125, 5.375, 5.75, 5.625 ], "texture": "#g4m1-tail" }
			}
		},
		{
			"__comment": "Voxels",
			"from": [ 7.3531, 10.3903, 9.817599 ],
			"to": [ 8.686203, 11.7234, 11.1507 ],
			"faces": {
				"down": { "uv": [ 7.5, 1.625, 7.75, 1.875 ], "texture": "#g4m1-tail" },
				"up": { "uv": [ 7.75, 1.875, 8, 1.625 ], "texture": "#g4m1-tail" },
				"north": { "uv": [ 8.125, 14.5, 7.875, 14.75 ], "texture": "#g4m1-tail" },
				"south": { "uv": [ 7.25, 0, 7.5, 0.25 ], "texture": "#g4m1-tail" },
				"west": { "uv": [ 7.75, 2.875, 8, 3.125 ], "texture": "#g4m1-tail" },
				"east": { "uv": [ 7.75, 1, 7.5, 1.25 ], "texture": "#g4m1-tail" }
			}
		},
		{
			"__comment": "Voxels",
			"from": [ 7.3531, 11.0569, 11.1507 ],
			"to": [ 8.686203, 13.05655, 18.48277 ],
			"faces": {
				"down": { "uv": [ 3.25, 0.875, 3.5, 2.25 ], "texture": "#g4m1-tail" },
				"up": { "uv": [ 3.625, 10.5, 3.875, 9.125 ], "texture": "#g4m1-tail" },
				"north": { "uv": [ 7.5, 4.75, 7.25, 5.125 ], "texture": "#g4m1-tail" },
				"south": { "uv": [ 7.25, 5.125, 7.5, 5.5 ], "texture": "#g4m1-tail" },
				"west": { "uv": [ 5.75, 8.625, 7.125, 9 ], "texture": "#g4m1-tail" },
				"east": { "uv": [ 15.125, 10, 13.75, 10.375 ], "texture": "#g4m1-tail" }
			}
		},
		{
			"__comment": "Voxels",
			"from": [ 7.3531, 11.0569, 19.1493 ],
			"to": [ 8.686203, 19.72207, 19.81585 ],
			"faces": {
				"down": { "uv": [ 8.25, 5.625, 8.5, 5.75 ], "texture": "#g4m1-tail" },
				"up": { "uv": [ 8.25, 5.625, 8.5, 5.5 ], "texture": "#g4m1-tail" },
				"north": { "uv": [ 3, 2.25, 2.75, 3.875 ], "texture": "#g4m1-tail" },
				"south": { "uv": [ 3.25, 4.125, 3.5, 5.75 ], "texture": "#g4m1-tail" },
				"west": { "uv": [ 4.625, 1.25, 4.75, 2.875 ], "texture": "#g4m1-tail" },
				"east": { "uv": [ 3.625, 2.25, 3.5, 3.875 ], "texture": "#g4m1-tail" }
			}
		},
		{
			"__comment": "Voxels",
			"from": [ 7.3531, 11.7234, 10.4841 ],
			"to": [ 8.686203, 12.38995, 11.15065 ],
			"faces": {
				"down": { "uv": [ 8.25, 5.25, 8.5, 5.375 ], "texture": "#g4m1-tail" },
				"up": { "uv": [ 8.25, 5.25, 8.5, 5.125 ], "texture": "#g4m1-tail" },
				"north": { "uv": [ 8.5, 5, 8.25, 5.125 ], "texture": "#g4m1-tail" },
				"south": { "uv": [ 8.25, 4.875, 8.5, 5 ], "texture": "#g4m1-tail" },
				"west": { "uv": [ 8.5, 4.75, 8.625, 4.875 ], "texture": "#g4m1-tail" },
				"east": { "uv": [ 8.625, 5.375, 8.5, 5.5 ], "texture": "#g4m1-tail" }
			}
		},
		{
			"__comment": "Voxels",
			"from": [ 7.3531, 11.7234, 18.4828 ],
			"to": [ 8.686203, 19.72202, 19.14935 ],
			"faces": {
				"down": { "uv": [ 8.25, 4.75, 8.5, 4.875 ], "texture": "#g4m1-tail" },
				"up": { "uv": [ 8.25, 4.75, 8.5, 4.625 ], "texture": "#g4m1-tail" },
				"north": { "uv": [ 3.25, 0.75, 3, 2.25 ], "texture": "#g4m1-tail" },
				"south": { "uv": [ 2.75, 0.75, 3, 2.25 ], "texture": "#g4m1-tail" },
				"west": { "uv": [ 1.375, 0, 1.5, 1.5 ], "texture": "#g4m1-tail" },
				"east": { "uv": [ 1.5, 3.875, 1.375, 5.375 ], "texture": "#g4m1-tail" }
			}
		},
		{
			"__comment": "Voxels",
			"from": [ 7.3531, 13.0565, 11.8172 ],
			"to": [ 8.686203, 13.72305, 18.48272 ],
			"faces": {
				"down": { "uv": [ 3.875, 9.25, 4.125, 10.5 ], "texture": "#g4m1-tail" },
				"up": { "uv": [ 3.625, 9.125, 3.875, 7.875 ], "texture": "#g4m1-tail" },
				"north": { "uv": [ 8.5, 4.25, 8.25, 4.375 ], "texture": "#g4m1-tail" },
				"south": { "uv": [ 8.25, 4.125, 8.5, 4.25 ], "texture": "#g4m1-tail" },
				"west": { "uv": [ 9.625, 8.875, 10.875, 9 ], "texture": "#g4m1-tail" },
				"east": { "uv": [ 12.125, 8.875, 10.875, 9 ], "texture": "#g4m1-tail" }
			}
		},
		{
			"__comment": "Voxels",
			"from": [ 7.3531, 13.7231, 12.4838 ],
			"to": [ 8.686203, 15.0562, 18.48277 ],
			"faces": {
				"down": { "uv": [ 4.125, 8, 4.375, 9.125 ], "texture": "#g4m1-tail" },
				"up": { "uv": [ 4.375, 9.125, 4.625, 8 ], "texture": "#g4m1-tail" },
				"north": { "uv": [ 8.125, 14.75, 7.875, 15 ], "texture": "#g4m1-tail" },
				"south": { "uv": [ 7.5, 2.875, 7.75, 3.125 ], "texture": "#g4m1-tail" },
				"west": { "uv": [ 4.625, 4.75, 5.75, 5 ], "texture": "#g4m1-tail" },
				"east": { "uv": [ 5.75, 5.5, 4.625, 5.75 ], "texture": "#g4m1-tail" }
			}
		},
		{
			"__comment": "Voxels",
			"from": [ 7.3531, 15.0562, 13.1503 ],
			"to": [ 8.686203, 15.72275, 18.48271 ],
			"faces": {
				"down": { "uv": [ 3.625, 5.75, 3.875, 6.75 ], "texture": "#g4m1-tail" },
				"up": { "uv": [ 3.875, 6.75, 4.125, 5.75 ], "texture": "#g4m1-tail" },
				"north": { "uv": [ 8.5, 4, 8.25, 4.125 ], "texture": "#g4m1-tail" },
				"south": { "uv": [ 8.25, 3.875, 8.5, 4 ], "texture": "#g4m1-tail" },
				"west": { "uv": [ 10.25, 8.5, 11.25, 8.625 ], "texture": "#g4m1-tail" },
				"east": { "uv": [ 10.25, 8.5, 9.25, 8.625 ], "texture": "#g4m1-tail" }
			}
		},
		{
			"__comment": "Voxels",
			"from": [ 7.3531, 15.7228, 14.4834 ],
			"to": [ 8.686203, 16.38935, 18.48271 ],
			"faces": {
				"down": { "uv": [ 4, 2.125, 4.25, 2.875 ], "texture": "#g4m1-tail" },
				"up": { "uv": [ 4.625, 1.25, 4.875, 0.5 ], "texture": "#g4m1-tail" },
				"north": { "uv": [ 8.5, 3.75, 8.25, 3.875 ], "texture": "#g4m1-tail" },
				"south": { "uv": [ 8.25, 3.625, 8.5, 3.75 ], "texture": "#g4m1-tail" },
				"west": { "uv": [ 12, 8, 12.75, 8.125 ], "texture": "#g4m1-tail" },
				"east": { "uv": [ 9.75, 8.125, 9, 8.25 ], "texture": "#g4m1-tail" }
			}
		},
		{
			"__comment": "Voxels",
			"from": [ 7.3531, 16.3893, 15.15 ],
			"to": [ 8.686203, 17.05585, 18.48276 ],
			"faces": {
				"down": { "uv": [ 5, 0.625, 5.25, 1.25 ], "texture": "#g4m1-tail" },
				"up": { "uv": [ 5.25, 1.25, 5.5, 0.625 ], "texture": "#g4m1-tail" },
				"north": { "uv": [ 8.5, 3.25, 8.25, 3.375 ], "texture": "#g4m1-tail" },
				"south": { "uv": [ 8.25, 3.125, 8.5, 3.25 ], "texture": "#g4m1-tail" },
				"west": { "uv": [ 7.5, 6.25, 8.125, 6.375 ], "texture": "#g4m1-tail" },
				"east": { "uv": [ 8.125, 6.125, 7.5, 6.25 ], "texture": "#g4m1-tail" }
			}
		},
		{
			"__comment": "Voxels",
			"from": [ 7.3531, 17.0559, 15.8166 ],
			"to": [ 8.686203, 17.72245, 18.48281 ],
			"faces": {
				"down": { "uv": [ 5.5, 0.75, 5.75, 1.25 ], "texture": "#g4m1-tail" },
				"up": { "uv": [ 4.625, 0.5, 4.875, 0 ], "texture": "#g4m1-tail" },
				"north": { "uv": [ 8.5, 3, 8.25, 3.125 ], "texture": "#g4m1-tail" },
				"south": { "uv": [ 8.25, 2.875, 8.5, 3 ], "texture": "#g4m1-tail" },
				"west": { "uv": [ 7.5, 5, 8, 5.125 ], "texture": "#g4m1-tail" },
				"east": { "uv": [ 8, 4.375, 7.5, 4.5 ], "texture": "#g4m1-tail" }
			}
		},
		{
			"__comment": "Voxels",
			"from": [ 7.3531, 17.7224, 16.4831 ],
			"to": [ 8.686203, 18.38895, 18.48275 ],
			"faces": {
				"down": { "uv": [ 5.375, 0.25, 5.625, 0.625 ], "texture": "#g4m1-tail" },
				"up": { "uv": [ 7.25, 4, 7.5, 3.625 ], "texture": "#g4m1-tail" },
				"north": { "uv": [ 8.5, 2.5, 8.25, 2.625 ], "texture": "#g4m1-tail" },
				"south": { "uv": [ 8.25, 2.375, 8.5, 2.5 ], "texture": "#g4m1-tail" },
				"west": { "uv": [ 11.625, 7.5, 12, 7.625 ], "texture": "#g4m1-tail" },
				"east": { "uv": [ 12.375, 7.625, 12, 7.75 ], "texture": "#g4m1-tail" }
			}
		},
		{
			"__comment": "Voxels",
			"from": [ 7.3531, 18.389, 17.1497 ],
			"to": [ 8.686203, 19.05555, 18.4828 ],
			"faces": {
				"down": { "uv": [ 7.75, 1, 8, 1.25 ], "texture": "#g4m1-tail" },
				"up": { "uv": [ 8.75, 7.75, 9, 7.5 ], "texture": "#g4m1-tail" },
				"north": { "uv": [ 8.5, 2.125, 8.25, 2.25 ], "texture": "#g4m1-tail" },
				"south": { "uv": [ 8.25, 2, 8.5, 2.125 ], "texture": "#g4m1-tail" },
				"west": { "uv": [ 8.25, 1.875, 8.5, 2 ], "texture": "#g4m1-tail" },
				"east": { "uv": [ 8.5, 1.75, 8.25, 1.875 ], "texture": "#g4m1-tail" }
			}
		},
		{
			"__comment": "Voxels",
			"from": [ 7.3531, 19.0555, 17.8162 ],
			"to": [ 8.686203, 19.72205, 18.48275 ],
			"faces": {
				"down": { "uv": [ 8.25, 1.625, 8.5, 1.75 ], "texture": "#g4m1-tail" },
				"up": { "uv": [ 8.25, 1.625, 8.5, 1.5 ], "texture": "#g4m1-tail" },
				"north": { "uv": [ 8.5, 1.375, 8.25, 1.5 ], "texture": "#g4m1-tail" },
				"south": { "uv": [ 8.25, 1.25, 8.5, 1.375 ], "texture": "#g4m1-tail" },
				"west": { "uv": [ 13.75, 7.375, 13.875, 7.5 ], "texture": "#g4m1-tail" },
				"east": { "uv": [ 14.5, 7.375, 14.375, 7.5 ], "texture": "#g4m1-tail" }
			}
		},
		{
			"__comment": "Voxels",
			"from": [ 8.0197, -1.6076, 7.1514 ],
			"to": [ 8.686252, -0.9410483, 9.151054 ],
			"faces": {
				"down": { "uv": [ 5.625, 1.25, 5.75, 1.625 ], "texture": "#g4m1-tail" },
				"up": { "uv": [ 7, 8.625, 7.125, 8.25 ], "texture": "#g4m1-tail" },
				"north": { "uv": [ 8.625, 1.375, 8.5, 1.5 ], "texture": "#g4m1-tail" },
				"south": { "uv": [ 9, 7.25, 9.125, 7.375 ], "texture": "#g4m1-tail" },
				"west": { "uv": [ 11.25, 7.625, 11.625, 7.75 ], "texture": "#g4m1-tail" },
				"east": { "uv": [ 12, 7.625, 11.625, 7.75 ], "texture": "#g4m1-tail" }
			}
		},
		{
			"__comment": "Voxels",
			"from": [ 8.0197, -0.941, 8.4845 ],
			"to": [ 8.686252, -0.2744483, 9.151052 ],
			"faces": {
				"down": { "uv": [ 10.875, 7.25, 11, 7.375 ], "texture": "#g4m1-tail" },
				"up": { "uv": [ 8, 4.75, 8.125, 4.625 ], "texture": "#g4m1-tail" },
				"north": { "uv": [ 8.125, 4.5, 8, 4.625 ], "texture": "#g4m1-tail" },
				"south": { "uv": [ 8, 3.375, 8.125, 3.5 ], "texture": "#g4m1-tail" },
				"west": { "uv": [ 8, 3.25, 8.125, 3.375 ], "texture": "#g4m1-tail" },
				"east": { "uv": [ 13.625, 7.375, 13.5, 7.5 ], "texture": "#g4m1-tail" }
			}
		},
		{
			"__comment": "Voxels",
			"from": [ 8.0197, -0.2745, 7.1514 ],
			"to": [ 8.686252, 0.3920517, 8.484503 ],
			"faces": {
				"down": { "uv": [ 8.125, 0.75, 8.25, 1 ], "texture": "#g4m1-tail" },
				"up": { "uv": [ 8.125, 0.75, 8.25, 0.5 ], "texture": "#g4m1-tail" },
				"north": { "uv": [ 14, 7.375, 13.875, 7.5 ], "texture": "#g4m1-tail" },
				"south": { "uv": [ 14.25, 7.375, 14.375, 7.5 ], "texture": "#g4m1-tail" },
				"west": { "uv": [ 8.25, 1.125, 8.5, 1.25 ], "texture": "#g4m1-tail" },
				"east": { "uv": [ 8.5, 1, 8.25, 1.125 ], "texture": "#g4m1-tail" }
			}
		},
		{
			"__comment": "Voxels",
			"from": [ 8.0197, 1.0586, 19.8159 ],
			"to": [ 8.686252, 1.725152, 20.48245 ],
			"faces": {
				"down": { "uv": [ 14.625, 7.375, 14.75, 7.5 ], "texture": "#g4m1-tail" },
				"up": { "uv": [ 15.75, 7.5, 15.875, 7.375 ], "texture": "#g4m1-tail" },
				"north": { "uv": [ 16, 7.375, 15.875, 7.5 ], "texture": "#g4m1-tail" },
				"south": { "uv": [ 8.5, 7.25, 8.625, 7.375 ], "texture": "#g4m1-tail" },
				"west": { "uv": [ 8.5, 7.125, 8.625, 7.25 ], "texture": "#g4m1-tail" },
				"east": { "uv": [ 8.625, 6.75, 8.5, 6.875 ], "texture": "#g4m1-tail" }
			}
		},
		{
			"__comment": "Voxels",
			"from": [ 8.0197, 1.7252, 23.8152 ],
			"to": [ 8.686252, 2.391752, 24.48175 ],
			"faces": {
				"down": { "uv": [ 8.5, 6.625, 8.625, 6.75 ], "texture": "#g4m1-tail" },
				"up": { "uv": [ 8.5, 6.625, 8.625, 6.5 ], "texture": "#g4m1-tail" },
				"north": { "uv": [ 8.625, 6.375, 8.5, 6.5 ], "texture": "#g4m1-tail" },
				"south": { "uv": [ 8.5, 6, 8.625, 6.125 ], "texture": "#g4m1-tail" },
				"west": { "uv": [ 8.5, 5.875, 8.625, 6 ], "texture": "#g4m1-tail" },
				"east": { "uv": [ 8.625, 5.75, 8.5, 5.875 ], "texture": "#g4m1-tail" }
			}
		},
		{
			"__comment": "Voxels",
			"from": [ 8.0197, 8.390699, 23.1486 ],
			"to": [ 8.686252, 17.05587, 23.81515 ],
			"faces": {
				"down": { "uv": [ 8.5, 5.625, 8.625, 5.75 ], "texture": "#g4m1-tail" },
				"up": { "uv": [ 8.5, 5.375, 8.625, 5.25 ], "texture": "#g4m1-tail" },
				"north": { "uv": [ 3.625, 4.125, 3.5, 5.75 ], "texture": "#g4m1-tail" },
				"south": { "uv": [ 5.5, 1.25, 5.625, 2.875 ], "texture": "#g4m1-tail" },
				"west": { "uv": [ 4.875, 1.25, 5, 2.875 ], "texture": "#g4m1-tail" },
				"east": { "uv": [ 4.875, 1.25, 4.75, 2.875 ], "texture": "#g4m1-tail" }
			}
		},
		{
			"__comment": "Voxels",
			"from": [ 8.0197, 8.390699, 23.8152 ],
			"to": [ 8.686252, 14.38966, 24.48175 ],
			"faces": {
				"down": { "uv": [ 8.5, 0.25, 8.625, 0.375 ], "texture": "#g4m1-tail" },
				"up": { "uv": [ 8.5, 0.25, 8.625, 0.125 ], "texture": "#g4m1-tail" },
				"north": { "uv": [ 2.75, 7, 2.625, 8.125 ], "texture": "#g4m1-tail" },
				"south": { "uv": [ 7.125, 5.25, 7.25, 6.375 ], "texture": "#g4m1-tail" },
				"west": { "uv": [ 2.625, 4, 2.75, 5.125 ], "texture": "#g4m1-tail" },
				"east": { "uv": [ 7.25, 4.125, 7.125, 5.25 ], "texture": "#g4m1-tail" }
			}
		},
		{
			"__comment": "Voxels",
			"from": [ 8.0197, 8.390699, 24.4817 ],
			"to": [ 8.686252, 11.72346, 25.14825 ],
			"faces": {
				"down": { "uv": [ 9.25, 7.25, 9.375, 7.375 ], "texture": "#g4m1-tail" },
				"up": { "uv": [ 9.375, 7.375, 9.5, 7.25 ], "texture": "#g4m1-tail" },
				"north": { "uv": [ 7.375, 1.75, 7.25, 2.375 ], "texture": "#g4m1-tail" },
				"south": { "uv": [ 7.375, 1.75, 7.5, 2.375 ], "texture": "#g4m1-tail" },
				"west": { "uv": [ 4.5, 6.125, 4.625, 6.75 ], "texture": "#g4m1-tail" },
				"east": { "uv": [ 7.5, 4.125, 7.375, 4.75 ], "texture": "#g4m1-tail" }
			}
		},
		{
			"__comment": "Voxels",
			"from": [ 8.0197, 8.390699, 25.1483 ],
			"to": [ 8.686252, 9.723803, 25.81485 ],
			"faces": {
				"down": { "uv": [ 10.5, 7.25, 10.625, 7.375 ], "texture": "#g4m1-tail" },
				"up": { "uv": [ 10.625, 7.375, 10.75, 7.25 ], "texture": "#g4m1-tail" },
				"north": { "uv": [ 8.25, 0.25, 8.125, 0.5 ], "texture": "#g4m1-tail" },
				"south": { "uv": [ 8.125, 0, 8.25, 0.25 ], "texture": "#g4m1-tail" },
				"west": { "uv": [ 8.25, 0.25, 8.375, 0.5 ], "texture": "#g4m1-tail" },
				"east": { "uv": [ 8.5, 0.25, 8.375, 0.5 ], "texture": "#g4m1-tail" }
			}
		},
		{
			"__comment": "Voxels",
			"from": [ 8.0197, 9.057199, 22.4821 ],
			"to": [ 8.686252, 19.05548, 23.14865 ],
			"faces": {
				"down": { "uv": [ 8, 4.375, 8.125, 4.5 ], "texture": "#g4m1-tail" },
				"up": { "uv": [ 8, 3.875, 8.125, 3.75 ], "texture": "#g4m1-tail" },
				"north": { "uv": [ 3.875, 1.375, 3.75, 3.25 ], "texture": "#g4m1-tail" },
				"south": { "uv": [ 4.625, 2.875, 4.75, 4.75 ], "texture": "#g4m1-tail" },
				"west": { "uv": [ 3.875, 1.375, 4, 3.25 ], "texture": "#g4m1-tail" },
				"east": { "uv": [ 2.75, 8.125, 2.625, 10 ], "texture": "#g4m1-tail" }
			}
		},
		{
			"__comment": "Voxels",
			"from": [ 8.0197, 10.3903, 9.151 ],
			"to": [ 8.686252, 11.05685, 9.817552 ],
			"faces": {
				"down": { "uv": [ 8, 3.125, 8.125, 3.25 ], "texture": "#g4m1-tail" },
				"up": { "uv": [ 8, 2.375, 8.125, 2.25 ], "texture": "#g4m1-tail" },
				"north": { "uv": [ 8.125, 2.125, 8, 2.25 ], "texture": "#g4m1-tail" },
				"south": { "uv": [ 8, 2, 8.125, 2.125 ], "texture": "#g4m1-tail" },
				"west": { "uv": [ 8, 1.875, 8.125, 2 ], "texture": "#g4m1-tail" },
				"east": { "uv": [ 8.125, 1.5, 8, 1.625 ], "texture": "#g4m1-tail" }
			}
		},
		{
			"__comment": "Voxels",
			"from": [ 8.0197, 11.7234, 9.817599 ],
			"to": [ 8.686252, 12.38995, 10.48415 ],
			"faces": {
				"down": { "uv": [ 8, 1.375, 8.125, 1.5 ], "texture": "#g4m1-tail" },
				"up": { "uv": [ 8, 1.375, 8.125, 1.25 ], "texture": "#g4m1-tail" },
				"north": { "uv": [ 8.125, 0.375, 8, 0.5 ], "texture": "#g4m1-tail" },
				"south": { "uv": [ 8, 0.25, 8.125, 0.375 ], "texture": "#g4m1-tail" },
				"west": { "uv": [ 8, 0.125, 8.125, 0.25 ], "texture": "#g4m1-tail" },
				"east": { "uv": [ 8.125, 0, 8, 0.125 ], "texture": "#g4m1-tail" }
			}
		},
		{
			"__comment": "Voxels",
			"from": [ 8.0197, 12.39, 10.4841 ],
			"to": [ 8.686252, 13.05655, 11.15065 ],
			"faces": {
				"down": { "uv": [ 15.875, 7.625, 16, 7.75 ], "texture": "#g4m1-tail" },
				"up": { "uv": [ 15.875, 7.625, 16, 7.5 ], "texture": "#g4m1-tail" },
				"north": { "uv": [ 8.5, 0.125, 8.375, 0.25 ], "texture": "#g4m1-tail" },
				"south": { "uv": [ 8.375, 0, 8.5, 0.125 ], "texture": "#g4m1-tail" },
				"west": { "uv": [ 8.5, 7.375, 8.625, 7.5 ], "texture": "#g4m1-tail" },
				"east": { "uv": [ 8.75, 7.375, 8.625, 7.5 ], "texture": "#g4m1-tail" }
			}
		},
		{
			"__comment": "Voxels",
			"from": [ 8.0197, 13.0565, 11.1507 ],
			"to": [ 8.686252, 13.72305, 11.81725 ],
			"faces": {
				"down": { "uv": [ 8.75, 7.375, 8.875, 7.5 ], "texture": "#g4m1-tail" },
				"up": { "uv": [ 8.875, 7.5, 9, 7.375 ], "texture": "#g4m1-tail" },
				"north": { "uv": [ 9.125, 7.375, 9, 7.5 ], "texture": "#g4m1-tail" },
				"south": { "uv": [ 9.125, 7.375, 9.25, 7.5 ], "texture": "#g4m1-tail" },
				"west": { "uv": [ 9.25, 7.375, 9.375, 7.5 ], "texture": "#g4m1-tail" },
				"east": { "uv": [ 9.5, 7.375, 9.375, 7.5 ], "texture": "#g4m1-tail" }
			}
		},
		{
			"__comment": "Voxels",
			"from": [ 8.0197, 13.0565, 21.8155 ],
			"to": [ 8.686252, 19.72202, 22.48205 ],
			"faces": {
				"down": { "uv": [ 9.5, 7.375, 9.625, 7.5 ], "texture": "#g4m1-tail" },
				"up": { "uv": [ 9.625, 7.5, 9.75, 7.375 ], "texture": "#g4m1-tail" },
				"north": { "uv": [ 7.25, 6.375, 7.125, 7.625 ], "texture": "#g4m1-tail" },
				"south": { "uv": [ 7.125, 7.625, 7.25, 8.875 ], "texture": "#g4m1-tail" },
				"west": { "uv": [ 3.5, 1, 3.625, 2.25 ], "texture": "#g4m1-tail" },
				"east": { "uv": [ 3.625, 5.875, 3.5, 7.125 ], "texture": "#g4m1-tail" }
			}
		},
		{
			"__comment": "Voxels",
			"from": [ 8.0197, 13.7231, 11.8172 ],
			"to": [ 8.686252, 14.38965, 12.48375 ],
			"faces": {
				"down": { "uv": [ 10.25, 7.375, 10.375, 7.5 ], "texture": "#g4m1-tail" },
				"up": { "uv": [ 10.375, 7.5, 10.5, 7.375 ], "texture": "#g4m1-tail" },
				"north": { "uv": [ 10.625, 7.375, 10.5, 7.5 ], "texture": "#g4m1-tail" },
				"south": { "uv": [ 10.625, 7.375, 10.75, 7.5 ], "texture": "#g4m1-tail" },
				"west": { "uv": [ 10.75, 7.375, 10.875, 7.5 ], "texture": "#g4m1-tail" },
				"east": { "uv": [ 11, 7.375, 10.875, 7.5 ], "texture": "#g4m1-tail" }
			}
		},
		{
			"__comment": "Voxels",
			"from": [ 8.0197, 15.7228, 13.8169 ],
			"to": [ 8.686252, 16.38935, 14.48345 ],
			"faces": {
				"down": { "uv": [ 11, 7.375, 11.125, 7.5 ], "texture": "#g4m1-tail" },
				"up": { "uv": [ 11.125, 7.5, 11.25, 7.375 ], "texture": "#g4m1-tail" },
				"north": { "uv": [ 11.375, 7.375, 11.25, 7.5 ], "texture": "#g4m1-tail" },
				"south": { "uv": [ 11.375, 7.375, 11.5, 7.5 ], "texture": "#g4m1-tail" },
				"west": { "uv": [ 11.5, 7.375, 11.625, 7.5 ], "texture": "#g4m1-tail" },
				"east": { "uv": [ 11.75, 7.375, 11.625, 7.5 ], "texture": "#g4m1-tail" }
			}
		},
		{
			"__comment": "Voxels",
			"from": [ 8.0197, 15.7228, 21.149 ],
			"to": [ 8.686252, 19.72211, 21.81555 ],
			"faces": {
				"down": { "uv": [ 11.75, 7.375, 11.875, 7.5 ], "texture": "#g4m1-tail" },
				"up": { "uv": [ 11.875, 7.5, 12, 7.375 ], "texture": "#g4m1-tail" },
				"north": { "uv": [ 7.5, 5.5, 7.375, 6.25 ], "texture": "#g4m1-tail" },
				"south": { "uv": [ 7.25, 4, 7.375, 4.75 ], "texture": "#g4m1-tail" },
				"west": { "uv": [ 9.25, 13.625, 9.375, 14.375 ], "texture": "#g4m1-tail" },
				"east": { "uv": [ 4.625, 2.125, 4.5, 2.875 ], "texture": "#g4m1-tail" }
			}
		},
		{
			"__comment": "Voxels",
			"from": [ 8.0197, 16.3893, 14.4834 ],
			"to": [ 8.686252, 17.05585, 15.14995 ],
			"faces": {
				"down": { "uv": [ 12.5, 7.375, 12.625, 7.5 ], "texture": "#g4m1-tail" },
				"up": { "uv": [ 12.625, 7.5, 12.75, 7.375 ], "texture": "#g4m1-tail" },
				"north": { "uv": [ 12.875, 7.375, 12.75, 7.5 ], "texture": "#g4m1-tail" },
				"south": { "uv": [ 12.875, 7.375, 13, 7.5 ], "texture": "#g4m1-tail" },
				"west": { "uv": [ 13, 7.375, 13.125, 7.5 ], "texture": "#g4m1-tail" },
				"east": { "uv": [ 13.25, 7.375, 13.125, 7.5 ], "texture": "#g4m1-tail" }
			}
		},
		{
			"__comment": "Voxels",
			"from": [ 8.0197, 17.0559, 15.15 ],
			"to": [ 8.686252, 18.389, 15.81655 ],
			"faces": {
				"down": { "uv": [ 13.25, 7.375, 13.375, 7.5 ], "texture": "#g4m1-tail" },
				"up": { "uv": [ 13.375, 7.5, 13.5, 7.375 ], "texture": "#g4m1-tail" },
				"north": { "uv": [ 4.625, 0.875, 4.5, 1.125 ], "texture": "#g4m1-tail" },
				"south": { "uv": [ 4.5, 0.625, 4.625, 0.875 ], "texture": "#g4m1-tail" },
				"west": { "uv": [ 4.5, 0.375, 4.625, 0.625 ], "texture": "#g4m1-tail" },
				"east": { "uv": [ 4.625, 0.125, 4.5, 0.375 ], "texture": "#g4m1-tail" }
			}
		},
		{
			"__comment": "Voxels",
			"from": [ 8.0197, 17.7224, 15.8166 ],
			"to": [ 8.686252, 19.0555, 16.48315 ],
			"faces": {
				"down": { "uv": [ 14, 7.375, 14.125, 7.5 ], "texture": "#g4m1-tail" },
				"up": { "uv": [ 14.125, 7.5, 14.25, 7.375 ], "texture": "#g4m1-tail" },
				"north": { "uv": [ 5.75, 4.5, 5.625, 4.75 ], "texture": "#g4m1-tail" },
				"south": { "uv": [ 5.625, 4.25, 5.75, 4.5 ], "texture": "#g4m1-tail" },
				"west": { "uv": [ 7, 8, 7.125, 8.25 ], "texture": "#g4m1-tail" },
				"east": { "uv": [ 7.125, 7.625, 7, 7.875 ], "texture": "#g4m1-tail" }
			}
		},
		{
			"__comment": "Voxels",
			"from": [ 8.0197, 17.7224, 20.4824 ],
			"to": [ 8.686252, 20.38861, 21.14895 ],
			"faces": {
				"down": { "uv": [ 14.75, 7.375, 14.875, 7.5 ], "texture": "#g4m1-tail" },
				"up": { "uv": [ 14.875, 7.5, 15, 7.375 ], "texture": "#g4m1-tail" },
				"north": { "uv": [ 7.5, 0.25, 7.375, 0.75 ], "texture": "#g4m1-tail" },
				"south": { "uv": [ 7.25, 0.25, 7.375, 0.75 ], "texture": "#g4m1-tail" },
				"west": { "uv": [ 7.25, 0.75, 7.375, 1.25 ], "texture": "#g4m1-tail" },
				"east": { "uv": [ 7.5, 1.25, 7.375, 1.75 ], "texture": "#g4m1-tail" }
			}
		},
		{
			"__comment": "Voxels",
			"from": [ 8.0197, 18.389, 16.4831 ],
			"to": [ 8.686252, 19.7221, 17.14965 ],
			"faces": {
				"down": { "uv": [ 15.5, 7.375, 15.625, 7.5 ], "texture": "#g4m1-tail" },
				"up": { "uv": [ 15.625, 7.5, 15.75, 7.375 ], "texture": "#g4m1-tail" },
				"north": { "uv": [ 7.125, 7.25, 7, 7.5 ], "texture": "#g4m1-tail" },
				"south": { "uv": [ 7, 6.875, 7.125, 7.125 ], "texture": "#g4m1-tail" },
				"west": { "uv": [ 7, 6.5, 7.125, 6.75 ], "texture": "#g4m1-tail" },
				"east": { "uv": [ 7.125, 6.125, 7, 6.375 ], "texture": "#g4m1-tail" }
			}
		},
		{
			"__comment": "Voxels",
			"from": [ 8.0197, 19.0555, 17.1497 ],
			"to": [ 8.686252, 20.3886, 17.81625 ],
			"faces": {
				"down": { "uv": [ 8.5, 7, 8.625, 7.125 ], "texture": "#g4m1-tail" },
				"up": { "uv": [ 8.5, 7, 8.625, 6.875 ], "texture": "#g4m1-tail" },
				"north": { "uv": [ 7.125, 5.75, 7, 6 ], "texture": "#g4m1-tail" },
				"south": { "uv": [ 7, 2.875, 7.125, 3.125 ], "texture": "#g4m1-tail" },
				"west": { "uv": [ 7, 2.625, 7.125, 2.875 ], "texture": "#g4m1-tail" },
				"east": { "uv": [ 7.125, 2.375, 7, 2.625 ], "texture": "#g4m1-tail" }
			}
		},
		{
			"__comment": "Voxels",
			"from": [ 8.0197, 19.0555, 19.8159 ],
			"to": [ 8.686252, 20.3886, 20.48245 ],
			"faces": {
				"down": { "uv": [ 8.5, 6.25, 8.625, 6.375 ], "texture": "#g4m1-tail" },
				"up": { "uv": [ 8.5, 6.25, 8.625, 6.125 ], "texture": "#g4m1-tail" },
				"north": { "uv": [ 7.125, 2.125, 7, 2.375 ], "texture": "#g4m1-tail" },
				"south": { "uv": [ 7, 1.875, 7.125, 2.125 ], "texture": "#g4m1-tail" },
				"west": { "uv": [ 7, 1.625, 7.125, 1.875 ], "texture": "#g4m1-tail" },
				"east": { "uv": [ 7.25, 0.125, 7.125, 0.375 ], "texture": "#g4m1-tail" }
			}
		},
		{
			"__comment": "Voxels",
			"from": [ 8.0197, 19.7221, 17.8162 ],
			"to": [ 8.686252, 21.0552, 19.81586 ],
			"faces": {
				"down": { "uv": [ 15.875, 9.75, 16, 10.125 ], "texture": "#g4m1-tail" },
				"up": { "uv": [ 5.625, 0.625, 5.75, 0.25 ], "texture": "#g4m1-tail" },
				"north": { "uv": [ 8.125, 2.875, 8, 3.125 ], "texture": "#g4m1-tail" },
				"south": { "uv": [ 8, 1.625, 8.125, 1.875 ], "texture": "#g4m1-tail" },
				"west": { "uv": [ 3.25, 3.875, 3.625, 4.125 ], "texture": "#g4m1-tail" },
				"east": { "uv": [ 4.625, 1.375, 4.25, 1.625 ], "texture": "#g4m1-tail" }
			}
		},
		{
			"__comment": "Voxels",
			"from": [ 8.6862, 11.0569, 15.15 ],
			"to": [ 9.352752, 11.72345, 18.48276 ],
			"faces": {
				"down": { "uv": [ 7.25, 3, 7.375, 3.625 ], "texture": "#g4m1-tail" },
				"up": { "uv": [ 7.375, 3.625, 7.5, 3 ], "texture": "#g4m1-tail" },
				"north": { "uv": [ 8.625, 4.5, 8.5, 4.625 ], "texture": "#g4m1-tail" },
				"south": { "uv": [ 8.5, 4.375, 8.625, 4.5 ], "texture": "#g4m1-tail" },
				"west": { "uv": [ 11.375, 13.625, 12, 13.75 ], "texture": "#g4m1-tail" },
				"east": { "uv": [ 12.625, 13.625, 12, 13.75 ], "texture": "#g4m1-tail" }
			}
		},
		{
			"__comment": "Voxels",
			"from": [ 9.352799, 3.0583, 26.4814 ],
			"to": [ 10.01935, 3.724852, 27.14795 ],
			"faces": {
				"down": { "uv": [ 8.5, 4, 8.625, 4.125 ], "texture": "#g4m1-tail" },
				"up": { "uv": [ 8.5, 4, 8.625, 3.875 ], "texture": "#g4m1-tail" },
				"north": { "uv": [ 8.625, 3.75, 8.5, 3.875 ], "texture": "#g4m1-tail" },
				"south": { "uv": [ 8.5, 3.625, 8.625, 3.75 ], "texture": "#g4m1-tail" },
				"west": { "uv": [ 8.5, 3.5, 8.625, 3.625 ], "texture": "#g4m1-tail" },
				"east": { "uv": [ 8.625, 3.375, 8.5, 3.5 ], "texture": "#g4m1-tail" }
			}
		},
		{
			"__comment": "Voxels",
			"from": [ 9.352799, 3.7248, 27.1479 ],
			"to": [ 10.01935, 6.391006, 27.81445 ],
			"faces": {
				"down": { "uv": [ 8.5, 3.25, 8.625, 3.375 ], "texture": "#g4m1-tail" },
				"up": { "uv": [ 8.5, 3.25, 8.625, 3.125 ], "texture": "#g4m1-tail" },
				"north": { "uv": [ 7.5, 0.75, 7.375, 1.25 ], "texture": "#g4m1-tail" },
				"south": { "uv": [ 8.125, 3.75, 8.25, 4.25 ], "texture": "#g4m1-tail" },
				"west": { "uv": [ 8.125, 4.25, 8.25, 4.75 ], "texture": "#g4m1-tail" },
				"east": { "uv": [ 8.25, 4.75, 8.125, 5.25 ], "texture": "#g4m1-tail" }
			}
		},
		{
			"__comment": "Voxels",
			"from": [ 9.352799, 6.391, 26.4814 ],
			"to": [ 10.01935, 7.057551, 27.14795 ],
			"faces": {
				"down": { "uv": [ 8.5, 2.5, 8.625, 2.625 ], "texture": "#g4m1-tail" },
				"up": { "uv": [ 8.5, 2.5, 8.625, 2.375 ], "texture": "#g4m1-tail" },
				"north": { "uv": [ 8.625, 2.25, 8.5, 2.375 ], "texture": "#g4m1-tail" },
				"south": { "uv": [ 8.5, 2.125, 8.625, 2.25 ], "texture": "#g4m1-tail" },
				"west": { "uv": [ 8.5, 2, 8.625, 2.125 ], "texture": "#g4m1-tail" },
				"east": { "uv": [ 8.625, 1.875, 8.5, 2 ], "texture": "#g4m1-tail" }
			}
		},
		{
			"__comment": "Voxels",
			"from": [ 10.0193, 3.0583, 25.8148 ],
			"to": [ 10.68585, 7.057611, 26.48135 ],
			"faces": {
				"down": { "uv": [ 8.5, 1.75, 8.625, 1.875 ], "texture": "#g4m1-tail" },
				"up": { "uv": [ 8.5, 1.75, 8.625, 1.625 ], "texture": "#g4m1-tail" },
				"north": { "uv": [ 7.25, 0.375, 7.125, 1.125 ], "texture": "#g4m1-tail" },
				"south": { "uv": [ 7.25, 7, 7.375, 7.75 ], "texture": "#g4m1-tail" },
				"west": { "uv": [ 7.375, 7, 7.5, 7.75 ], "texture": "#g4m1-tail" },
				"east": { "uv": [ 7.375, 6.25, 7.25, 7 ], "texture": "#g4m1-tail" }
			}
		},
		{
			"__comment": "Voxels",
			"from": [ 10.0193, 3.7248, 26.4814 ],
			"to": [ 10.68585, 6.391006, 27.14795 ],
			"faces": {
				"down": { "uv": [ 8.5, 1, 8.625, 1.125 ], "texture": "#g4m1-tail" },
				"up": { "uv": [ 8.5, 1, 8.625, 0.875 ], "texture": "#g4m1-tail" },
				"north": { "uv": [ 8.25, 5.25, 8.125, 5.75 ], "texture": "#g4m1-tail" },
				"south": { "uv": [ 8.125, 5.75, 8.25, 6.25 ], "texture": "#g4m1-tail" },
				"west": { "uv": [ 8.125, 6.25, 8.25, 6.75 ], "texture": "#g4m1-tail" },
				"east": { "uv": [ 8.25, 6.75, 8.125, 7.25 ], "texture": "#g4m1-tail" }
			}
		},
		{
			"__comment": "Voxels",
			"from": [ 10.6859, 3.7248, 23.1486 ],
			"to": [ 11.35245, 4.391352, 24.4817 ],
			"faces": {
				"down": { "uv": [ 8, 1, 8.125, 1.25 ], "texture": "#g4m1-tail" },
				"up": { "uv": [ 8.125, 3.75, 8.25, 3.5 ], "texture": "#g4m1-tail" },
				"north": { "uv": [ 8.625, 0, 8.5, 0.125 ], "texture": "#g4m1-tail" },
				"south": { "uv": [ 8.625, 7.25, 8.75, 7.375 ], "texture": "#g4m1-tail" },
				"west": { "uv": [ 3.875, 7.875, 4.125, 8 ], "texture": "#g4m1-tail" },
				"east": { "uv": [ 4.625, 7.875, 4.375, 8 ], "texture": "#g4m1-tail" }
			}
		},
		{
			"__comment": "Voxels",
			"from": [ 11.3524, 2.3917, -2.1803 ],
			"to": [ 12.01895, 3.724803, 10.48418 ],
			"faces": {
				"down": { "uv": [ 1.375, 5.375, 1.5, 7.75 ], "texture": "#g4m1-tail" },
				"up": { "uv": [ 1.375, 3.875, 1.5, 1.5 ], "texture": "#g4m1-tail" },
				"north": { "uv": [ 8.25, 2.25, 8.125, 2.5 ], "texture": "#g4m1-tail" },
				"south": { "uv": [ 8.125, 2, 8.25, 2.25 ], "texture": "#g4m1-tail" },
				"west": { "uv": [ 5.75, 9, 8.125, 9.25 ], "texture": "#g4m1-tail" },
				"east": { "uv": [ 10.5, 9, 8.125, 9.25 ], "texture": "#g4m1-tail" }
			}
		},
		{
			"__comment": "Voxels",
			"from": [ 11.3524, 3.0583, 10.4841 ],
			"to": [ 12.01895, 3.724852, 19.14927 ],
			"faces": {
				"down": { "uv": [ 5, 1.25, 5.125, 2.875 ], "texture": "#g4m1-tail" },
				"up": { "uv": [ 5.375, 2.875, 5.5, 1.25 ], "texture": "#g4m1-tail" },
				"north": { "uv": [ 10.125, 7.25, 10, 7.375 ], "texture": "#g4m1-tail" },
				"south": { "uv": [ 10.125, 7.25, 10.25, 7.375 ], "texture": "#g4m1-tail" },
				"west": { "uv": [ 13.25, 9.25, 14.875, 9.375 ], "texture": "#g4m1-tail" },
				"east": { "uv": [ 13.25, 9.375, 11.625, 9.5 ], "texture": "#g4m1-tail" }
			}
		},
		{
			"__comment": "Voxels",
			"from": [ 11.3524, 3.7248, 19.8159 ],
			"to": [ 12.01895, 5.057903, 21.149 ],
			"faces": {
				"down": { "uv": [ 8.125, 1.75, 8.25, 2 ], "texture": "#g4m1-tail" },
				"up": { "uv": [ 8.125, 1.75, 8.25, 1.5 ], "texture": "#g4m1-tail" },
				"north": { "uv": [ 8.25, 1.25, 8.125, 1.5 ], "texture": "#g4m1-tail" },
				"south": { "uv": [ 8.125, 1, 8.25, 1.25 ], "texture": "#g4m1-tail" },
				"west": { "uv": [ 8.5, 7.5, 8.75, 7.75 ], "texture": "#g4m1-tail" },
				"east": { "uv": [ 8.5, 7.5, 8.25, 7.75 ], "texture": "#g4m1-tail" }
			}
		},
		{
			"__comment": "Voxels",
			"from": [ 11.3524, 4.3914, 21.149 ],
			"to": [ 12.01895, 5.057951, 21.81555 ],
			"faces": {
				"down": { "uv": [ 11.25, 7.25, 11.375, 7.375 ], "texture": "#g4m1-tail" },
				"up": { "uv": [ 11.375, 7.375, 11.5, 7.25 ], "texture": "#g4m1-tail" },
				"north": { "uv": [ 11.625, 7.25, 11.5, 7.375 ], "texture": "#g4m1-tail" },
				"south": { "uv": [ 11.625, 7.25, 11.75, 7.375 ], "texture": "#g4m1-tail" },
				"west": { "uv": [ 11.75, 7.25, 11.875, 7.375 ], "texture": "#g4m1-tail" },
				"east": { "uv": [ 12, 7.25, 11.875, 7.375 ], "texture": "#g4m1-tail" }
			}
		}
	],
	"display": {
		"thirdperson_righthand": {
			"translation":  [ 0, 19, 56 ],
			"scale":  [ 4, 4, 4 ]
		}
	}
}