{
	"__comment": "Designed by Uran2471 with Cubik Studio - https://cubik.studio",
	"textures": {
		"particle": "blocks/particle",
		"rp-3": "custom/rp-3"
	},
	"elements": [ 	 
		{
			"__comment": "Voxels",
			"from": [ 5, 8, 27 ],
			"to": [ 11, 8.5, 31 ],
			"faces": {
				"down": { "uv": [ 3.5, 14.5, 5, 15.5 ], "texture": "#rp-3" },
				"up": { "uv": [ 5, 15.5, 6.5, 14.5 ], "texture": "#rp-3" },
				"north": { "uv": [ 15.875, 15.5, 14.375, 15.625 ], "texture": "#rp-3" },
				"south": { "uv": [ 14.375, 15.625, 15.875, 15.75 ], "texture": "#rp-3" },
				"west": { "uv": [ 3.5, 13.875, 4.5, 14 ], "texture": "#rp-3" },
				"east": { "uv": [ 6, 13.875, 5, 14 ], "texture": "#rp-3" }
			}
		},
		{
			"__comment": "Voxels",
			"from": [ 5, 8, 31 ],
			"to": [ 7.5, 8.5, 32 ],
			"faces": {
				"down": { "uv": [ 15.375, 14.75, 16, 15 ], "texture": "#rp-3" },
				"up": { "uv": [ 15.375, 14.75, 16, 14.5 ], "texture": "#rp-3" },
				"north": { "uv": [ 16, 13.875, 15.375, 14 ], "texture": "#rp-3" },
				"south": { "uv": [ 1.5, 5.625, 2.125, 5.75 ], "texture": "#rp-3" },
				"west": { "uv": [ 0.75, 3, 1, 3.125 ], "texture": "#rp-3" },
				"east": { "uv": [ 1, 2.875, 0.75, 3 ], "texture": "#rp-3" }
			}
		},
		{
			"__comment": "Voxels",
			"from": [ 6, 7, -13 ],
			"to": [ 10, 9, -6.5 ],
			"faces": {
				"down": { "uv": [ 1.5, 13.875, 2.5, 15.5 ], "texture": "#rp-3" },
				"up": { "uv": [ 2.5, 15.5, 3.5, 13.875 ], "texture": "#rp-3" },
				"north": { "uv": [ 13.875, 14.5, 12.875, 15 ], "texture": "#rp-3" },
				"south": { "uv": [ 12.875, 15, 13.875, 15.5 ], "texture": "#rp-3" },
				"west": { "uv": [ 8.5, 14.5, 10.125, 15 ], "texture": "#rp-3" },
				"east": { "uv": [ 10.125, 15, 8.5, 15.5 ], "texture": "#rp-3" }
			}
		},
		{
			"__comment": "Voxels",
			"from": [ 6, 7.5, -13.5 ],
			"to": [ 10, 8.5, -13 ],
			"faces": {
				"down": { "uv": [ 11.5, 13.75, 12.5, 13.875 ], "texture": "#rp-3" },
				"up": { "uv": [ 12.5, 13.875, 13.5, 13.75 ], "texture": "#rp-3" },
				"north": { "uv": [ 12.5, 15.75, 11.5, 16 ], "texture": "#rp-3" },
				"south": { "uv": [ 9.5, 15.75, 10.5, 16 ], "texture": "#rp-3" },
				"west": { "uv": [ 0.75, 0.625, 0.875, 0.875 ], "texture": "#rp-3" },
				"east": { "uv": [ 1, 0.625, 0.875, 0.875 ], "texture": "#rp-3" }
			}
		},
		{
			"__comment": "Voxels",
			"from": [ 6, 7.5, -6.5 ],
			"to": [ 10, 8.5, -6 ],
			"faces": {
				"down": { "uv": [ 14.5, 13.75, 15.5, 13.875 ], "texture": "#rp-3" },
				"up": { "uv": [ 11.5, 13.75, 12.5, 13.625 ], "texture": "#rp-3" },
				"north": { "uv": [ 13.5, 15.75, 12.5, 16 ], "texture": "#rp-3" },
				"south": { "uv": [ 10.5, 15.75, 11.5, 16 ], "texture": "#rp-3" },
				"west": { "uv": [ 0.75, 0.375, 0.875, 0.625 ], "texture": "#rp-3" },
				"east": { "uv": [ 1, 0.375, 0.875, 0.625 ], "texture": "#rp-3" }
			}
		},
		{
			"__comment": "Voxels",
			"from": [ 6.5, 6.5, -13.5 ],
			"to": [ 9.5, 7.5, -13 ],
			"faces": {
				"down": { "uv": [ 14.625, 13.875, 15.375, 14 ], "texture": "#rp-3" },
				"up": { "uv": [ 1.5, 7.875, 2.25, 7.75 ], "texture": "#rp-3" },
				"north": { "uv": [ 15.375, 14.25, 14.625, 14.5 ], "texture": "#rp-3" },
				"south": { "uv": [ 14.625, 14, 15.375, 14.25 ], "texture": "#rp-3" },
				"west": { "uv": [ 0.75, 0.125, 0.875, 0.375 ], "texture": "#rp-3" },
				"east": { "uv": [ 1, 4.875, 0.875, 5.125 ], "texture": "#rp-3" }
			}
		},
		{
			"__comment": "Voxels",
			"from": [ 6.5, 6.5, -13 ],
			"to": [ 9.5, 7, -6 ],
			"faces": {
				"down": { "uv": [ 1.5, 12.125, 2.25, 13.875 ], "texture": "#rp-3" },
				"up": { "uv": [ 1.5, 12.125, 2.25, 10.375 ], "texture": "#rp-3" },
				"north": { "uv": [ 2.25, 6.375, 1.5, 6.5 ], "texture": "#rp-3" },
				"south": { "uv": [ 1.5, 6.5, 2.25, 6.625 ], "texture": "#rp-3" },
				"west": { "uv": [ 13.5, 15.875, 15.25, 16 ], "texture": "#rp-3" },
				"east": { "uv": [ 15.25, 15.75, 13.5, 15.875 ], "texture": "#rp-3" }
			}
		},
		{
			"__comment": "Voxels",
			"from": [ 6.5, 7, -14 ],
			"to": [ 9.5, 9, -13.5 ],
			"faces": {
				"down": { "uv": [ 1.5, 7.625, 2.25, 7.75 ], "texture": "#rp-3" },
				"up": { "uv": [ 1.5, 6, 2.25, 5.875 ], "texture": "#rp-3" },
				"north": { "uv": [ 13.625, 14, 12.875, 14.5 ], "texture": "#rp-3" },
				"south": { "uv": [ 13.875, 15, 14.625, 15.5 ], "texture": "#rp-3" },
				"west": { "uv": [ 0.5, 3.25, 0.625, 3.75 ], "texture": "#rp-3" },
				"east": { "uv": [ 0.75, 3.25, 0.625, 3.75 ], "texture": "#rp-3" }
			}
		},
		{
			"__comment": "Voxels",
			"from": [ 6.5, 7, -6.5 ],
			"to": [ 9.5, 7.5, -5.5 ],
			"faces": {
				"down": { "uv": [ 1.5, 9.625, 2.25, 9.875 ], "texture": "#rp-3" },
				"up": { "uv": [ 1.5, 9.125, 2.25, 8.875 ], "texture": "#rp-3" },
				"north": { "uv": [ 2.25, 7.125, 1.5, 7.25 ], "texture": "#rp-3" },
				"south": { "uv": [ 1.5, 7, 2.25, 7.125 ], "texture": "#rp-3" },
				"west": { "uv": [ 0.75, 0, 1, 0.125 ], "texture": "#rp-3" },
				"east": { "uv": [ 1.25, 6.625, 1, 6.75 ], "texture": "#rp-3" }
			}
		},
		{
			"__comment": "Voxels",
			"from": [ 6.5, 7.5, -14.5 ],
			"to": [ 9.5, 8.5, -14 ],
			"faces": {
				"down": { "uv": [ 1.5, 7.25, 2.25, 7.375 ], "texture": "#rp-3" },
				"up": { "uv": [ 1.5, 6.875, 2.25, 6.75 ], "texture": "#rp-3" },
				"north": { "uv": [ 16, 15.75, 15.25, 16 ], "texture": "#rp-3" },
				"south": { "uv": [ 1.5, 9.125, 2.25, 9.375 ], "texture": "#rp-3" },
				"west": { "uv": [ 0.875, 0.125, 1, 0.375 ], "texture": "#rp-3" },
				"east": { "uv": [ 1.125, 6.375, 1, 6.625 ], "texture": "#rp-3" }
			}
		},
		{
			"__comment": "Voxels",
			"from": [ 6.5, 7.5, -6 ],
			"to": [ 9.5, 9, -5.5 ],
			"faces": {
				"down": { "uv": [ 1.5, 6, 2.25, 6.125 ], "texture": "#rp-3" },
				"up": { "uv": [ 1.5, 6.25, 2.25, 6.125 ], "texture": "#rp-3" },
				"north": { "uv": [ 14.625, 14.625, 13.875, 15 ], "texture": "#rp-3" },
				"south": { "uv": [ 13.875, 14.25, 14.625, 14.625 ], "texture": "#rp-3" },
				"west": { "uv": [ 0.625, 0.875, 0.75, 1.25 ], "texture": "#rp-3" },
				"east": { "uv": [ 0.625, 0.875, 0.5, 1.25 ], "texture": "#rp-3" }
			}
		},
		{
			"__comment": "Voxels",
			"from": [ 6.5, 7.5, -5.5 ],
			"to": [ 9.5, 8.5, -5 ],
			"faces": {
				"down": { "uv": [ 1.5, 5.75, 2.25, 5.875 ], "texture": "#rp-3" },
				"up": { "uv": [ 1.5, 7, 2.25, 6.875 ], "texture": "#rp-3" },
				"north": { "uv": [ 2.25, 9.375, 1.5, 9.625 ], "texture": "#rp-3" },
				"south": { "uv": [ 1.5, 9.875, 2.25, 10.125 ], "texture": "#rp-3" },
				"west": { "uv": [ 1.125, 6.375, 1.25, 6.625 ], "texture": "#rp-3" },
				"east": { "uv": [ 1.125, 6.125, 1, 6.375 ], "texture": "#rp-3" }
			}
		},
		{
			"__comment": "Voxels",
			"from": [ 6.5, 8.5, -13.5 ],
			"to": [ 9.5, 9.5, -13 ],
			"faces": {
				"down": { "uv": [ 1.5, 7.375, 2.25, 7.5 ], "texture": "#rp-3" },
				"up": { "uv": [ 1.5, 7.625, 2.25, 7.5 ], "texture": "#rp-3" },
				"north": { "uv": [ 2.25, 10.125, 1.5, 10.375 ], "texture": "#rp-3" },
				"south": { "uv": [ 14.625, 14.5, 15.375, 14.75 ], "texture": "#rp-3" },
				"west": { "uv": [ 1.125, 6.125, 1.25, 6.375 ], "texture": "#rp-3" },
				"east": { "uv": [ 1.125, 5.375, 1, 5.625 ], "texture": "#rp-3" }
			}
		},
		{
			"__comment": "Voxels",
			"from": [ 6.5, 8.5, -6.5 ],
			"to": [ 9.5, 9.5, -6 ],
			"faces": {
				"down": { "uv": [ 1.5, 6.625, 2.25, 6.75 ], "texture": "#rp-3" },
				"up": { "uv": [ 1.5, 6.375, 2.25, 6.25 ], "texture": "#rp-3" },
				"north": { "uv": [ 15.375, 14.75, 14.625, 15 ], "texture": "#rp-3" },
				"south": { "uv": [ 13.875, 14, 14.625, 14.25 ], "texture": "#rp-3" },
				"west": { "uv": [ 1.125, 5.375, 1.25, 5.625 ], "texture": "#rp-3" },
				"east": { "uv": [ 0.875, 5.375, 0.75, 5.625 ], "texture": "#rp-3" }
			}
		},
		{
			"__comment": "Voxels",
			"from": [ 6.5, 9, -13 ],
			"to": [ 9.5, 9.5, -6.5 ],
			"faces": {
				"down": { "uv": [ 7.25, 13.875, 8, 15.5 ], "texture": "#rp-3" },
				"up": { "uv": [ 6.5, 15.5, 7.25, 13.875 ], "texture": "#rp-3" },
				"north": { "uv": [ 14.625, 13.875, 13.875, 14 ], "texture": "#rp-3" },
				"south": { "uv": [ 12.875, 13.875, 13.625, 14 ], "texture": "#rp-3" },
				"west": { "uv": [ 9.5, 15.625, 11.125, 15.75 ], "texture": "#rp-3" },
				"east": { "uv": [ 12.75, 15.5, 11.125, 15.625 ], "texture": "#rp-3" }
			}
		},
		{
			"__comment": "Voxels",
			"from": [ 7, 6, -13 ],
			"to": [ 9, 6.5, -6.5 ],
			"faces": {
				"down": { "uv": [ 10.625, 13.875, 11.125, 15.5 ], "texture": "#rp-3" },
				"up": { "uv": [ 10.125, 15.5, 10.625, 13.875 ], "texture": "#rp-3" },
				"north": { "uv": [ 2, 2.375, 1.5, 2.5 ], "texture": "#rp-3" },
				"south": { "uv": [ 1.5, 2.25, 2, 2.375 ], "texture": "#rp-3" },
				"west": { "uv": [ 12.75, 15.5, 14.375, 15.625 ], "texture": "#rp-3" },
				"east": { "uv": [ 14.375, 15.625, 12.75, 15.75 ], "texture": "#rp-3" }
			}
		},
		{
			"__comment": "Voxels",
			"from": [ 7, 6.5, -14 ],
			"to": [ 9, 7, -13.5 ],
			"faces": {
				"down": { "uv": [ 1.5, 2.125, 2, 2.25 ], "texture": "#rp-3" },
				"up": { "uv": [ 1.5, 2.125, 2, 2 ], "texture": "#rp-3" },
				"north": { "uv": [ 2, 1.75, 1.5, 1.875 ], "texture": "#rp-3" },
				"south": { "uv": [ 1.5, 1.625, 2, 1.75 ], "texture": "#rp-3" },
				"west": { "uv": [ 1.125, 3.625, 1.25, 3.75 ], "texture": "#rp-3" },
				"east": { "uv": [ 1.125, 4, 1, 4.125 ], "texture": "#rp-3" }
			}
		},
		{
			"__comment": "Voxels",
			"from": [ 7, 6.5, -6 ],
			"to": [ 9, 7, -5.5 ],
			"faces": {
				"down": { "uv": [ 1.5, 1.25, 2, 1.375 ], "texture": "#rp-3" },
				"up": { "uv": [ 1.5, 1.25, 2, 1.125 ], "texture": "#rp-3" },
				"north": { "uv": [ 2, 1, 1.5, 1.125 ], "texture": "#rp-3" },
				"south": { "uv": [ 1.5, 0.875, 2, 1 ], "texture": "#rp-3" },
				"west": { "uv": [ 1, 3, 1.125, 3.125 ], "texture": "#rp-3" },
				"east": { "uv": [ 1.25, 2.25, 1.125, 2.375 ], "texture": "#rp-3" }
			}
		},
		{
			"__comment": "Voxels",
			"from": [ 7, 7, -15 ],
			"to": [ 9, 9, -14.5 ],
			"faces": {
				"down": { "uv": [ 11.625, 13.875, 12.125, 14 ], "texture": "#rp-3" },
				"up": { "uv": [ 12.125, 14, 12.625, 13.875 ], "texture": "#rp-3" },
				"north": { "uv": [ 15.125, 15, 14.625, 15.5 ], "texture": "#rp-3" },
				"south": { "uv": [ 15.125, 15, 15.625, 15.5 ], "texture": "#rp-3" },
				"west": { "uv": [ 0.5, 3.75, 0.625, 4.25 ], "texture": "#rp-3" },
				"east": { "uv": [ 0.75, 3.75, 0.625, 4.25 ], "texture": "#rp-3" }
			}
		},
		{
			"__comment": "Voxels",
			"from": [ 7, 7, -14.5 ],
			"to": [ 9, 7.5, -14 ],
			"faces": {
				"down": { "uv": [ 1.5, 5.25, 2, 5.375 ], "texture": "#rp-3" },
				"up": { "uv": [ 1.5, 5.25, 2, 5.125 ], "texture": "#rp-3" },
				"north": { "uv": [ 2, 5, 1.5, 5.125 ], "texture": "#rp-3" },
				"south": { "uv": [ 1.5, 4.875, 2, 5 ], "texture": "#rp-3" },
				"west": { "uv": [ 1, 2.25, 1.125, 2.375 ], "texture": "#rp-3" },
				"east": { "uv": [ 1.25, 2.625, 1.125, 2.75 ], "texture": "#rp-3" }
			}
		},
		{
			"__comment": "Voxels",
			"from": [ 7, 7, -5.5 ],
			"to": [ 9, 7.5, -5 ],
			"faces": {
				"down": { "uv": [ 1.5, 4.5, 2, 4.625 ], "texture": "#rp-3" },
				"up": { "uv": [ 1.5, 4.5, 2, 4.375 ], "texture": "#rp-3" },
				"north": { "uv": [ 2, 5.5, 1.5, 5.625 ], "texture": "#rp-3" },
				"south": { "uv": [ 1.5, 5.375, 2, 5.5 ], "texture": "#rp-3" },
				"west": { "uv": [ 1, 2.625, 1.125, 2.75 ], "texture": "#rp-3" },
				"east": { "uv": [ 1.25, 3, 1.125, 3.125 ], "texture": "#rp-3" }
			}
		},
		{
			"__comment": "Voxels",
			"from": [ 7, 7.5, -15.5 ],
			"to": [ 9, 8.5, -15 ],
			"faces": {
				"down": { "uv": [ 1.5, 3.875, 2, 4 ], "texture": "#rp-3" },
				"up": { "uv": [ 1.5, 3, 2, 2.875 ], "texture": "#rp-3" },
				"north": { "uv": [ 15.875, 14.25, 15.375, 14.5 ], "texture": "#rp-3" },
				"south": { "uv": [ 15.375, 14, 15.875, 14.25 ], "texture": "#rp-3" },
				"west": { "uv": [ 0.875, 5.375, 1, 5.625 ], "texture": "#rp-3" },
				"east": { "uv": [ 0.875, 4.875, 0.75, 5.125 ], "texture": "#rp-3" }
			}
		},
		{
			"__comment": "Voxels",
			"from": [ 7, 7.5, -5 ],
			"to": [ 9, 8.5, 27 ],
			"faces": {
				"down": { "uv": [ 0, 8, 0.5, 16 ], "texture": "#rp-3" },
				"up": { "uv": [ 0, 8, 0.5, 0 ], "texture": "#rp-3" },
				"north": { "uv": [ 2, 8.375, 1.5, 8.625 ], "texture": "#rp-3" },
				"south": { "uv": [ 1.5, 8.625, 2, 8.875 ], "texture": "#rp-3" },
				"west": { "uv": [ 1.5, 15.5, 9.5, 15.75 ], "texture": "#rp-3" },
				"east": { "uv": [ 9.5, 15.75, 1.5, 16 ], "texture": "#rp-3" }
			}
		},
		{
			"__comment": "Voxels",
			"from": [ 7, 7.5, 27 ],
			"to": [ 9, 8, 31 ],
			"faces": {
				"down": { "uv": [ 12.125, 14, 12.625, 15 ], "texture": "#rp-3" },
				"up": { "uv": [ 11.625, 15, 12.125, 14 ], "texture": "#rp-3" },
				"north": { "uv": [ 2, 2.5, 1.5, 2.625 ], "texture": "#rp-3" },
				"south": { "uv": [ 1.5, 0.75, 2, 0.875 ], "texture": "#rp-3" },
				"west": { "uv": [ 8.5, 13.875, 9.5, 14 ], "texture": "#rp-3" },
				"east": { "uv": [ 14.5, 13.75, 13.5, 13.875 ], "texture": "#rp-3" }
			}
		},
		{
			"__comment": "Voxels",
			"from": [ 7, 7.5, 31 ],
			"to": [ 7.5, 8, 32 ],
			"faces": {
				"down": { "uv": [ 0.75, 4.375, 0.875, 4.625 ], "texture": "#rp-3" },
				"up": { "uv": [ 0.875, 4.625, 1, 4.375 ], "texture": "#rp-3" },
				"north": { "uv": [ 1.125, 3.125, 1, 3.25 ], "texture": "#rp-3" },
				"south": { "uv": [ 1.125, 3.125, 1.25, 3.25 ], "texture": "#rp-3" },
				"west": { "uv": [ 0.75, 3.5, 1, 3.625 ], "texture": "#rp-3" },
				"east": { "uv": [ 1, 3.375, 0.75, 3.5 ], "texture": "#rp-3" }
			}
		},
		{
			"__comment": "Voxels",
			"from": [ 7, 8.5, -14.5 ],
			"to": [ 9, 9, -14 ],
			"faces": {
				"down": { "uv": [ 1.5, 4.625, 2, 4.75 ], "texture": "#rp-3" },
				"up": { "uv": [ 1.5, 4.875, 2, 4.75 ], "texture": "#rp-3" },
				"north": { "uv": [ 2, 0.625, 1.5, 0.75 ], "texture": "#rp-3" },
				"south": { "uv": [ 1.5, 1.375, 2, 1.5 ], "texture": "#rp-3" },
				"west": { "uv": [ 1.125, 4, 1.25, 4.125 ], "texture": "#rp-3" },
				"east": { "uv": [ 1.125, 3.625, 1, 3.75 ], "texture": "#rp-3" }
			}
		},
		{
			"__comment": "Voxels",
			"from": [ 7, 8.5, -5.5 ],
			"to": [ 9, 9, -5 ],
			"faces": {
				"down": { "uv": [ 1.5, 1.5, 2, 1.625 ], "texture": "#rp-3" },
				"up": { "uv": [ 1.5, 4.375, 2, 4.25 ], "texture": "#rp-3" },
				"north": { "uv": [ 2, 4.125, 1.5, 4.25 ], "texture": "#rp-3" },
				"south": { "uv": [ 1.5, 4, 2, 4.125 ], "texture": "#rp-3" },
				"west": { "uv": [ 1, 2.75, 1.125, 2.875 ], "texture": "#rp-3" },
				"east": { "uv": [ 1.25, 2.75, 1.125, 2.875 ], "texture": "#rp-3" }
			}
		},
		{
			"__comment": "Voxels",
			"from": [ 7, 9, -14 ],
			"to": [ 9, 9.5, -13.5 ],
			"faces": {
				"down": { "uv": [ 1.5, 1.875, 2, 2 ], "texture": "#rp-3" },
				"up": { "uv": [ 1.5, 3.875, 2, 3.75 ], "texture": "#rp-3" },
				"north": { "uv": [ 2, 3.625, 1.5, 3.75 ], "texture": "#rp-3" },
				"south": { "uv": [ 1.5, 3.5, 2, 3.625 ], "texture": "#rp-3" },
				"west": { "uv": [ 1, 4.25, 1.125, 4.375 ], "texture": "#rp-3" },
				"east": { "uv": [ 1.25, 4.25, 1.125, 4.375 ], "texture": "#rp-3" }
			}
		},
		{
			"__comment": "Voxels",
			"from": [ 7, 9, -6 ],
			"to": [ 9, 9.5, -5.5 ],
			"faces": {
				"down": { "uv": [ 1.5, 3.375, 2, 3.5 ], "texture": "#rp-3" },
				"up": { "uv": [ 1.5, 3.375, 2, 3.25 ], "texture": "#rp-3" },
				"north": { "uv": [ 2, 3.125, 1.5, 3.25 ], "texture": "#rp-3" },
				"south": { "uv": [ 1.5, 3, 2, 3.125 ], "texture": "#rp-3" },
				"west": { "uv": [ 1, 3.5, 1.125, 3.625 ], "texture": "#rp-3" },
				"east": { "uv": [ 1.25, 3.5, 1.125, 3.625 ], "texture": "#rp-3" }
			}
		},
		{
			"__comment": "Voxels",
			"from": [ 7, 9.5, -13 ],
			"to": [ 9, 10, -6.5 ],
			"faces": {
				"down": { "uv": [ 8, 13.875, 8.5, 15.5 ], "texture": "#rp-3" },
				"up": { "uv": [ 11.125, 15.5, 11.625, 13.875 ], "texture": "#rp-3" },
				"north": { "uv": [ 2, 2.75, 1.5, 2.875 ], "texture": "#rp-3" },
				"south": { "uv": [ 1.5, 2.625, 2, 2.75 ], "texture": "#rp-3" },
				"west": { "uv": [ 11.125, 15.625, 12.75, 15.75 ], "texture": "#rp-3" },
				"east": { "uv": [ 11.125, 15.5, 9.5, 15.625 ], "texture": "#rp-3" }
			}
		},
		{
			"__comment": "Voxels",
			"from": [ 7.5, 6, -13.5 ],
			"to": [ 8.5, 6.5, -13 ],
			"faces": {
				"down": { "uv": [ 1, 5.25, 1.25, 5.375 ], "texture": "#rp-3" },
				"up": { "uv": [ 1, 5.25, 1.25, 5.125 ], "texture": "#rp-3" },
				"north": { "uv": [ 1.25, 5, 1, 5.125 ], "texture": "#rp-3" },
				"south": { "uv": [ 1, 4.875, 1.25, 5 ], "texture": "#rp-3" },
				"west": { "uv": [ 1, 4.375, 1.125, 4.5 ], "texture": "#rp-3" },
				"east": { "uv": [ 1.25, 4.375, 1.125, 4.5 ], "texture": "#rp-3" }
			}
		},
		{
			"__comment": "Voxels",
			"from": [ 7.5, 6, -6.5 ],
			"to": [ 8.5, 6.5, -6 ],
			"faces": {
				"down": { "uv": [ 0.5, 0.75, 0.75, 0.875 ], "texture": "#rp-3" },
				"up": { "uv": [ 0.5, 0.75, 0.75, 0.625 ], "texture": "#rp-3" },
				"north": { "uv": [ 0.75, 0.5, 0.5, 0.625 ], "texture": "#rp-3" },
				"south": { "uv": [ 0.5, 0.375, 0.75, 0.5 ], "texture": "#rp-3" },
				"west": { "uv": [ 1, 3.875, 1.125, 4 ], "texture": "#rp-3" },
				"east": { "uv": [ 1.25, 3.875, 1.125, 4 ], "texture": "#rp-3" }
			}
		},
		{
			"__comment": "Voxels",
			"from": [ 7.5, 6.5, -14.5 ],
			"to": [ 8.5, 7, -14 ],
			"faces": {
				"down": { "uv": [ 0.5, 0.25, 0.75, 0.375 ], "texture": "#rp-3" },
				"up": { "uv": [ 0.5, 0.25, 0.75, 0.125 ], "texture": "#rp-3" },
				"north": { "uv": [ 0.75, 0, 0.5, 0.125 ], "texture": "#rp-3" },
				"south": { "uv": [ 0.75, 6.625, 1, 6.75 ], "texture": "#rp-3" },
				"west": { "uv": [ 1, 3.375, 1.125, 3.5 ], "texture": "#rp-3" },
				"east": { "uv": [ 1.25, 3.375, 1.125, 3.5 ], "texture": "#rp-3" }
			}
		},
		{
			"__comment": "Voxels",
			"from": [ 7.5, 6.5, -5.5 ],
			"to": [ 8.5, 7, -5 ],
			"faces": {
				"down": { "uv": [ 0.75, 6.5, 1, 6.625 ], "texture": "#rp-3" },
				"up": { "uv": [ 0.75, 6.5, 1, 6.375 ], "texture": "#rp-3" },
				"north": { "uv": [ 1, 6.25, 0.75, 6.375 ], "texture": "#rp-3" },
				"south": { "uv": [ 0.75, 6.125, 1, 6.25 ], "texture": "#rp-3" },
				"west": { "uv": [ 1, 2.875, 1.125, 3 ], "texture": "#rp-3" },
				"east": { "uv": [ 1.25, 2.875, 1.125, 3 ], "texture": "#rp-3" }
			}
		},
		{
			"__comment": "Voxels",
			"from": [ 7.5, 7, -15.5 ],
			"to": [ 8.5, 7.5, -15 ],
			"faces": {
				"down": { "uv": [ 0.75, 6, 1, 6.125 ], "texture": "#rp-3" },
				"up": { "uv": [ 0.75, 6, 1, 5.875 ], "texture": "#rp-3" },
				"north": { "uv": [ 1, 5.75, 0.75, 5.875 ], "texture": "#rp-3" },
				"south": { "uv": [ 0.75, 5.625, 1, 5.75 ], "texture": "#rp-3" },
				"west": { "uv": [ 1, 2.375, 1.125, 2.5 ], "texture": "#rp-3" },
				"east": { "uv": [ 1.25, 2.375, 1.125, 2.5 ], "texture": "#rp-3" }
			}
		},
		{
			"__comment": "Voxels",
			"from": [ 7.5, 7, -5 ],
			"to": [ 8.5, 7.5, 32 ],
			"faces": {
				"down": { "uv": [ 1, 6.75, 1.25, 16 ], "texture": "#rp-3" },
				"up": { "uv": [ 1.25, 16, 1.5, 6.75 ], "texture": "#rp-3" },
				"north": { "uv": [ 1, 5.25, 0.75, 5.375 ], "texture": "#rp-3" },
				"south": { "uv": [ 0.75, 5.125, 1, 5.25 ], "texture": "#rp-3" },
				"west": { "uv": [ 2.25, 13.375, 11.5, 13.5 ], "texture": "#rp-3" },
				"east": { "uv": [ 11.5, 13.5, 2.25, 13.625 ], "texture": "#rp-3" }
			}
		},
		{
			"__comment": "Voxels",
			"from": [ 7.5, 7.5, -16 ],
			"to": [ 8.5, 8.5, -15.5 ],
			"faces": {
				"down": { "uv": [ 0.75, 4.75, 1, 4.875 ], "texture": "#rp-3" },
				"up": { "uv": [ 0.75, 4.75, 1, 4.625 ], "texture": "#rp-3" },
				"north": { "uv": [ 0.75, 3, 0.5, 3.25 ], "texture": "#rp-3" },
				"south": { "uv": [ 0.5, 2.75, 0.75, 3 ], "texture": "#rp-3" },
				"west": { "uv": [ 0.75, 4.125, 0.875, 4.375 ], "texture": "#rp-3" },
				"east": { "uv": [ 1, 4.125, 0.875, 4.375 ], "texture": "#rp-3" }
			}
		},
		{
			"__comment": "Voxels",
			"from": [ 7.5, 8.5, -15.5 ],
			"to": [ 8.5, 9, -15 ],
			"faces": {
				"down": { "uv": [ 0.75, 4, 1, 4.125 ], "texture": "#rp-3" },
				"up": { "uv": [ 0.75, 4, 1, 3.875 ], "texture": "#rp-3" },
				"north": { "uv": [ 1, 3.75, 0.75, 3.875 ], "texture": "#rp-3" },
				"south": { "uv": [ 0.75, 3.625, 1, 3.75 ], "texture": "#rp-3" },
				"west": { "uv": [ 1, 3.25, 1.125, 3.375 ], "texture": "#rp-3" },
				"east": { "uv": [ 1.25, 3.25, 1.125, 3.375 ], "texture": "#rp-3" }
			}
		},
		{
			"__comment": "Voxels",
			"from": [ 7.5, 8.5, -5 ],
			"to": [ 8.5, 9, 32 ],
			"faces": {
				"down": { "uv": [ 0.5, 6.75, 0.75, 16 ], "texture": "#rp-3" },
				"up": { "uv": [ 0.75, 16, 1, 6.75 ], "texture": "#rp-3" },
				"north": { "uv": [ 1, 3.25, 0.75, 3.375 ], "texture": "#rp-3" },
				"south": { "uv": [ 0.75, 3.125, 1, 3.25 ], "texture": "#rp-3" },
				"west": { "uv": [ 2.25, 13.625, 11.5, 13.75 ], "texture": "#rp-3" },
				"east": { "uv": [ 11.5, 13.75, 2.25, 13.875 ], "texture": "#rp-3" }
			}
		},
		{
			"__comment": "Voxels",
			"from": [ 7.5, 9, -14.5 ],
			"to": [ 8.5, 9.5, -14 ],
			"faces": {
				"down": { "uv": [ 0.75, 2.75, 1, 2.875 ], "texture": "#rp-3" },
				"up": { "uv": [ 0.75, 2.75, 1, 2.625 ], "texture": "#rp-3" },
				"north": { "uv": [ 1, 2.5, 0.75, 2.625 ], "texture": "#rp-3" },
				"south": { "uv": [ 0.75, 2.375, 1, 2.5 ], "texture": "#rp-3" },
				"west": { "uv": [ 1, 2.5, 1.125, 2.625 ], "texture": "#rp-3" },
				"east": { "uv": [ 1.25, 2.5, 1.125, 2.625 ], "texture": "#rp-3" }
			}
		},
		{
			"__comment": "Voxels",
			"from": [ 7.5, 9, -5.5 ],
			"to": [ 8.5, 9.5, -5 ],
			"faces": {
				"down": { "uv": [ 0.75, 2.25, 1, 2.375 ], "texture": "#rp-3" },
				"up": { "uv": [ 0.75, 2.25, 1, 2.125 ], "texture": "#rp-3" },
				"north": { "uv": [ 1, 2, 0.75, 2.125 ], "texture": "#rp-3" },
				"south": { "uv": [ 0.75, 1.875, 1, 2 ], "texture": "#rp-3" },
				"west": { "uv": [ 1, 4.5, 1.125, 4.625 ], "texture": "#rp-3" },
				"east": { "uv": [ 1.25, 4.5, 1.125, 4.625 ], "texture": "#rp-3" }
			}
		},
		{
			"__comment": "Voxels",
			"from": [ 7.5, 9.5, -13.5 ],
			"to": [ 8.5, 10, -13 ],
			"faces": {
				"down": { "uv": [ 0.75, 1.75, 1, 1.875 ], "texture": "#rp-3" },
				"up": { "uv": [ 0.75, 1.75, 1, 1.625 ], "texture": "#rp-3" },
				"north": { "uv": [ 1, 1.5, 0.75, 1.625 ], "texture": "#rp-3" },
				"south": { "uv": [ 0.75, 1.375, 1, 1.5 ], "texture": "#rp-3" },
				"west": { "uv": [ 1, 4.125, 1.125, 4.25 ], "texture": "#rp-3" },
				"east": { "uv": [ 1.25, 4.125, 1.125, 4.25 ], "texture": "#rp-3" }
			}
		},
		{
			"__comment": "Voxels",
			"from": [ 7.5, 9.5, -6.5 ],
			"to": [ 8.5, 10, -6 ],
			"faces": {
				"down": { "uv": [ 0.75, 1.25, 1, 1.375 ], "texture": "#rp-3" },
				"up": { "uv": [ 0.75, 1.25, 1, 1.125 ], "texture": "#rp-3" },
				"north": { "uv": [ 1, 1, 0.75, 1.125 ], "texture": "#rp-3" },
				"south": { "uv": [ 0.75, 0.875, 1, 1 ], "texture": "#rp-3" },
				"west": { "uv": [ 1, 3.75, 1.125, 3.875 ], "texture": "#rp-3" },
				"east": { "uv": [ 1.25, 3.75, 1.125, 3.875 ], "texture": "#rp-3" }
			}
		},
		{
			"__comment": "Voxels",
			"from": [ 8, 5, 27 ],
			"to": [ 8.5, 7, 32 ],
			"faces": {
				"down": { "uv": [ 0.625, 5.5, 0.75, 6.75 ], "texture": "#rp-3" },
				"up": { "uv": [ 0.5, 6.75, 0.625, 5.5 ], "texture": "#rp-3" },
				"north": { "uv": [ 0.625, 2.25, 0.5, 2.75 ], "texture": "#rp-3" },
				"south": { "uv": [ 0.625, 2.25, 0.75, 2.75 ], "texture": "#rp-3" },
				"west": { "uv": [ 3.5, 14, 4.75, 14.5 ], "texture": "#rp-3" },
				"east": { "uv": [ 12.875, 15, 11.625, 15.5 ], "texture": "#rp-3" }
			}
		},
		{
			"__comment": "Voxels",
			"from": [ 8, 9, 27 ],
			"to": [ 8.5, 11, 32 ],
			"faces": {
				"down": { "uv": [ 0.5, 4.25, 0.625, 5.5 ], "texture": "#rp-3" },
				"up": { "uv": [ 0.625, 5.5, 0.75, 4.25 ], "texture": "#rp-3" },
				"north": { "uv": [ 0.625, 1.75, 0.5, 2.25 ], "texture": "#rp-3" },
				"south": { "uv": [ 0.625, 1.75, 0.75, 2.25 ], "texture": "#rp-3" },
				"west": { "uv": [ 8.5, 14, 9.75, 14.5 ], "texture": "#rp-3" },
				"east": { "uv": [ 6.25, 14, 5, 14.5 ], "texture": "#rp-3" }
			}
		},
		{
			"__comment": "Voxels",
			"from": [ 8.5, 7.5, 31 ],
			"to": [ 9, 8.5, 32 ],
			"faces": {
				"down": { "uv": [ 1, 5.875, 1.125, 6.125 ], "texture": "#rp-3" },
				"up": { "uv": [ 1.125, 6.125, 1.25, 5.875 ], "texture": "#rp-3" },
				"north": { "uv": [ 1.125, 5.625, 1, 5.875 ], "texture": "#rp-3" },
				"south": { "uv": [ 1.125, 5.625, 1.25, 5.875 ], "texture": "#rp-3" },
				"west": { "uv": [ 0.5, 1.5, 0.75, 1.75 ], "texture": "#rp-3" },
				"east": { "uv": [ 0.75, 1.25, 0.5, 1.5 ], "texture": "#rp-3" }
			}
		},
		{
			"__comment": "Voxels",
			"from": [ 9, 8, 31 ],
			"to": [ 11, 8.5, 32 ],
			"faces": {
				"down": { "uv": [ 1.5, 7.875, 2, 8.125 ], "texture": "#rp-3" },
				"up": { "uv": [ 1.5, 8.375, 2, 8.125 ], "texture": "#rp-3" },
				"north": { "uv": [ 2, 0.5, 1.5, 0.625 ], "texture": "#rp-3" },
				"south": { "uv": [ 1.5, 0.375, 2, 0.5 ], "texture": "#rp-3" },
				"west": { "uv": [ 1, 4.75, 1.25, 4.875 ], "texture": "#rp-3" },
				"east": { "uv": [ 1.25, 4.625, 1, 4.75 ], "texture": "#rp-3" }
			}
		}
	],
	"display": {
		"thirdperson_righthand": {
			"translation":  [ 0, -2, 0 ],
			"scale":  [ 0.4666, 0.4666, 0.4666 ]
		},
		"thirdperson_lefthand": {
			"translation":  [ 0, -2, 0 ],
			"scale":  [ 0.4666, 0.4666, 0.4666 ]
		}
	}
}