{
	"__comment": "Designed by Uran2471 with Cubik Studio - https://cubik.studio",
	"textures": {
		"particle": "blocks/particle",
		"sc500-bomb": "custom/sc500-bomb"
	},
	"elements": [ 	 
		{
			"__comment": "Voxels",
			"from": [ 1, 7, 30 ],
			"to": [ 2, 10, 31 ],
			"faces": {
				"down": { "uv": [ 11, 10.625, 11.125, 10.75 ], "texture": "#sc500-bomb" },
				"up": { "uv": [ 10.875, 11.25, 11, 11.125 ], "texture": "#sc500-bomb" },
				"north": { "uv": [ 7.75, 11.25, 7.625, 11.625 ], "texture": "#sc500-bomb" },
				"south": { "uv": [ 7.625, 9.5, 7.75, 9.875 ], "texture": "#sc500-bomb" },
				"west": { "uv": [ 8.75, 14.625, 8.875, 15 ], "texture": "#sc500-bomb" },
				"east": { "uv": [ 8.75, 10.5, 8.625, 10.875 ], "texture": "#sc500-bomb" }
			}
		},
		{
			"__comment": "Voxels",
			"from": [ 1, 8, 16 ],
			"to": [ 16, 9, 30 ],
			"faces": {
				"down": { "uv": [ 1.375, 14.25, 3.25, 16 ], "texture": "#sc500-bomb" },
				"up": { "uv": [ 1.375, 14.25, 3.25, 12.5 ], "texture": "#sc500-bomb" },
				"north": { "uv": [ 12.125, 15.5, 10.25, 15.625 ], "texture": "#sc500-bomb" },
				"south": { "uv": [ 12.125, 15.5, 14, 15.625 ], "texture": "#sc500-bomb" },
				"west": { "uv": [ 8.875, 15, 10.625, 15.125 ], "texture": "#sc500-bomb" },
				"east": { "uv": [ 12.375, 15, 10.625, 15.125 ], "texture": "#sc500-bomb" }
			}
		},
		{
			"__comment": "Voxels",
			"from": [ 1, 8, 31 ],
			"to": [ 16, 9, 32 ],
			"faces": {
				"down": { "uv": [ 14, 15.5, 15.875, 15.625 ], "texture": "#sc500-bomb" },
				"up": { "uv": [ 12.625, 15.25, 14.5, 15.125 ], "texture": "#sc500-bomb" },
				"north": { "uv": [ 12.625, 15.125, 10.75, 15.25 ], "texture": "#sc500-bomb" },
				"south": { "uv": [ 8.875, 15.125, 10.75, 15.25 ], "texture": "#sc500-bomb" },
				"west": { "uv": [ 10.875, 11, 11, 11.125 ], "texture": "#sc500-bomb" },
				"east": { "uv": [ 11, 10.625, 10.875, 10.75 ], "texture": "#sc500-bomb" }
			}
		},
		{
			"__comment": "Voxels",
			"from": [ 2, 6, 30 ],
			"to": [ 3, 7, 31 ],
			"faces": {
				"down": { "uv": [ 10.875, 10.5, 11, 10.625 ], "texture": "#sc500-bomb" },
				"up": { "uv": [ 10.875, 9, 11, 8.875 ], "texture": "#sc500-bomb" },
				"north": { "uv": [ 11, 8.75, 10.875, 8.875 ], "texture": "#sc500-bomb" },
				"south": { "uv": [ 10.875, 8.125, 11, 8.25 ], "texture": "#sc500-bomb" },
				"west": { "uv": [ 11, 12.125, 11.125, 12.25 ], "texture": "#sc500-bomb" },
				"east": { "uv": [ 11.125, 12, 11, 12.125 ], "texture": "#sc500-bomb" }
			}
		},
		{
			"__comment": "Voxels",
			"from": [ 2, 8, 15 ],
			"to": [ 15, 9, 16 ],
			"faces": {
				"down": { "uv": [ 10.5, 14.75, 12.125, 14.875 ], "texture": "#sc500-bomb" },
				"up": { "uv": [ 8.875, 14.875, 10.5, 14.75 ], "texture": "#sc500-bomb" },
				"north": { "uv": [ 15.625, 14.875, 14, 15 ], "texture": "#sc500-bomb" },
				"south": { "uv": [ 12.375, 14.875, 14, 15 ], "texture": "#sc500-bomb" },
				"west": { "uv": [ 11, 11.25, 11.125, 11.375 ], "texture": "#sc500-bomb" },
				"east": { "uv": [ 11.125, 10.5, 11, 10.625 ], "texture": "#sc500-bomb" }
			}
		},
		{
			"__comment": "Voxels",
			"from": [ 2, 8, 30 ],
			"to": [ 16, 9, 31 ],
			"faces": {
				"down": { "uv": [ 12.375, 15, 14.125, 15.125 ], "texture": "#sc500-bomb" },
				"up": { "uv": [ 14.125, 15.125, 15.875, 15 ], "texture": "#sc500-bomb" },
				"north": { "uv": [ 10.625, 14.875, 8.875, 15 ], "texture": "#sc500-bomb" },
				"south": { "uv": [ 10.625, 14.875, 12.375, 15 ], "texture": "#sc500-bomb" },
				"west": { "uv": [ 11, 10, 11.125, 10.125 ], "texture": "#sc500-bomb" },
				"east": { "uv": [ 11.125, 10.125, 11, 10.25 ], "texture": "#sc500-bomb" }
			}
		},
		{
			"__comment": "Voxels",
			"from": [ 2, 10, 30 ],
			"to": [ 3, 11, 31 ],
			"faces": {
				"down": { "uv": [ 11, 10.75, 11.125, 10.875 ], "texture": "#sc500-bomb" },
				"up": { "uv": [ 11, 11, 11.125, 10.875 ], "texture": "#sc500-bomb" },
				"north": { "uv": [ 11.125, 11, 11, 11.125 ], "texture": "#sc500-bomb" },
				"south": { "uv": [ 11, 11.125, 11.125, 11.25 ], "texture": "#sc500-bomb" },
				"west": { "uv": [ 11, 11.5, 11.125, 11.625 ], "texture": "#sc500-bomb" },
				"east": { "uv": [ 11.125, 11.625, 11, 11.75 ], "texture": "#sc500-bomb" }
			}
		},
		{
			"__comment": "Voxels",
			"from": [ 3, 5, -6 ],
			"to": [ 14, 11, 14 ],
			"faces": {
				"down": { "uv": [ 0, 11, 1.375, 13.5 ], "texture": "#sc500-bomb" },
				"up": { "uv": [ 0, 16, 1.375, 13.5 ], "texture": "#sc500-bomb" },
				"north": { "uv": [ 2.75, 8.25, 1.375, 9 ], "texture": "#sc500-bomb" },
				"south": { "uv": [ 1.375, 9, 2.75, 9.75 ], "texture": "#sc500-bomb" },
				"west": { "uv": [ 5.25, 15.25, 7.75, 16 ], "texture": "#sc500-bomb" },
				"east": { "uv": [ 7.75, 14.5, 5.25, 15.25 ], "texture": "#sc500-bomb" }
			}
		},
		{
			"__comment": "Voxels",
			"from": [ 3, 5, 30 ],
			"to": [ 4, 6, 31 ],
			"faces": {
				"down": { "uv": [ 11, 11.75, 11.125, 11.875 ], "texture": "#sc500-bomb" },
				"up": { "uv": [ 11, 12, 11.125, 11.875 ], "texture": "#sc500-bomb" },
				"north": { "uv": [ 11.125, 12.25, 11, 12.375 ], "texture": "#sc500-bomb" },
				"south": { "uv": [ 11, 12.375, 11.125, 12.5 ], "texture": "#sc500-bomb" },
				"west": { "uv": [ 11, 12.5, 11.125, 12.625 ], "texture": "#sc500-bomb" },
				"east": { "uv": [ 11.125, 12.625, 11, 12.75 ], "texture": "#sc500-bomb" }
			}
		},
		{
			"__comment": "Voxels",
			"from": [ 3, 6, -7 ],
			"to": [ 14, 11, -6 ],
			"faces": {
				"down": { "uv": [ 14.375, 14.375, 15.75, 14.5 ], "texture": "#sc500-bomb" },
				"up": { "uv": [ 13, 14.5, 14.375, 14.375 ], "texture": "#sc500-bomb" },
				"north": { "uv": [ 6.625, 12, 5.25, 12.625 ], "texture": "#sc500-bomb" },
				"south": { "uv": [ 5.25, 12.625, 6.625, 13.25 ], "texture": "#sc500-bomb" },
				"west": { "uv": [ 10.125, 9.75, 10.25, 10.375 ], "texture": "#sc500-bomb" },
				"east": { "uv": [ 10.25, 10.375, 10.125, 11 ], "texture": "#sc500-bomb" }
			}
		},
		{
			"__comment": "Voxels",
			"from": [ 3, 6, 14 ],
			"to": [ 14, 11, 15 ],
			"faces": {
				"down": { "uv": [ 14.375, 14.5, 15.75, 14.625 ], "texture": "#sc500-bomb" },
				"up": { "uv": [ 13, 14.625, 14.375, 14.5 ], "texture": "#sc500-bomb" },
				"north": { "uv": [ 6.625, 13.875, 5.25, 14.5 ], "texture": "#sc500-bomb" },
				"south": { "uv": [ 5.25, 13.25, 6.625, 13.875 ], "texture": "#sc500-bomb" },
				"west": { "uv": [ 10.125, 11, 10.25, 11.625 ], "texture": "#sc500-bomb" },
				"east": { "uv": [ 10.25, 11.625, 10.125, 12.25 ], "texture": "#sc500-bomb" }
			}
		},
		{
			"__comment": "Voxels",
			"from": [ 3, 7, -9 ],
			"to": [ 14, 9, -7 ],
			"faces": {
				"down": { "uv": [ 0, 8, 1.375, 8.25 ], "texture": "#sc500-bomb" },
				"up": { "uv": [ 1.375, 8.25, 2.75, 8 ], "texture": "#sc500-bomb" },
				"north": { "uv": [ 6.625, 9.875, 5.25, 10.125 ], "texture": "#sc500-bomb" },
				"south": { "uv": [ 5.25, 10.125, 6.625, 10.375 ], "texture": "#sc500-bomb" },
				"west": { "uv": [ 1.125, 8.25, 1.375, 8.5 ], "texture": "#sc500-bomb" },
				"east": { "uv": [ 6.875, 10.625, 6.625, 10.875 ], "texture": "#sc500-bomb" }
			}
		},
		{
			"__comment": "Voxels",
			"from": [ 3, 7, 15 ],
			"to": [ 14, 8, 16 ],
			"faces": {
				"down": { "uv": [ 13.5, 14.75, 14.875, 14.875 ], "texture": "#sc500-bomb" },
				"up": { "uv": [ 10.25, 14.625, 11.625, 14.5 ], "texture": "#sc500-bomb" },
				"north": { "uv": [ 13, 14.375, 11.625, 14.5 ], "texture": "#sc500-bomb" },
				"south": { "uv": [ 10.25, 14.375, 11.625, 14.5 ], "texture": "#sc500-bomb" },
				"west": { "uv": [ 10.875, 8.25, 11, 8.375 ], "texture": "#sc500-bomb" },
				"east": { "uv": [ 11, 8.375, 10.875, 8.5 ], "texture": "#sc500-bomb" }
			}
		},
		{
			"__comment": "Voxels",
			"from": [ 3, 9, -8 ],
			"to": [ 14, 10, -7 ],
			"faces": {
				"down": { "uv": [ 14.5, 15.125, 15.875, 15.25 ], "texture": "#sc500-bomb" },
				"up": { "uv": [ 8.875, 14.625, 10.25, 14.5 ], "texture": "#sc500-bomb" },
				"north": { "uv": [ 10.25, 14.375, 8.875, 14.5 ], "texture": "#sc500-bomb" },
				"south": { "uv": [ 11.625, 14.5, 13, 14.625 ], "texture": "#sc500-bomb" },
				"west": { "uv": [ 10.875, 8.5, 11, 8.625 ], "texture": "#sc500-bomb" },
				"east": { "uv": [ 11, 8.625, 10.875, 8.75 ], "texture": "#sc500-bomb" }
			}
		},
		{
			"__comment": "Voxels",
			"from": [ 3, 9, 15 ],
			"to": [ 14, 10, 16 ],
			"faces": {
				"down": { "uv": [ 8.875, 14.625, 10.25, 14.75 ], "texture": "#sc500-bomb" },
				"up": { "uv": [ 10.25, 14.75, 11.625, 14.625 ], "texture": "#sc500-bomb" },
				"north": { "uv": [ 14.375, 14.625, 13, 14.75 ], "texture": "#sc500-bomb" },
				"south": { "uv": [ 11.625, 14.625, 13, 14.75 ], "texture": "#sc500-bomb" },
				"west": { "uv": [ 10.875, 9, 11, 9.125 ], "texture": "#sc500-bomb" },
				"east": { "uv": [ 10.875, 8.75, 10.75, 8.875 ], "texture": "#sc500-bomb" }
			}
		},
		{
			"__comment": "Voxels",
			"from": [ 3, 11, 30 ],
			"to": [ 4, 12, 31 ],
			"faces": {
				"down": { "uv": [ 10.875, 9.125, 11, 9.25 ], "texture": "#sc500-bomb" },
				"up": { "uv": [ 10.875, 9.375, 11, 9.25 ], "texture": "#sc500-bomb" },
				"north": { "uv": [ 11, 9.375, 10.875, 9.5 ], "texture": "#sc500-bomb" },
				"south": { "uv": [ 10.875, 9.5, 11, 9.625 ], "texture": "#sc500-bomb" },
				"west": { "uv": [ 10.875, 9.625, 11, 9.75 ], "texture": "#sc500-bomb" },
				"east": { "uv": [ 11, 11.25, 10.875, 11.375 ], "texture": "#sc500-bomb" }
			}
		},
		{
			"__comment": "Voxels",
			"from": [ 4, 4, -6 ],
			"to": [ 13, 5, 14 ],
			"faces": {
				"down": { "uv": [ 3.25, 13.5, 4.375, 16 ], "texture": "#sc500-bomb" },
				"up": { "uv": [ 3.25, 13.5, 4.375, 11 ], "texture": "#sc500-bomb" },
				"north": { "uv": [ 10, 13.25, 8.875, 13.375 ], "texture": "#sc500-bomb" },
				"south": { "uv": [ 8.875, 13.125, 10, 13.25 ], "texture": "#sc500-bomb" },
				"west": { "uv": [ 10.25, 15.625, 12.75, 15.75 ], "texture": "#sc500-bomb" },
				"east": { "uv": [ 15.25, 15.625, 12.75, 15.75 ], "texture": "#sc500-bomb" }
			}
		},
		{
			"__comment": "Voxels",
			"from": [ 4, 4, 30 ],
			"to": [ 5, 5, 31 ],
			"faces": {
				"down": { "uv": [ 10.875, 11.375, 11, 11.5 ], "texture": "#sc500-bomb" },
				"up": { "uv": [ 10.875, 11.875, 11, 11.75 ], "texture": "#sc500-bomb" },
				"north": { "uv": [ 11, 11.875, 10.875, 12 ], "texture": "#sc500-bomb" },
				"south": { "uv": [ 10.875, 12, 11, 12.125 ], "texture": "#sc500-bomb" },
				"west": { "uv": [ 10.875, 12.125, 11, 12.25 ], "texture": "#sc500-bomb" },
				"east": { "uv": [ 15.75, 12.75, 15.625, 12.875 ], "texture": "#sc500-bomb" }
			}
		},
		{
			"__comment": "Voxels",
			"from": [ 4, 5, -9 ],
			"to": [ 13, 7, -7 ],
			"faces": {
				"down": { "uv": [ 13.375, 15.25, 14.5, 15.5 ], "texture": "#sc500-bomb" },
				"up": { "uv": [ 6.625, 12.25, 7.75, 12 ], "texture": "#sc500-bomb" },
				"north": { "uv": [ 7.75, 12.625, 6.625, 12.875 ], "texture": "#sc500-bomb" },
				"south": { "uv": [ 12.25, 15.25, 13.375, 15.5 ], "texture": "#sc500-bomb" },
				"west": { "uv": [ 6.625, 10.375, 6.875, 10.625 ], "texture": "#sc500-bomb" },
				"east": { "uv": [ 8.875, 14.375, 8.625, 14.625 ], "texture": "#sc500-bomb" }
			}
		},
		{
			"__comment": "Voxels",
			"from": [ 4, 5, -7 ],
			"to": [ 13, 6, -6 ],
			"faces": {
				"down": { "uv": [ 8.875, 13, 10, 13.125 ], "texture": "#sc500-bomb" },
				"up": { "uv": [ 8.875, 13, 10, 12.875 ], "texture": "#sc500-bomb" },
				"north": { "uv": [ 16, 14.75, 14.875, 14.875 ], "texture": "#sc500-bomb" },
				"south": { "uv": [ 8.875, 14.25, 10, 14.375 ], "texture": "#sc500-bomb" },
				"west": { "uv": [ 15.5, 12.75, 15.625, 12.875 ], "texture": "#sc500-bomb" },
				"east": { "uv": [ 15.5, 12.75, 15.375, 12.875 ], "texture": "#sc500-bomb" }
			}
		},
		{
			"__comment": "Voxels",
			"from": [ 4, 5, 14 ],
			"to": [ 13, 6, 16 ],
			"faces": {
				"down": { "uv": [ 6.5, 8.75, 7.625, 9 ], "texture": "#sc500-bomb" },
				"up": { "uv": [ 6.5, 8.75, 7.625, 8.5 ], "texture": "#sc500-bomb" },
				"north": { "uv": [ 11.125, 14.25, 10, 14.375 ], "texture": "#sc500-bomb" },
				"south": { "uv": [ 11.125, 14, 12.25, 14.125 ], "texture": "#sc500-bomb" },
				"west": { "uv": [ 8.625, 12.125, 8.875, 12.25 ], "texture": "#sc500-bomb" },
				"east": { "uv": [ 8.875, 14, 8.625, 14.125 ], "texture": "#sc500-bomb" }
			}
		},
		{
			"__comment": "Voxels",
			"from": [ 4, 6, -10 ],
			"to": [ 13, 11, -9 ],
			"faces": {
				"down": { "uv": [ 11.125, 14.25, 12.25, 14.375 ], "texture": "#sc500-bomb" },
				"up": { "uv": [ 12.25, 14.375, 13.375, 14.25 ], "texture": "#sc500-bomb" },
				"north": { "uv": [ 7.75, 13.25, 6.625, 13.875 ], "texture": "#sc500-bomb" },
				"south": { "uv": [ 6.625, 13.875, 7.75, 14.5 ], "texture": "#sc500-bomb" },
				"west": { "uv": [ 10, 8.125, 10.125, 8.75 ], "texture": "#sc500-bomb" },
				"east": { "uv": [ 10.125, 8.75, 10, 9.375 ], "texture": "#sc500-bomb" }
			}
		},
		{
			"__comment": "Voxels",
			"from": [ 4, 6, 15 ],
			"to": [ 13, 7, 18 ],
			"faces": {
				"down": { "uv": [ 5.75, 10.875, 6.875, 11.25 ], "texture": "#sc500-bomb" },
				"up": { "uv": [ 6.625, 12.625, 7.75, 12.25 ], "texture": "#sc500-bomb" },
				"north": { "uv": [ 14.5, 14.25, 13.375, 14.375 ], "texture": "#sc500-bomb" },
				"south": { "uv": [ 14.5, 14.25, 15.625, 14.375 ], "texture": "#sc500-bomb" },
				"west": { "uv": [ 15.625, 14.125, 16, 14.25 ], "texture": "#sc500-bomb" },
				"east": { "uv": [ 16, 14, 15.625, 14.125 ], "texture": "#sc500-bomb" }
			}
		},
		{
			"__comment": "Voxels",
			"from": [ 4, 7, -11 ],
			"to": [ 13, 9, -10 ],
			"faces": {
				"down": { "uv": [ 8.875, 14.125, 10, 14.25 ], "texture": "#sc500-bomb" },
				"up": { "uv": [ 10, 14.25, 11.125, 14.125 ], "texture": "#sc500-bomb" },
				"north": { "uv": [ 8.875, 15, 7.75, 15.25 ], "texture": "#sc500-bomb" },
				"south": { "uv": [ 6.625, 10.125, 7.75, 10.375 ], "texture": "#sc500-bomb" },
				"west": { "uv": [ 7.625, 8.5, 7.75, 8.75 ], "texture": "#sc500-bomb" },
				"east": { "uv": [ 8.875, 10, 8.75, 10.25 ], "texture": "#sc500-bomb" }
			}
		},
		{
			"__comment": "Voxels",
			"from": [ 4, 7, 16 ],
			"to": [ 13, 8, 19 ],
			"faces": {
				"down": { "uv": [ 6.625, 12.875, 7.75, 13.25 ], "texture": "#sc500-bomb" },
				"up": { "uv": [ 3.25, 8.375, 4.375, 8 ], "texture": "#sc500-bomb" },
				"north": { "uv": [ 12.25, 14.125, 11.125, 14.25 ], "texture": "#sc500-bomb" },
				"south": { "uv": [ 12.25, 14.125, 13.375, 14.25 ], "texture": "#sc500-bomb" },
				"west": { "uv": [ 9.5, 8.75, 9.875, 8.875 ], "texture": "#sc500-bomb" },
				"east": { "uv": [ 15.875, 13.75, 15.5, 13.875 ], "texture": "#sc500-bomb" }
			}
		},
		{
			"__comment": "Voxels",
			"from": [ 4, 9, -9 ],
			"to": [ 13, 11, -8 ],
			"faces": {
				"down": { "uv": [ 13.375, 14.125, 14.5, 14.25 ], "texture": "#sc500-bomb" },
				"up": { "uv": [ 14.5, 14.25, 15.625, 14.125 ], "texture": "#sc500-bomb" },
				"north": { "uv": [ 10, 15.25, 8.875, 15.5 ], "texture": "#sc500-bomb" },
				"south": { "uv": [ 10, 15.25, 11.125, 15.5 ], "texture": "#sc500-bomb" },
				"west": { "uv": [ 8.75, 10.25, 8.875, 10.5 ], "texture": "#sc500-bomb" },
				"east": { "uv": [ 8.875, 11.375, 8.75, 11.625 ], "texture": "#sc500-bomb" }
			}
		},
		{
			"__comment": "Voxels",
			"from": [ 4, 9, 16 ],
			"to": [ 13, 11, 17 ],
			"faces": {
				"down": { "uv": [ 8.875, 14, 10, 14.125 ], "texture": "#sc500-bomb" },
				"up": { "uv": [ 10, 14.125, 11.125, 14 ], "texture": "#sc500-bomb" },
				"north": { "uv": [ 7.625, 9, 6.5, 9.25 ], "texture": "#sc500-bomb" },
				"south": { "uv": [ 6.5, 8.25, 7.625, 8.5 ], "texture": "#sc500-bomb" },
				"west": { "uv": [ 8.75, 11.625, 8.875, 11.875 ], "texture": "#sc500-bomb" },
				"east": { "uv": [ 8.875, 11.875, 8.75, 12.125 ], "texture": "#sc500-bomb" }
			}
		},
		{
			"__comment": "Voxels",
			"from": [ 4, 9, 17 ],
			"to": [ 13, 10, 19 ],
			"faces": {
				"down": { "uv": [ 6.5, 9.25, 7.625, 9.5 ], "texture": "#sc500-bomb" },
				"up": { "uv": [ 6.5, 8.25, 7.625, 8 ], "texture": "#sc500-bomb" },
				"north": { "uv": [ 13.375, 14, 12.25, 14.125 ], "texture": "#sc500-bomb" },
				"south": { "uv": [ 13.375, 14, 14.5, 14.125 ], "texture": "#sc500-bomb" },
				"west": { "uv": [ 8.625, 13.75, 8.875, 13.875 ], "texture": "#sc500-bomb" },
				"east": { "uv": [ 8.875, 13.875, 8.625, 14 ], "texture": "#sc500-bomb" }
			}
		},
		{
			"__comment": "Voxels",
			"from": [ 4, 10, -8 ],
			"to": [ 13, 12, -7 ],
			"faces": {
				"down": { "uv": [ 14.5, 14, 15.625, 14.125 ], "texture": "#sc500-bomb" },
				"up": { "uv": [ 8.875, 14, 10, 13.875 ], "texture": "#sc500-bomb" },
				"north": { "uv": [ 15.625, 15.25, 14.5, 15.5 ], "texture": "#sc500-bomb" },
				"south": { "uv": [ 7.75, 15.25, 8.875, 15.5 ], "texture": "#sc500-bomb" },
				"west": { "uv": [ 7.625, 8.25, 7.75, 8.5 ], "texture": "#sc500-bomb" },
				"east": { "uv": [ 7.75, 8.75, 7.625, 9 ], "texture": "#sc500-bomb" }
			}
		},
		{
			"__comment": "Voxels",
			"from": [ 4, 10, 15 ],
			"to": [ 13, 12, 16 ],
			"faces": {
				"down": { "uv": [ 8.875, 13.75, 10, 13.875 ], "texture": "#sc500-bomb" },
				"up": { "uv": [ 8.875, 13.75, 10, 13.625 ], "texture": "#sc500-bomb" },
				"north": { "uv": [ 12.25, 15.25, 11.125, 15.5 ], "texture": "#sc500-bomb" },
				"south": { "uv": [ 6.625, 9.875, 7.75, 10.125 ], "texture": "#sc500-bomb" },
				"west": { "uv": [ 7.625, 9.25, 7.75, 9.5 ], "texture": "#sc500-bomb" },
				"east": { "uv": [ 8.875, 11.125, 8.75, 11.375 ], "texture": "#sc500-bomb" }
			}
		},
		{
			"__comment": "Voxels",
			"from": [ 4, 11, -7 ],
			"to": [ 13, 12, 15 ],
			"faces": {
				"down": { "uv": [ 0, 8.25, 1.125, 11 ], "texture": "#sc500-bomb" },
				"up": { "uv": [ 1.375, 12.5, 2.5, 9.75 ], "texture": "#sc500-bomb" },
				"north": { "uv": [ 10, 13.5, 8.875, 13.625 ], "texture": "#sc500-bomb" },
				"south": { "uv": [ 8.875, 13.375, 10, 13.5 ], "texture": "#sc500-bomb" },
				"west": { "uv": [ 7.75, 15.75, 10.5, 15.875 ], "texture": "#sc500-bomb" },
				"east": { "uv": [ 16, 15.875, 13.25, 16 ], "texture": "#sc500-bomb" }
			}
		},
		{
			"__comment": "Voxels",
			"from": [ 4, 12, 30 ],
			"to": [ 5, 13, 31 ],
			"faces": {
				"down": { "uv": [ 10.75, 8.875, 10.875, 9 ], "texture": "#sc500-bomb" },
				"up": { "uv": [ 10.625, 9.25, 10.75, 9.125 ], "texture": "#sc500-bomb" },
				"north": { "uv": [ 10.875, 9.25, 10.75, 9.375 ], "texture": "#sc500-bomb" },
				"south": { "uv": [ 10.625, 9.375, 10.75, 9.5 ], "texture": "#sc500-bomb" },
				"west": { "uv": [ 10.75, 9.5, 10.875, 9.625 ], "texture": "#sc500-bomb" },
				"east": { "uv": [ 10.75, 9.625, 10.625, 9.75 ], "texture": "#sc500-bomb" }
			}
		},
		{
			"__comment": "Voxels",
			"from": [ 5, 3, -6 ],
			"to": [ 12, 4, 14 ],
			"faces": {
				"down": { "uv": [ 4.375, 10.875, 5.25, 13.375 ], "texture": "#sc500-bomb" },
				"up": { "uv": [ 4.375, 10.875, 5.25, 8.375 ], "texture": "#sc500-bomb" },
				"north": { "uv": [ 10, 11.375, 9.125, 11.5 ], "texture": "#sc500-bomb" },
				"south": { "uv": [ 9.125, 11.25, 10, 11.375 ], "texture": "#sc500-bomb" },
				"west": { "uv": [ 7.75, 15.5, 10.25, 15.625 ], "texture": "#sc500-bomb" },
				"east": { "uv": [ 10.25, 15.625, 7.75, 15.75 ], "texture": "#sc500-bomb" }
			}
		},
		{
			"__comment": "Voxels",
			"from": [ 5, 3, 30 ],
			"to": [ 6, 4, 31 ],
			"faces": {
				"down": { "uv": [ 10.75, 9.75, 10.875, 9.875 ], "texture": "#sc500-bomb" },
				"up": { "uv": [ 10.625, 10, 10.75, 9.875 ], "texture": "#sc500-bomb" },
				"north": { "uv": [ 10.875, 10, 10.75, 10.125 ], "texture": "#sc500-bomb" },
				"south": { "uv": [ 10.625, 10.125, 10.75, 10.25 ], "texture": "#sc500-bomb" },
				"west": { "uv": [ 10.75, 10.25, 10.875, 10.375 ], "texture": "#sc500-bomb" },
				"east": { "uv": [ 10.75, 11.5, 10.625, 11.625 ], "texture": "#sc500-bomb" }
			}
		},
		{
			"__comment": "Voxels",
			"from": [ 5, 4, -9 ],
			"to": [ 12, 5, -6 ],
			"faces": {
				"down": { "uv": [ 5.25, 8, 6.125, 8.375 ], "texture": "#sc500-bomb" },
				"up": { "uv": [ 6.125, 9.875, 7, 9.5 ], "texture": "#sc500-bomb" },
				"north": { "uv": [ 9.75, 9.875, 8.875, 10 ], "texture": "#sc500-bomb" },
				"south": { "uv": [ 8.875, 9.75, 9.75, 9.875 ], "texture": "#sc500-bomb" },
				"west": { "uv": [ 10.25, 12.25, 10.625, 12.375 ], "texture": "#sc500-bomb" },
				"east": { "uv": [ 10.625, 12.125, 10.25, 12.25 ], "texture": "#sc500-bomb" }
			}
		},
		{
			"__comment": "Voxels",
			"from": [ 5, 4, 14 ],
			"to": [ 12, 5, 16 ],
			"faces": {
				"down": { "uv": [ 7.75, 13.125, 8.625, 13.375 ], "texture": "#sc500-bomb" },
				"up": { "uv": [ 7.75, 13.125, 8.625, 12.875 ], "texture": "#sc500-bomb" },
				"north": { "uv": [ 10, 8.625, 9.125, 8.75 ], "texture": "#sc500-bomb" },
				"south": { "uv": [ 9.125, 8.5, 10, 8.625 ], "texture": "#sc500-bomb" },
				"west": { "uv": [ 8.625, 12.25, 8.875, 12.375 ], "texture": "#sc500-bomb" },
				"east": { "uv": [ 8.875, 13.375, 8.625, 13.5 ], "texture": "#sc500-bomb" }
			}
		},
		{
			"__comment": "Voxels",
			"from": [ 5, 5, -10 ],
			"to": [ 12, 6, -9 ],
			"faces": {
				"down": { "uv": [ 9.125, 8.25, 10, 8.375 ], "texture": "#sc500-bomb" },
				"up": { "uv": [ 9.125, 8.25, 10, 8.125 ], "texture": "#sc500-bomb" },
				"north": { "uv": [ 10, 8, 9.125, 8.125 ], "texture": "#sc500-bomb" },
				"south": { "uv": [ 10, 13.875, 10.875, 14 ], "texture": "#sc500-bomb" },
				"west": { "uv": [ 10.75, 11.75, 10.875, 11.875 ], "texture": "#sc500-bomb" },
				"east": { "uv": [ 10.75, 11.875, 10.625, 12 ], "texture": "#sc500-bomb" }
			}
		},
		{
			"__comment": "Voxels",
			"from": [ 5, 5, 16 ],
			"to": [ 12, 6, 19 ],
			"faces": {
				"down": { "uv": [ 6.875, 10.875, 7.75, 11.25 ], "texture": "#sc500-bomb" },
				"up": { "uv": [ 5.75, 10.875, 6.625, 10.5 ], "texture": "#sc500-bomb" },
				"north": { "uv": [ 10, 8.375, 9.125, 8.5 ], "texture": "#sc500-bomb" },
				"south": { "uv": [ 10.875, 13.875, 11.75, 14 ], "texture": "#sc500-bomb" },
				"west": { "uv": [ 10.25, 12, 10.625, 12.125 ], "texture": "#sc500-bomb" },
				"east": { "uv": [ 10.625, 11.875, 10.25, 12 ], "texture": "#sc500-bomb" }
			}
		},
		{
			"__comment": "Voxels",
			"from": [ 5, 6, -11 ],
			"to": [ 12, 7, -10 ],
			"faces": {
				"down": { "uv": [ 12.625, 13.875, 13.5, 14 ], "texture": "#sc500-bomb" },
				"up": { "uv": [ 13.5, 14, 14.375, 13.875 ], "texture": "#sc500-bomb" },
				"north": { "uv": [ 15.25, 13.875, 14.375, 14 ], "texture": "#sc500-bomb" },
				"south": { "uv": [ 10, 13.75, 10.875, 13.875 ], "texture": "#sc500-bomb" },
				"west": { "uv": [ 10.75, 12, 10.875, 12.125 ], "texture": "#sc500-bomb" },
				"east": { "uv": [ 10.25, 8, 10.125, 8.125 ], "texture": "#sc500-bomb" }
			}
		},
		{
			"__comment": "Voxels",
			"from": [ 5, 6, 18 ],
			"to": [ 12, 7, 21 ],
			"faces": {
				"down": { "uv": [ 6.875, 10.5, 7.75, 10.875 ], "texture": "#sc500-bomb" },
				"up": { "uv": [ 5.25, 9.5, 6.125, 9.125 ], "texture": "#sc500-bomb" },
				"north": { "uv": [ 9.875, 12.125, 9, 12.25 ], "texture": "#sc500-bomb" },
				"south": { "uv": [ 9, 12, 9.875, 12.125 ], "texture": "#sc500-bomb" },
				"west": { "uv": [ 10.25, 11.75, 10.625, 11.875 ], "texture": "#sc500-bomb" },
				"east": { "uv": [ 10.625, 11.625, 10.25, 11.75 ], "texture": "#sc500-bomb" }
			}
		},
		{
			"__comment": "Voxels",
			"from": [ 5, 7, -12 ],
			"to": [ 12, 10, -11 ],
			"faces": {
				"down": { "uv": [ 8.875, 10.125, 9.75, 10.25 ], "texture": "#sc500-bomb" },
				"up": { "uv": [ 8.875, 9.75, 9.75, 9.625 ], "texture": "#sc500-bomb" },
				"north": { "uv": [ 6.125, 9.5, 5.25, 9.875 ], "texture": "#sc500-bomb" },
				"south": { "uv": [ 4.375, 8, 5.25, 8.375 ], "texture": "#sc500-bomb" },
				"west": { "uv": [ 10.625, 12.375, 10.75, 12.75 ], "texture": "#sc500-bomb" },
				"east": { "uv": [ 10.875, 12.375, 10.75, 12.75 ], "texture": "#sc500-bomb" }
			}
		},
		{
			"__comment": "Voxels",
			"from": [ 5, 7, 19 ],
			"to": [ 12, 8, 22 ],
			"faces": {
				"down": { "uv": [ 5.25, 8.375, 6.125, 8.75 ], "texture": "#sc500-bomb" },
				"up": { "uv": [ 5.25, 9.125, 6.125, 8.75 ], "texture": "#sc500-bomb" },
				"north": { "uv": [ 12.625, 13.875, 11.75, 14 ], "texture": "#sc500-bomb" },
				"south": { "uv": [ 9.125, 11.5, 10, 11.625 ], "texture": "#sc500-bomb" },
				"west": { "uv": [ 10.25, 11.5, 10.625, 11.625 ], "texture": "#sc500-bomb" },
				"east": { "uv": [ 10.625, 11.375, 10.25, 11.5 ], "texture": "#sc500-bomb" }
			}
		},
		{
			"__comment": "Voxels",
			"from": [ 5, 9, -11 ],
			"to": [ 12, 11, -10 ],
			"faces": {
				"down": { "uv": [ 9, 12.5, 9.875, 12.625 ], "texture": "#sc500-bomb" },
				"up": { "uv": [ 9.125, 11.125, 10, 11 ], "texture": "#sc500-bomb" },
				"north": { "uv": [ 8.625, 13.375, 7.75, 13.625 ], "texture": "#sc500-bomb" },
				"south": { "uv": [ 7.75, 13.625, 8.625, 13.875 ], "texture": "#sc500-bomb" },
				"west": { "uv": [ 8.75, 9.75, 8.875, 10 ], "texture": "#sc500-bomb" },
				"east": { "uv": [ 8.875, 8.875, 8.75, 9.125 ], "texture": "#sc500-bomb" }
			}
		},
		{
			"__comment": "Voxels",
			"from": [ 5, 9, 19 ],
			"to": [ 12, 10, 21 ],
			"faces": {
				"down": { "uv": [ 7.75, 13.875, 8.625, 14.125 ], "texture": "#sc500-bomb" },
				"up": { "uv": [ 7.75, 14.375, 8.625, 14.125 ], "texture": "#sc500-bomb" },
				"north": { "uv": [ 10, 11.75, 9.125, 11.875 ], "texture": "#sc500-bomb" },
				"south": { "uv": [ 5.75, 10.375, 6.625, 10.5 ], "texture": "#sc500-bomb" },
				"west": { "uv": [ 9.75, 10.625, 10, 10.75 ], "texture": "#sc500-bomb" },
				"east": { "uv": [ 16, 15.75, 15.75, 15.875 ], "texture": "#sc500-bomb" }
			}
		},
		{
			"__comment": "Voxels",
			"from": [ 5, 10, 17 ],
			"to": [ 12, 12, 18 ],
			"faces": {
				"down": { "uv": [ 6.875, 10.375, 7.75, 10.5 ], "texture": "#sc500-bomb" },
				"up": { "uv": [ 9, 12.5, 9.875, 12.375 ], "texture": "#sc500-bomb" },
				"north": { "uv": [ 8.625, 14.375, 7.75, 14.625 ], "texture": "#sc500-bomb" },
				"south": { "uv": [ 7.75, 12.125, 8.625, 12.375 ], "texture": "#sc500-bomb" },
				"west": { "uv": [ 7.625, 8, 7.75, 8.25 ], "texture": "#sc500-bomb" },
				"east": { "uv": [ 7.75, 9, 7.625, 9.25 ], "texture": "#sc500-bomb" }
			}
		},
		{
			"__comment": "Voxels",
			"from": [ 5, 10, 18 ],
			"to": [ 12, 11, 19 ],
			"faces": {
				"down": { "uv": [ 9, 11.875, 9.875, 12 ], "texture": "#sc500-bomb" },
				"up": { "uv": [ 9, 12.375, 9.875, 12.25 ], "texture": "#sc500-bomb" },
				"north": { "uv": [ 10, 11.625, 9.125, 11.75 ], "texture": "#sc500-bomb" },
				"south": { "uv": [ 9.125, 11.125, 10, 11.25 ], "texture": "#sc500-bomb" },
				"west": { "uv": [ 10.75, 10.5, 10.875, 10.625 ], "texture": "#sc500-bomb" },
				"east": { "uv": [ 10.75, 10.625, 10.625, 10.75 ], "texture": "#sc500-bomb" }
			}
		},
		{
			"__comment": "Voxels",
			"from": [ 5, 11, -10 ],
			"to": [ 12, 12, -8 ],
			"faces": {
				"down": { "uv": [ 7.75, 12.375, 8.625, 12.625 ], "texture": "#sc500-bomb" },
				"up": { "uv": [ 7.75, 12.875, 8.625, 12.625 ], "texture": "#sc500-bomb" },
				"north": { "uv": [ 10, 10.875, 9.125, 11 ], "texture": "#sc500-bomb" },
				"south": { "uv": [ 10.875, 13.75, 11.75, 13.875 ], "texture": "#sc500-bomb" },
				"west": { "uv": [ 15.75, 14.5, 16, 14.625 ], "texture": "#sc500-bomb" },
				"east": { "uv": [ 16, 14.625, 15.75, 14.75 ], "texture": "#sc500-bomb" }
			}
		},
		{
			"__comment": "Voxels",
			"from": [ 5, 11, 16 ],
			"to": [ 12, 12, 17 ],
			"faces": {
				"down": { "uv": [ 8.875, 10.75, 9.75, 10.875 ], "texture": "#sc500-bomb" },
				"up": { "uv": [ 8.875, 10.75, 9.75, 10.625 ], "texture": "#sc500-bomb" },
				"north": { "uv": [ 9.75, 10.5, 8.875, 10.625 ], "texture": "#sc500-bomb" },
				"south": { "uv": [ 8.875, 10.375, 9.75, 10.5 ], "texture": "#sc500-bomb" },
				"west": { "uv": [ 10.75, 10.875, 10.875, 11 ], "texture": "#sc500-bomb" },
				"east": { "uv": [ 10.75, 10.875, 10.625, 11 ], "texture": "#sc500-bomb" }
			}
		},
		{
			"__comment": "Voxels",
			"from": [ 5, 12, -6 ],
			"to": [ 12, 13, 15 ],
			"faces": {
				"down": { "uv": [ 4.375, 13.375, 5.25, 16 ], "texture": "#sc500-bomb" },
				"up": { "uv": [ 3.25, 11, 4.125, 8.375 ], "texture": "#sc500-bomb" },
				"north": { "uv": [ 9.75, 10.25, 8.875, 10.375 ], "texture": "#sc500-bomb" },
				"south": { "uv": [ 8.875, 10, 9.75, 10.125 ], "texture": "#sc500-bomb" },
				"west": { "uv": [ 10.5, 15.75, 13.125, 15.875 ], "texture": "#sc500-bomb" },
				"east": { "uv": [ 15.75, 15.75, 13.125, 15.875 ], "texture": "#sc500-bomb" }
			}
		},
		{
			"__comment": "Voxels",
			"from": [ 5, 13, 30 ],
			"to": [ 6, 14, 31 ],
			"faces": {
				"down": { "uv": [ 10.75, 11.5, 10.875, 11.625 ], "texture": "#sc500-bomb" },
				"up": { "uv": [ 10.75, 11.75, 10.875, 11.625 ], "texture": "#sc500-bomb" },
				"north": { "uv": [ 10.75, 11.625, 10.625, 11.75 ], "texture": "#sc500-bomb" },
				"south": { "uv": [ 10.625, 11.75, 10.75, 11.875 ], "texture": "#sc500-bomb" },
				"west": { "uv": [ 15.875, 13.125, 16, 13.25 ], "texture": "#sc500-bomb" },
				"east": { "uv": [ 16, 13.25, 15.875, 13.375 ], "texture": "#sc500-bomb" }
			}
		},
		{
			"__comment": "Voxels",
			"from": [ 6, 2, 30 ],
			"to": [ 7, 3, 31 ],
			"faces": {
				"down": { "uv": [ 15.875, 13.375, 16, 13.5 ], "texture": "#sc500-bomb" },
				"up": { "uv": [ 10, 8.125, 10.125, 8 ], "texture": "#sc500-bomb" },
				"north": { "uv": [ 16, 13.75, 15.875, 13.875 ], "texture": "#sc500-bomb" },
				"south": { "uv": [ 9, 10.875, 9.125, 11 ], "texture": "#sc500-bomb" },
				"west": { "uv": [ 9.875, 11.875, 10, 12 ], "texture": "#sc500-bomb" },
				"east": { "uv": [ 10, 12, 9.875, 12.125 ], "texture": "#sc500-bomb" }
			}
		},
		{
			"__comment": "Voxels",
			"from": [ 6, 3, -7 ],
			"to": [ 11, 4, -6 ],
			"faces": {
				"down": { "uv": [ 10.875, 13.25, 11.5, 13.375 ], "texture": "#sc500-bomb" },
				"up": { "uv": [ 11.5, 13.375, 12.125, 13.25 ], "texture": "#sc500-bomb" },
				"north": { "uv": [ 12.75, 13.25, 12.125, 13.375 ], "texture": "#sc500-bomb" },
				"south": { "uv": [ 12.75, 13.25, 13.375, 13.375 ], "texture": "#sc500-bomb" },
				"west": { "uv": [ 15.875, 15, 16, 15.125 ], "texture": "#sc500-bomb" },
				"east": { "uv": [ 16, 15.125, 15.875, 15.25 ], "texture": "#sc500-bomb" }
			}
		},
		{
			"__comment": "Voxels",
			"from": [ 6, 3, 14 ],
			"to": [ 11, 4, 15 ],
			"faces": {
				"down": { "uv": [ 14.625, 13.25, 15.25, 13.375 ], "texture": "#sc500-bomb" },
				"up": { "uv": [ 15.25, 13.375, 15.875, 13.25 ], "texture": "#sc500-bomb" },
				"north": { "uv": [ 10.875, 13.125, 10.25, 13.25 ], "texture": "#sc500-bomb" },
				"south": { "uv": [ 10.875, 13.125, 11.5, 13.25 ], "texture": "#sc500-bomb" },
				"west": { "uv": [ 8.75, 8, 8.875, 8.125 ], "texture": "#sc500-bomb" },
				"east": { "uv": [ 3.25, 8, 3.125, 8.125 ], "texture": "#sc500-bomb" }
			}
		},
		{
			"__comment": "Voxels",
			"from": [ 6, 4, -10 ],
			"to": [ 11, 5, -9 ],
			"faces": {
				"down": { "uv": [ 12.75, 13.125, 13.375, 13.25 ], "texture": "#sc500-bomb" },
				"up": { "uv": [ 13.375, 13.25, 14, 13.125 ], "texture": "#sc500-bomb" },
				"north": { "uv": [ 14.625, 13.125, 14, 13.25 ], "texture": "#sc500-bomb" },
				"south": { "uv": [ 14.625, 13.125, 15.25, 13.25 ], "texture": "#sc500-bomb" },
				"west": { "uv": [ 11, 9.75, 11.125, 9.875 ], "texture": "#sc500-bomb" },
				"east": { "uv": [ 11.125, 9.875, 11, 10 ], "texture": "#sc500-bomb" }
			}
		},
		{
			"__comment": "Voxels",
			"from": [ 6, 4, 16 ],
			"to": [ 11, 5, 18 ],
			"faces": {
				"down": { "uv": [ 7.75, 8.375, 8.375, 8.625 ], "texture": "#sc500-bomb" },
				"up": { "uv": [ 8, 9.75, 8.625, 9.5 ], "texture": "#sc500-bomb" },
				"north": { "uv": [ 14.25, 13.75, 13.625, 13.875 ], "texture": "#sc500-bomb" },
				"south": { "uv": [ 15.25, 13.625, 15.875, 13.75 ], "texture": "#sc500-bomb" },
				"west": { "uv": [ 8.625, 13.125, 8.875, 13.25 ], "texture": "#sc500-bomb" },
				"east": { "uv": [ 8.875, 13.25, 8.625, 13.375 ], "texture": "#sc500-bomb" }
			}
		},
		{
			"__comment": "Voxels",
			"from": [ 6, 5, -11 ],
			"to": [ 11, 6, -10 ],
			"faces": {
				"down": { "uv": [ 14.625, 13.5, 15.25, 13.625 ], "texture": "#sc500-bomb" },
				"up": { "uv": [ 14.625, 13.75, 15.25, 13.625 ], "texture": "#sc500-bomb" },
				"north": { "uv": [ 14.625, 13.5, 14, 13.625 ], "texture": "#sc500-bomb" },
				"south": { "uv": [ 14, 13.625, 14.625, 13.75 ], "texture": "#sc500-bomb" },
				"west": { "uv": [ 11, 11.375, 11.125, 11.5 ], "texture": "#sc500-bomb" },
				"east": { "uv": [ 11, 8, 10.875, 8.125 ], "texture": "#sc500-bomb" }
			}
		},
		{
			"__comment": "Voxels",
			"from": [ 6, 5, 19 ],
			"to": [ 11, 6, 21 ],
			"faces": {
				"down": { "uv": [ 8, 10.625, 8.625, 10.875 ], "texture": "#sc500-bomb" },
				"up": { "uv": [ 8, 11.125, 8.625, 10.875 ], "texture": "#sc500-bomb" },
				"north": { "uv": [ 12.125, 13.5, 11.5, 13.625 ], "texture": "#sc500-bomb" },
				"south": { "uv": [ 11.5, 13.625, 12.125, 13.75 ], "texture": "#sc500-bomb" },
				"west": { "uv": [ 9.75, 9.875, 10, 10 ], "texture": "#sc500-bomb" },
				"east": { "uv": [ 10, 10, 9.75, 10.125 ], "texture": "#sc500-bomb" }
			}
		},
		{
			"__comment": "Voxels",
			"from": [ 6, 6, -12 ],
			"to": [ 11, 7, -11 ],
			"faces": {
				"down": { "uv": [ 12.75, 13.5, 13.375, 13.625 ], "texture": "#sc500-bomb" },
				"up": { "uv": [ 15.25, 14, 15.875, 13.875 ], "texture": "#sc500-bomb" },
				"north": { "uv": [ 8.625, 10.5, 8, 10.625 ], "texture": "#sc500-bomb" },
				"south": { "uv": [ 15.25, 15.625, 15.875, 15.75 ], "texture": "#sc500-bomb" },
				"west": { "uv": [ 10.75, 9.125, 10.875, 9.25 ], "texture": "#sc500-bomb" },
				"east": { "uv": [ 10.75, 9.25, 10.625, 9.375 ], "texture": "#sc500-bomb" }
			}
		},
		{
			"__comment": "Voxels",
			"from": [ 6, 6, 21 ],
			"to": [ 11, 7, 23 ],
			"faces": {
				"down": { "uv": [ 8.125, 11.625, 8.75, 11.875 ], "texture": "#sc500-bomb" },
				"up": { "uv": [ 7.75, 11.375, 8.375, 11.125 ], "texture": "#sc500-bomb" },
				"north": { "uv": [ 14, 13.625, 13.375, 13.75 ], "texture": "#sc500-bomb" },
				"south": { "uv": [ 13.375, 13.5, 14, 13.625 ], "texture": "#sc500-bomb" },
				"west": { "uv": [ 8.625, 12.875, 8.875, 13 ], "texture": "#sc500-bomb" },
				"east": { "uv": [ 8.875, 13.625, 8.625, 13.75 ], "texture": "#sc500-bomb" }
			}
		},
		{
			"__comment": "Voxels",
			"from": [ 6, 7, -13 ],
			"to": [ 11, 10, -12 ],
			"faces": {
				"down": { "uv": [ 10.25, 12.75, 10.875, 12.875 ], "texture": "#sc500-bomb" },
				"up": { "uv": [ 10.25, 13.375, 10.875, 13.25 ], "texture": "#sc500-bomb" },
				"north": { "uv": [ 7.625, 9.5, 7, 9.875 ], "texture": "#sc500-bomb" },
				"south": { "uv": [ 7, 11.625, 7.625, 12 ], "texture": "#sc500-bomb" },
				"west": { "uv": [ 10.375, 11, 10.5, 11.375 ], "texture": "#sc500-bomb" },
				"east": { "uv": [ 10.625, 11, 10.5, 11.375 ], "texture": "#sc500-bomb" }
			}
		},
		{
			"__comment": "Voxels",
			"from": [ 6, 7, 22 ],
			"to": [ 11, 8, 25 ],
			"faces": {
				"down": { "uv": [ 7.75, 14.625, 8.375, 15 ], "texture": "#sc500-bomb" },
				"up": { "uv": [ 7, 11.625, 7.625, 11.25 ], "texture": "#sc500-bomb" },
				"north": { "uv": [ 12.75, 13.625, 12.125, 13.75 ], "texture": "#sc500-bomb" },
				"south": { "uv": [ 10.25, 12.875, 10.875, 13 ], "texture": "#sc500-bomb" },
				"west": { "uv": [ 10.25, 10.875, 10.625, 11 ], "texture": "#sc500-bomb" },
				"east": { "uv": [ 10.625, 10.75, 10.25, 10.875 ], "texture": "#sc500-bomb" }
			}
		},
		{
			"__comment": "Voxels",
			"from": [ 6, 9, 21 ],
			"to": [ 11, 11, 22 ],
			"faces": {
				"down": { "uv": [ 11.75, 13.75, 12.375, 13.875 ], "texture": "#sc500-bomb" },
				"up": { "uv": [ 12.375, 13.875, 13, 13.75 ], "texture": "#sc500-bomb" },
				"north": { "uv": [ 8.375, 10, 7.75, 10.25 ], "texture": "#sc500-bomb" },
				"south": { "uv": [ 7.75, 10.25, 8.375, 10.5 ], "texture": "#sc500-bomb" },
				"west": { "uv": [ 9.875, 9.125, 10, 9.375 ], "texture": "#sc500-bomb" },
				"east": { "uv": [ 10, 8.875, 9.875, 9.125 ], "texture": "#sc500-bomb" }
			}
		},
		{
			"__comment": "Voxels",
			"from": [ 6, 9, 22 ],
			"to": [ 11, 10, 24 ],
			"faces": {
				"down": { "uv": [ 7.75, 11.375, 8.375, 11.625 ], "texture": "#sc500-bomb" },
				"up": { "uv": [ 8.125, 12.125, 8.75, 11.875 ], "texture": "#sc500-bomb" },
				"north": { "uv": [ 10.875, 13, 10.25, 13.125 ], "texture": "#sc500-bomb" },
				"south": { "uv": [ 15.25, 13.125, 15.875, 13.25 ], "texture": "#sc500-bomb" },
				"west": { "uv": [ 8.625, 12.5, 8.875, 12.625 ], "texture": "#sc500-bomb" },
				"east": { "uv": [ 8.875, 12.375, 8.625, 12.5 ], "texture": "#sc500-bomb" }
			}
		},
		{
			"__comment": "Voxels",
			"from": [ 6, 10, -12 ],
			"to": [ 11, 11, -11 ],
			"faces": {
				"down": { "uv": [ 12.125, 13.125, 12.75, 13.25 ], "texture": "#sc500-bomb" },
				"up": { "uv": [ 11.5, 13.25, 12.125, 13.125 ], "texture": "#sc500-bomb" },
				"north": { "uv": [ 14.625, 13.25, 14, 13.375 ], "texture": "#sc500-bomb" },
				"south": { "uv": [ 13.375, 13.25, 14, 13.375 ], "texture": "#sc500-bomb" },
				"west": { "uv": [ 9.875, 12.5, 10, 12.625 ], "texture": "#sc500-bomb" },
				"east": { "uv": [ 10, 12.125, 9.875, 12.25 ], "texture": "#sc500-bomb" }
			}
		},
		{
			"__comment": "Voxels",
			"from": [ 6, 10, 19 ],
			"to": [ 11, 11, 21 ],
			"faces": {
				"down": { "uv": [ 7.75, 8.625, 8.375, 8.875 ], "texture": "#sc500-bomb" },
				"up": { "uv": [ 7.75, 9.125, 8.375, 8.875 ], "texture": "#sc500-bomb" },
				"north": { "uv": [ 15.875, 13.375, 15.25, 13.5 ], "texture": "#sc500-bomb" },
				"south": { "uv": [ 14.625, 13.375, 15.25, 13.5 ], "texture": "#sc500-bomb" },
				"west": { "uv": [ 9.75, 10.5, 10, 10.625 ], "texture": "#sc500-bomb" },
				"east": { "uv": [ 10, 10.375, 9.75, 10.5 ], "texture": "#sc500-bomb" }
			}
		},
		{
			"__comment": "Voxels",
			"from": [ 6, 11, -11 ],
			"to": [ 11, 12, -10 ],
			"faces": {
				"down": { "uv": [ 14, 13.375, 14.625, 13.5 ], "texture": "#sc500-bomb" },
				"up": { "uv": [ 13.375, 13.5, 14, 13.375 ], "texture": "#sc500-bomb" },
				"north": { "uv": [ 13.375, 13.375, 12.75, 13.5 ], "texture": "#sc500-bomb" },
				"south": { "uv": [ 12.125, 13.375, 12.75, 13.5 ], "texture": "#sc500-bomb" },
				"west": { "uv": [ 10.625, 12, 10.75, 12.125 ], "texture": "#sc500-bomb" },
				"east": { "uv": [ 10.875, 11.875, 10.75, 12 ], "texture": "#sc500-bomb" }
			}
		},
		{
			"__comment": "Voxels",
			"from": [ 6, 11, 18 ],
			"to": [ 11, 12, 19 ],
			"faces": {
				"down": { "uv": [ 11.5, 13.375, 12.125, 13.5 ], "texture": "#sc500-bomb" },
				"up": { "uv": [ 10.875, 13.5, 11.5, 13.375 ], "texture": "#sc500-bomb" },
				"north": { "uv": [ 10.875, 13.375, 10.25, 13.5 ], "texture": "#sc500-bomb" },
				"south": { "uv": [ 15.25, 13.5, 15.875, 13.625 ], "texture": "#sc500-bomb" },
				"west": { "uv": [ 10.625, 11.375, 10.75, 11.5 ], "texture": "#sc500-bomb" },
				"east": { "uv": [ 10.875, 11.375, 10.75, 11.5 ], "texture": "#sc500-bomb" }
			}
		},
		{
			"__comment": "Voxels",
			"from": [ 6, 12, -8 ],
			"to": [ 11, 13, -6 ],
			"faces": {
				"down": { "uv": [ 8, 9.25, 8.625, 9.5 ], "texture": "#sc500-bomb" },
				"up": { "uv": [ 7.75, 10, 8.375, 9.75 ], "texture": "#sc500-bomb" },
				"north": { "uv": [ 13.375, 13.625, 12.75, 13.75 ], "texture": "#sc500-bomb" },
				"south": { "uv": [ 12.125, 13.5, 12.75, 13.625 ], "texture": "#sc500-bomb" },
				"west": { "uv": [ 15.75, 14.375, 16, 14.5 ], "texture": "#sc500-bomb" },
				"east": { "uv": [ 10, 10.75, 9.75, 10.875 ], "texture": "#sc500-bomb" }
			}
		},
		{
			"__comment": "Voxels",
			"from": [ 6, 12, 15 ],
			"to": [ 11, 13, 16 ],
			"faces": {
				"down": { "uv": [ 10.875, 13.5, 11.5, 13.625 ], "texture": "#sc500-bomb" },
				"up": { "uv": [ 10.875, 13.75, 11.5, 13.625 ], "texture": "#sc500-bomb" },
				"north": { "uv": [ 13.625, 13.75, 13, 13.875 ], "texture": "#sc500-bomb" },
				"south": { "uv": [ 8, 9.125, 8.625, 9.25 ], "texture": "#sc500-bomb" },
				"west": { "uv": [ 10.625, 10.375, 10.75, 10.5 ], "texture": "#sc500-bomb" },
				"east": { "uv": [ 10.875, 10.125, 10.75, 10.25 ], "texture": "#sc500-bomb" }
			}
		},
		{
			"__comment": "Voxels",
			"from": [ 6, 14, 30 ],
			"to": [ 7, 15, 31 ],
			"faces": {
				"down": { "uv": [ 10.625, 10, 10.75, 10.125 ], "texture": "#sc500-bomb" },
				"up": { "uv": [ 10.75, 10, 10.875, 9.875 ], "texture": "#sc500-bomb" },
				"north": { "uv": [ 10.75, 9.75, 10.625, 9.875 ], "texture": "#sc500-bomb" },
				"south": { "uv": [ 10.75, 9.625, 10.875, 9.75 ], "texture": "#sc500-bomb" },
				"west": { "uv": [ 10.625, 9.5, 10.75, 9.625 ], "texture": "#sc500-bomb" },
				"east": { "uv": [ 10.875, 9.375, 10.75, 9.5 ], "texture": "#sc500-bomb" }
			}
		},
		{
			"__comment": "Voxels",
			"from": [ 7, 1, 30 ],
			"to": [ 10, 2, 31 ],
			"faces": {
				"down": { "uv": [ 10.25, 10.625, 10.625, 10.75 ], "texture": "#sc500-bomb" },
				"up": { "uv": [ 10.25, 10.625, 10.625, 10.5 ], "texture": "#sc500-bomb" },
				"north": { "uv": [ 10.625, 10.375, 10.25, 10.5 ], "texture": "#sc500-bomb" },
				"south": { "uv": [ 10.25, 10.25, 10.625, 10.375 ], "texture": "#sc500-bomb" },
				"west": { "uv": [ 10.625, 9, 10.75, 9.125 ], "texture": "#sc500-bomb" },
				"east": { "uv": [ 10.75, 8.75, 10.625, 8.875 ], "texture": "#sc500-bomb" }
			}
		},
		{
			"__comment": "Voxels",
			"from": [ 7, 3, -9 ],
			"to": [ 10, 4, -7 ],
			"faces": {
				"down": { "uv": [ 9.5, 9.125, 9.875, 9.375 ], "texture": "#sc500-bomb" },
				"up": { "uv": [ 8.375, 8.375, 8.75, 8.125 ], "texture": "#sc500-bomb" },
				"north": { "uv": [ 10.625, 10.125, 10.25, 10.25 ], "texture": "#sc500-bomb" },
				"south": { "uv": [ 10.25, 10, 10.625, 10.125 ], "texture": "#sc500-bomb" },
				"west": { "uv": [ 9.75, 9.75, 10, 9.875 ], "texture": "#sc500-bomb" },
				"east": { "uv": [ 10, 9.625, 9.75, 9.75 ], "texture": "#sc500-bomb" }
			}
		},
		{
			"__comment": "Voxels",
			"from": [ 7, 3, 15 ],
			"to": [ 10, 4, 16 ],
			"faces": {
				"down": { "uv": [ 10.25, 9.875, 10.625, 10 ], "texture": "#sc500-bomb" },
				"up": { "uv": [ 10.25, 9.875, 10.625, 9.75 ], "texture": "#sc500-bomb" },
				"north": { "uv": [ 10.625, 9.625, 10.25, 9.75 ], "texture": "#sc500-bomb" },
				"south": { "uv": [ 10.25, 9.5, 10.625, 9.625 ], "texture": "#sc500-bomb" },
				"west": { "uv": [ 11, 10.375, 11.125, 10.5 ], "texture": "#sc500-bomb" },
				"east": { "uv": [ 11.125, 10.25, 11, 10.375 ], "texture": "#sc500-bomb" }
			}
		},
		{
			"__comment": "Voxels",
			"from": [ 7, 4, -11 ],
			"to": [ 10, 5, -10 ],
			"faces": {
				"down": { "uv": [ 10.25, 9.375, 10.625, 9.5 ], "texture": "#sc500-bomb" },
				"up": { "uv": [ 10.25, 9.375, 10.625, 9.25 ], "texture": "#sc500-bomb" },
				"north": { "uv": [ 10.625, 9.125, 10.25, 9.25 ], "texture": "#sc500-bomb" },
				"south": { "uv": [ 10.25, 9, 10.625, 9.125 ], "texture": "#sc500-bomb" },
				"west": { "uv": [ 11, 9.375, 11.125, 9.5 ], "texture": "#sc500-bomb" },
				"east": { "uv": [ 11.125, 9.25, 11, 9.375 ], "texture": "#sc500-bomb" }
			}
		},
		{
			"__comment": "Voxels",
			"from": [ 7, 4, 18 ],
			"to": [ 10, 5, 19 ],
			"faces": {
				"down": { "uv": [ 10.25, 8.875, 10.625, 9 ], "texture": "#sc500-bomb" },
				"up": { "uv": [ 10.25, 8.875, 10.625, 8.75 ], "texture": "#sc500-bomb" },
				"north": { "uv": [ 16, 14.25, 15.625, 14.375 ], "texture": "#sc500-bomb" },
				"south": { "uv": [ 10.25, 8.625, 10.625, 8.75 ], "texture": "#sc500-bomb" },
				"west": { "uv": [ 15.875, 15.625, 16, 15.75 ], "texture": "#sc500-bomb" },
				"east": { "uv": [ 16, 15.5, 15.875, 15.625 ], "texture": "#sc500-bomb" }
			}
		},
		{
			"__comment": "Voxels",
			"from": [ 7, 5, -12 ],
			"to": [ 10, 6, -11 ],
			"faces": {
				"down": { "uv": [ 10.25, 8.5, 10.625, 8.625 ], "texture": "#sc500-bomb" },
				"up": { "uv": [ 10.25, 8.5, 10.625, 8.375 ], "texture": "#sc500-bomb" },
				"north": { "uv": [ 10.625, 8.25, 10.25, 8.375 ], "texture": "#sc500-bomb" },
				"south": { "uv": [ 10.25, 8.125, 10.625, 8.25 ], "texture": "#sc500-bomb" },
				"west": { "uv": [ 9.875, 12.375, 10, 12.5 ], "texture": "#sc500-bomb" },
				"east": { "uv": [ 10, 12.25, 9.875, 12.375 ], "texture": "#sc500-bomb" }
			}
		},
		{
			"__comment": "Voxels",
			"from": [ 7, 5, 21 ],
			"to": [ 10, 6, 22 ],
			"faces": {
				"down": { "uv": [ 10.25, 8, 10.625, 8.125 ], "texture": "#sc500-bomb" },
				"up": { "uv": [ 10.875, 13.125, 11.25, 13 ], "texture": "#sc500-bomb" },
				"north": { "uv": [ 11.625, 13, 11.25, 13.125 ], "texture": "#sc500-bomb" },
				"south": { "uv": [ 11.625, 13, 12, 13.125 ], "texture": "#sc500-bomb" },
				"west": { "uv": [ 9.875, 8.75, 10, 8.875 ], "texture": "#sc500-bomb" },
				"east": { "uv": [ 16, 13.875, 15.875, 14 ], "texture": "#sc500-bomb" }
			}
		},
		{
			"__comment": "Voxels",
			"from": [ 7, 6, -13 ],
			"to": [ 10, 7, -12 ],
			"faces": {
				"down": { "uv": [ 12, 13, 12.375, 13.125 ], "texture": "#sc500-bomb" },
				"up": { "uv": [ 12.375, 13.125, 12.75, 13 ], "texture": "#sc500-bomb" },
				"north": { "uv": [ 13.125, 13, 12.75, 13.125 ], "texture": "#sc500-bomb" },
				"south": { "uv": [ 13.125, 13, 13.5, 13.125 ], "texture": "#sc500-bomb" },
				"west": { "uv": [ 15.875, 13.625, 16, 13.75 ], "texture": "#sc500-bomb" },
				"east": { "uv": [ 16, 13.5, 15.875, 13.625 ], "texture": "#sc500-bomb" }
			}
		},
		{
			"__comment": "Voxels",
			"from": [ 7, 6, 23 ],
			"to": [ 10, 7, 25 ],
			"faces": {
				"down": { "uv": [ 6.125, 8, 6.5, 8.25 ], "texture": "#sc500-bomb" },
				"up": { "uv": [ 9.5, 9.625, 9.875, 9.375 ], "texture": "#sc500-bomb" },
				"north": { "uv": [ 13.875, 13, 13.5, 13.125 ], "texture": "#sc500-bomb" },
				"south": { "uv": [ 13.875, 13, 14.25, 13.125 ], "texture": "#sc500-bomb" },
				"west": { "uv": [ 8.625, 14.25, 8.875, 14.375 ], "texture": "#sc500-bomb" },
				"east": { "uv": [ 8.875, 14.125, 8.625, 14.25 ], "texture": "#sc500-bomb" }
			}
		},
		{
			"__comment": "Voxels",
			"from": [ 7, 7, -14 ],
			"to": [ 10, 10, -13 ],
			"faces": {
				"down": { "uv": [ 14.25, 13, 14.625, 13.125 ], "texture": "#sc500-bomb" },
				"up": { "uv": [ 14.625, 13.125, 15, 13 ], "texture": "#sc500-bomb" },
				"north": { "uv": [ 8.125, 8, 7.75, 8.375 ], "texture": "#sc500-bomb" },
				"south": { "uv": [ 8.375, 14.625, 8.75, 15 ], "texture": "#sc500-bomb" },
				"west": { "uv": [ 10.625, 11, 10.75, 11.375 ], "texture": "#sc500-bomb" },
				"east": { "uv": [ 10.875, 11, 10.75, 11.375 ], "texture": "#sc500-bomb" }
			}
		},
		{
			"__comment": "Voxels",
			"from": [ 7, 7, 25 ],
			"to": [ 10, 8, 27 ],
			"faces": {
				"down": { "uv": [ 10.5, 13.5, 10.875, 13.75 ], "texture": "#sc500-bomb" },
				"up": { "uv": [ 9.5, 9.125, 9.875, 8.875 ], "texture": "#sc500-bomb" },
				"north": { "uv": [ 15.375, 13, 15, 13.125 ], "texture": "#sc500-bomb" },
				"south": { "uv": [ 15.375, 13, 15.75, 13.125 ], "texture": "#sc500-bomb" },
				"west": { "uv": [ 8.625, 12.75, 8.875, 12.875 ], "texture": "#sc500-bomb" },
				"east": { "uv": [ 8.875, 12.625, 8.625, 12.75 ], "texture": "#sc500-bomb" }
			}
		},
		{
			"__comment": "Voxels",
			"from": [ 7, 9, 24 ],
			"to": [ 10, 10, 26 ],
			"faces": {
				"down": { "uv": [ 8.375, 11.375, 8.75, 11.625 ], "texture": "#sc500-bomb" },
				"up": { "uv": [ 8.375, 8.875, 8.75, 8.625 ], "texture": "#sc500-bomb" },
				"north": { "uv": [ 11.25, 12.875, 10.875, 13 ], "texture": "#sc500-bomb" },
				"south": { "uv": [ 11.25, 12.875, 11.625, 13 ], "texture": "#sc500-bomb" },
				"west": { "uv": [ 8.625, 11, 8.875, 11.125 ], "texture": "#sc500-bomb" },
				"east": { "uv": [ 8.875, 10.875, 8.625, 11 ], "texture": "#sc500-bomb" }
			}
		},
		{
			"__comment": "Voxels",
			"from": [ 7, 10, -13 ],
			"to": [ 10, 11, -12 ],
			"faces": {
				"down": { "uv": [ 11.625, 12.875, 12, 13 ], "texture": "#sc500-bomb" },
				"up": { "uv": [ 12, 13, 12.375, 12.875 ], "texture": "#sc500-bomb" },
				"north": { "uv": [ 12.75, 12.875, 12.375, 13 ], "texture": "#sc500-bomb" },
				"south": { "uv": [ 12.75, 12.875, 13.125, 13 ], "texture": "#sc500-bomb" },
				"west": { "uv": [ 10.625, 10.75, 10.75, 10.875 ], "texture": "#sc500-bomb" },
				"east": { "uv": [ 10.875, 10.75, 10.75, 10.875 ], "texture": "#sc500-bomb" }
			}
		},
		{
			"__comment": "Voxels",
			"from": [ 7, 10, 22 ],
			"to": [ 10, 11, 23 ],
			"faces": {
				"down": { "uv": [ 13.125, 12.875, 13.5, 13 ], "texture": "#sc500-bomb" },
				"up": { "uv": [ 13.5, 13, 13.875, 12.875 ], "texture": "#sc500-bomb" },
				"north": { "uv": [ 14.25, 12.875, 13.875, 13 ], "texture": "#sc500-bomb" },
				"south": { "uv": [ 14.25, 12.875, 14.625, 13 ], "texture": "#sc500-bomb" },
				"west": { "uv": [ 10.75, 10.625, 10.875, 10.75 ], "texture": "#sc500-bomb" },
				"east": { "uv": [ 10.75, 10.5, 10.625, 10.625 ], "texture": "#sc500-bomb" }
			}
		},
		{
			"__comment": "Voxels",
			"from": [ 7, 11, -12 ],
			"to": [ 10, 12, -11 ],
			"faces": {
				"down": { "uv": [ 14.625, 12.875, 15, 13 ], "texture": "#sc500-bomb" },
				"up": { "uv": [ 15, 13, 15.375, 12.875 ], "texture": "#sc500-bomb" },
				"north": { "uv": [ 15.75, 12.875, 15.375, 13 ], "texture": "#sc500-bomb" },
				"south": { "uv": [ 10.875, 12.75, 11.25, 12.875 ], "texture": "#sc500-bomb" },
				"west": { "uv": [ 10.75, 10.375, 10.875, 10.5 ], "texture": "#sc500-bomb" },
				"east": { "uv": [ 10.75, 10.25, 10.625, 10.375 ], "texture": "#sc500-bomb" }
			}
		},
		{
			"__comment": "Voxels",
			"from": [ 7, 11, 19 ],
			"to": [ 10, 12, 21 ],
			"faces": {
				"down": { "uv": [ 8.375, 8.875, 8.75, 9.125 ], "texture": "#sc500-bomb" },
				"up": { "uv": [ 8.375, 10, 8.75, 9.75 ], "texture": "#sc500-bomb" },
				"north": { "uv": [ 11.625, 12.75, 11.25, 12.875 ], "texture": "#sc500-bomb" },
				"south": { "uv": [ 11.625, 12.75, 12, 12.875 ], "texture": "#sc500-bomb" },
				"west": { "uv": [ 8.625, 13.5, 8.875, 13.625 ], "texture": "#sc500-bomb" },
				"east": { "uv": [ 8.875, 13, 8.625, 13.125 ], "texture": "#sc500-bomb" }
			}
		},
		{
			"__comment": "Voxels",
			"from": [ 7, 12, -10 ],
			"to": [ 10, 13, -8 ],
			"faces": {
				"down": { "uv": [ 8.375, 10, 8.75, 10.25 ], "texture": "#sc500-bomb" },
				"up": { "uv": [ 8.375, 10.5, 8.75, 10.25 ], "texture": "#sc500-bomb" },
				"north": { "uv": [ 12.375, 12.75, 12, 12.875 ], "texture": "#sc500-bomb" },
				"south": { "uv": [ 12.375, 12.75, 12.75, 12.875 ], "texture": "#sc500-bomb" },
				"west": { "uv": [ 8.625, 9.625, 8.875, 9.75 ], "texture": "#sc500-bomb" },
				"east": { "uv": [ 8.875, 9.5, 8.625, 9.625 ], "texture": "#sc500-bomb" }
			}
		},
		{
			"__comment": "Voxels",
			"from": [ 7, 12, 16 ],
			"to": [ 10, 13, 18 ],
			"faces": {
				"down": { "uv": [ 8.375, 11.125, 8.75, 11.375 ], "texture": "#sc500-bomb" },
				"up": { "uv": [ 15.625, 15.5, 16, 15.25 ], "texture": "#sc500-bomb" },
				"north": { "uv": [ 13.125, 12.75, 12.75, 12.875 ], "texture": "#sc500-bomb" },
				"south": { "uv": [ 13.125, 12.75, 13.5, 12.875 ], "texture": "#sc500-bomb" },
				"west": { "uv": [ 9.75, 10.25, 10, 10.375 ], "texture": "#sc500-bomb" },
				"east": { "uv": [ 10, 10.125, 9.75, 10.25 ], "texture": "#sc500-bomb" }
			}
		},
		{
			"__comment": "Voxels",
			"from": [ 7, 13, -7 ],
			"to": [ 10, 14, 15 ],
			"faces": {
				"down": { "uv": [ 2.875, 9.75, 3.25, 12.5 ], "texture": "#sc500-bomb" },
				"up": { "uv": [ 2.5, 12.5, 2.875, 9.75 ], "texture": "#sc500-bomb" },
				"north": { "uv": [ 13.875, 12.75, 13.5, 12.875 ], "texture": "#sc500-bomb" },
				"south": { "uv": [ 13.875, 12.75, 14.25, 12.875 ], "texture": "#sc500-bomb" },
				"west": { "uv": [ 7.75, 15.875, 10.5, 16 ], "texture": "#sc500-bomb" },
				"east": { "uv": [ 13.25, 15.875, 10.5, 16 ], "texture": "#sc500-bomb" }
			}
		},
		{
			"__comment": "Voxels",
			"from": [ 7, 15, 30 ],
			"to": [ 10, 16, 31 ],
			"faces": {
				"down": { "uv": [ 14.25, 12.75, 14.625, 12.875 ], "texture": "#sc500-bomb" },
				"up": { "uv": [ 14.625, 12.875, 15, 12.75 ], "texture": "#sc500-bomb" },
				"north": { "uv": [ 15.375, 12.75, 15, 12.875 ], "texture": "#sc500-bomb" },
				"south": { "uv": [ 2.75, 8, 3.125, 8.125 ], "texture": "#sc500-bomb" },
				"west": { "uv": [ 10.75, 9, 10.875, 9.125 ], "texture": "#sc500-bomb" },
				"east": { "uv": [ 10.75, 8.875, 10.625, 9 ], "texture": "#sc500-bomb" }
			}
		},
		{
			"__comment": "Voxels",
			"from": [ 8, 1, 16 ],
			"to": [ 9, 4, 30 ],
			"faces": {
				"down": { "uv": [ 1.125, 9.25, 1.25, 11 ], "texture": "#sc500-bomb" },
				"up": { "uv": [ 1.25, 11, 1.375, 9.25 ], "texture": "#sc500-bomb" },
				"north": { "uv": [ 7.75, 11.625, 7.625, 12 ], "texture": "#sc500-bomb" },
				"south": { "uv": [ 8.75, 10.5, 8.875, 10.875 ], "texture": "#sc500-bomb" },
				"west": { "uv": [ 5.25, 11.25, 7, 11.625 ], "texture": "#sc500-bomb" },
				"east": { "uv": [ 7, 11.625, 5.25, 12 ], "texture": "#sc500-bomb" }
			}
		},
		{
			"__comment": "Voxels",
			"from": [ 8, 1, 31 ],
			"to": [ 9, 8, 32 ],
			"faces": {
				"down": { "uv": [ 10.625, 8.625, 10.75, 8.75 ], "texture": "#sc500-bomb" },
				"up": { "uv": [ 10.75, 8.75, 10.875, 8.625 ], "texture": "#sc500-bomb" },
				"north": { "uv": [ 9.5, 8.75, 9.375, 9.625 ], "texture": "#sc500-bomb" },
				"south": { "uv": [ 9.25, 8.75, 9.375, 9.625 ], "texture": "#sc500-bomb" },
				"west": { "uv": [ 8.875, 8.75, 9, 9.625 ], "texture": "#sc500-bomb" },
				"east": { "uv": [ 9.125, 11, 9, 11.875 ], "texture": "#sc500-bomb" }
			}
		},
		{
			"__comment": "Voxels",
			"from": [ 8, 2, 15 ],
			"to": [ 9, 3, 16 ],
			"faces": {
				"down": { "uv": [ 10.625, 8.5, 10.75, 8.625 ], "texture": "#sc500-bomb" },
				"up": { "uv": [ 10.75, 8.625, 10.875, 8.5 ], "texture": "#sc500-bomb" },
				"north": { "uv": [ 10.75, 8.375, 10.625, 8.5 ], "texture": "#sc500-bomb" },
				"south": { "uv": [ 10.75, 8.375, 10.875, 8.5 ], "texture": "#sc500-bomb" },
				"west": { "uv": [ 10.625, 8.25, 10.75, 8.375 ], "texture": "#sc500-bomb" },
				"east": { "uv": [ 10.875, 8.25, 10.75, 8.375 ], "texture": "#sc500-bomb" }
			}
		},
		{
			"__comment": "Voxels",
			"from": [ 8, 2, 30 ],
			"to": [ 9, 8, 31 ],
			"faces": {
				"down": { "uv": [ 15.75, 13, 15.875, 13.125 ], "texture": "#sc500-bomb" },
				"up": { "uv": [ 15.875, 13.125, 16, 13 ], "texture": "#sc500-bomb" },
				"north": { "uv": [ 9, 8, 8.875, 8.75 ], "texture": "#sc500-bomb" },
				"south": { "uv": [ 10, 11.5, 10.125, 12.25 ], "texture": "#sc500-bomb" },
				"west": { "uv": [ 10, 10, 10.125, 10.75 ], "texture": "#sc500-bomb" },
				"east": { "uv": [ 3.25, 9, 3.125, 9.75 ], "texture": "#sc500-bomb" }
			}
		},
		{
			"__comment": "Voxels",
			"from": [ 8, 4, 19 ],
			"to": [ 9, 5, 30 ],
			"faces": {
				"down": { "uv": [ 4.25, 8.875, 4.375, 10.25 ], "texture": "#sc500-bomb" },
				"up": { "uv": [ 4.125, 10.25, 4.25, 8.875 ], "texture": "#sc500-bomb" },
				"north": { "uv": [ 15.875, 12.875, 15.75, 13 ], "texture": "#sc500-bomb" },
				"south": { "uv": [ 15.875, 12.875, 16, 13 ], "texture": "#sc500-bomb" },
				"west": { "uv": [ 14.375, 14.625, 15.75, 14.75 ], "texture": "#sc500-bomb" },
				"east": { "uv": [ 13.5, 14.75, 12.125, 14.875 ], "texture": "#sc500-bomb" }
			}
		},
		{
			"__comment": "Voxels",
			"from": [ 8, 5, 22 ],
			"to": [ 9, 6, 30 ],
			"faces": {
				"down": { "uv": [ 8.875, 11.875, 9, 12.875 ], "texture": "#sc500-bomb" },
				"up": { "uv": [ 8.875, 11.875, 9, 10.875 ], "texture": "#sc500-bomb" },
				"north": { "uv": [ 15.875, 12.75, 15.75, 12.875 ], "texture": "#sc500-bomb" },
				"south": { "uv": [ 15.875, 12.75, 16, 12.875 ], "texture": "#sc500-bomb" },
				"west": { "uv": [ 9, 12.75, 10, 12.875 ], "texture": "#sc500-bomb" },
				"east": { "uv": [ 10, 12.625, 9, 12.75 ], "texture": "#sc500-bomb" }
			}
		},
		{
			"__comment": "Voxels",
			"from": [ 8, 6, 25 ],
			"to": [ 9, 7, 30 ],
			"faces": {
				"down": { "uv": [ 10.125, 12.875, 10.25, 13.5 ], "texture": "#sc500-bomb" },
				"up": { "uv": [ 10.125, 12.875, 10.25, 12.25 ], "texture": "#sc500-bomb" },
				"north": { "uv": [ 11, 11.625, 10.875, 11.75 ], "texture": "#sc500-bomb" },
				"south": { "uv": [ 10.875, 11.5, 11, 11.625 ], "texture": "#sc500-bomb" },
				"west": { "uv": [ 14.25, 13.75, 14.875, 13.875 ], "texture": "#sc500-bomb" },
				"east": { "uv": [ 15.5, 13.75, 14.875, 13.875 ], "texture": "#sc500-bomb" }
			}
		},
		{
			"__comment": "Voxels",
			"from": [ 8, 7, 27 ],
			"to": [ 9, 8, 30 ],
			"faces": {
				"down": { "uv": [ 8.625, 9.125, 8.75, 9.5 ], "texture": "#sc500-bomb" },
				"up": { "uv": [ 8.75, 9.5, 8.875, 9.125 ], "texture": "#sc500-bomb" },
				"north": { "uv": [ 11, 10.875, 10.875, 11 ], "texture": "#sc500-bomb" },
				"south": { "uv": [ 10.875, 10.75, 11, 10.875 ], "texture": "#sc500-bomb" },
				"west": { "uv": [ 8.375, 8, 8.75, 8.125 ], "texture": "#sc500-bomb" },
				"east": { "uv": [ 16, 14.875, 15.625, 15 ], "texture": "#sc500-bomb" }
			}
		},
		{
			"__comment": "Voxels",
			"from": [ 8, 8, -15 ],
			"to": [ 9, 9, -14 ],
			"faces": {
				"down": { "uv": [ 10.875, 10.375, 11, 10.5 ], "texture": "#sc500-bomb" },
				"up": { "uv": [ 10.875, 10.375, 11, 10.25 ], "texture": "#sc500-bomb" },
				"north": { "uv": [ 11, 10.125, 10.875, 10.25 ], "texture": "#sc500-bomb" },
				"south": { "uv": [ 10.875, 10, 11, 10.125 ], "texture": "#sc500-bomb" },
				"west": { "uv": [ 10.875, 9.875, 11, 10 ], "texture": "#sc500-bomb" },
				"east": { "uv": [ 11, 9.75, 10.875, 9.875 ], "texture": "#sc500-bomb" }
			}
		},
		{
			"__comment": "Voxels",
			"from": [ 8, 9, 26 ],
			"to": [ 9, 16, 30 ],
			"faces": {
				"down": { "uv": [ 10.125, 8.125, 10.25, 8.625 ], "texture": "#sc500-bomb" },
				"up": { "uv": [ 4.25, 8.875, 4.375, 8.375 ], "texture": "#sc500-bomb" },
				"north": { "uv": [ 9.125, 8.75, 9, 9.625 ], "texture": "#sc500-bomb" },
				"south": { "uv": [ 9.125, 8.75, 9.25, 9.625 ], "texture": "#sc500-bomb" },
				"west": { "uv": [ 5.25, 10.375, 5.75, 11.25 ], "texture": "#sc500-bomb" },
				"east": { "uv": [ 3.25, 8.125, 2.75, 9 ], "texture": "#sc500-bomb" }
			}
		},
		{
			"__comment": "Voxels",
			"from": [ 8, 9, 30 ],
			"to": [ 9, 15, 32 ],
			"faces": {
				"down": { "uv": [ 8.75, 8.625, 8.875, 8.875 ], "texture": "#sc500-bomb" },
				"up": { "uv": [ 8.75, 8.625, 8.875, 8.375 ], "texture": "#sc500-bomb" },
				"north": { "uv": [ 10.125, 13, 10, 13.75 ], "texture": "#sc500-bomb" },
				"south": { "uv": [ 10, 12.25, 10.125, 13 ], "texture": "#sc500-bomb" },
				"west": { "uv": [ 4.125, 10.25, 4.375, 11 ], "texture": "#sc500-bomb" },
				"east": { "uv": [ 1.375, 8.5, 1.125, 9.25 ], "texture": "#sc500-bomb" }
			}
		},
		{
			"__comment": "Voxels",
			"from": [ 8, 10, 23 ],
			"to": [ 9, 16, 26 ],
			"faces": {
				"down": { "uv": [ 8.125, 8, 8.25, 8.375 ], "texture": "#sc500-bomb" },
				"up": { "uv": [ 8.25, 8.375, 8.375, 8 ], "texture": "#sc500-bomb" },
				"north": { "uv": [ 9.125, 8, 9, 8.75 ], "texture": "#sc500-bomb" },
				"south": { "uv": [ 10, 10.75, 10.125, 11.5 ], "texture": "#sc500-bomb" },
				"west": { "uv": [ 6.125, 8.75, 6.5, 9.5 ], "texture": "#sc500-bomb" },
				"east": { "uv": [ 3.125, 9, 2.75, 9.75 ], "texture": "#sc500-bomb" }
			}
		},
		{
			"__comment": "Voxels",
			"from": [ 8, 11, 21 ],
			"to": [ 9, 16, 23 ],
			"faces": {
				"down": { "uv": [ 8.75, 8.125, 8.875, 8.375 ], "texture": "#sc500-bomb" },
				"up": { "uv": [ 9.875, 9.625, 10, 9.375 ], "texture": "#sc500-bomb" },
				"north": { "uv": [ 10.25, 9.125, 10.125, 9.75 ], "texture": "#sc500-bomb" },
				"south": { "uv": [ 10, 9.375, 10.125, 10 ], "texture": "#sc500-bomb" },
				"west": { "uv": [ 7.75, 10.5, 8, 11.125 ], "texture": "#sc500-bomb" },
				"east": { "uv": [ 8, 9.125, 7.75, 9.75 ], "texture": "#sc500-bomb" }
			}
		},
		{
			"__comment": "Voxels",
			"from": [ 8, 12, 18 ],
			"to": [ 9, 16, 21 ],
			"faces": {
				"down": { "uv": [ 10.25, 12.375, 10.375, 12.75 ], "texture": "#sc500-bomb" },
				"up": { "uv": [ 10.375, 12.75, 10.5, 12.375 ], "texture": "#sc500-bomb" },
				"north": { "uv": [ 4.25, 8.375, 4.125, 8.875 ], "texture": "#sc500-bomb" },
				"south": { "uv": [ 10.125, 8.625, 10.25, 9.125 ], "texture": "#sc500-bomb" },
				"west": { "uv": [ 7.75, 11.625, 8.125, 12.125 ], "texture": "#sc500-bomb" },
				"east": { "uv": [ 6.5, 8.25, 6.125, 8.75 ], "texture": "#sc500-bomb" }
			}
		},
		{
			"__comment": "Voxels",
			"from": [ 8, 13, 15 ],
			"to": [ 9, 15, 18 ],
			"faces": {
				"down": { "uv": [ 10.25, 11, 10.375, 11.375 ], "texture": "#sc500-bomb" },
				"up": { "uv": [ 10.5, 12.75, 10.625, 12.375 ], "texture": "#sc500-bomb" },
				"north": { "uv": [ 10.75, 8, 10.625, 8.25 ], "texture": "#sc500-bomb" },
				"south": { "uv": [ 10.75, 8, 10.875, 8.25 ], "texture": "#sc500-bomb" },
				"west": { "uv": [ 8.375, 8.375, 8.75, 8.625 ], "texture": "#sc500-bomb" },
				"east": { "uv": [ 10.5, 13.5, 10.125, 13.75 ], "texture": "#sc500-bomb" }
			}
		},
		{
			"__comment": "Voxels",
			"from": [ 8, 15, 16 ],
			"to": [ 9, 16, 18 ],
			"faces": {
				"down": { "uv": [ 10.875, 12.5, 11, 12.75 ], "texture": "#sc500-bomb" },
				"up": { "uv": [ 10.875, 12.5, 11, 12.25 ], "texture": "#sc500-bomb" },
				"north": { "uv": [ 11.125, 9.625, 11, 9.75 ], "texture": "#sc500-bomb" },
				"south": { "uv": [ 11, 9.5, 11.125, 9.625 ], "texture": "#sc500-bomb" },
				"west": { "uv": [ 10.625, 12.25, 10.875, 12.375 ], "texture": "#sc500-bomb" },
				"east": { "uv": [ 10.875, 12.125, 10.625, 12.25 ], "texture": "#sc500-bomb" }
			}
		},
		{
			"__comment": "Voxels",
			"from": [ 8, 15, 31 ],
			"to": [ 9, 16, 32 ],
			"faces": {
				"down": { "uv": [ 11, 9.125, 11.125, 9.25 ], "texture": "#sc500-bomb" },
				"up": { "uv": [ 11, 9.125, 11.125, 9 ], "texture": "#sc500-bomb" },
				"north": { "uv": [ 11.125, 8.875, 11, 9 ], "texture": "#sc500-bomb" },
				"south": { "uv": [ 11, 8.75, 11.125, 8.875 ], "texture": "#sc500-bomb" },
				"west": { "uv": [ 11, 8.625, 11.125, 8.75 ], "texture": "#sc500-bomb" },
				"east": { "uv": [ 11.125, 8.5, 11, 8.625 ], "texture": "#sc500-bomb" }
			}
		},
		{
			"__comment": "Voxels",
			"from": [ 10, 2, 30 ],
			"to": [ 11, 3, 31 ],
			"faces": {
				"down": { "uv": [ 11, 8.375, 11.125, 8.5 ], "texture": "#sc500-bomb" },
				"up": { "uv": [ 11, 8.375, 11.125, 8.25 ], "texture": "#sc500-bomb" },
				"north": { "uv": [ 11.125, 8.125, 11, 8.25 ], "texture": "#sc500-bomb" },
				"south": { "uv": [ 11, 8, 11.125, 8.125 ], "texture": "#sc500-bomb" },
				"west": { "uv": [ 11.125, 12.625, 11.25, 12.75 ], "texture": "#sc500-bomb" },
				"east": { "uv": [ 11.25, 12.5, 11.125, 12.625 ], "texture": "#sc500-bomb" }
			}
		},
		{
			"__comment": "Voxels",
			"from": [ 10, 14, 30 ],
			"to": [ 11, 15, 31 ],
			"faces": {
				"down": { "uv": [ 11.125, 12.375, 11.25, 12.5 ], "texture": "#sc500-bomb" },
				"up": { "uv": [ 11.125, 12.375, 11.25, 12.25 ], "texture": "#sc500-bomb" },
				"north": { "uv": [ 11.25, 12.125, 11.125, 12.25 ], "texture": "#sc500-bomb" },
				"south": { "uv": [ 11.125, 12, 11.25, 12.125 ], "texture": "#sc500-bomb" },
				"west": { "uv": [ 11.125, 11.875, 11.25, 12 ], "texture": "#sc500-bomb" },
				"east": { "uv": [ 11.25, 11.75, 11.125, 11.875 ], "texture": "#sc500-bomb" }
			}
		},
		{
			"__comment": "Voxels",
			"from": [ 11, 3, 30 ],
			"to": [ 12, 4, 31 ],
			"faces": {
				"down": { "uv": [ 11.125, 11.625, 11.25, 11.75 ], "texture": "#sc500-bomb" },
				"up": { "uv": [ 11.125, 11.625, 11.25, 11.5 ], "texture": "#sc500-bomb" },
				"north": { "uv": [ 11.25, 11.375, 11.125, 11.5 ], "texture": "#sc500-bomb" },
				"south": { "uv": [ 11.125, 11.25, 11.25, 11.375 ], "texture": "#sc500-bomb" },
				"west": { "uv": [ 11.125, 11.125, 11.25, 11.25 ], "texture": "#sc500-bomb" },
				"east": { "uv": [ 11.25, 11, 11.125, 11.125 ], "texture": "#sc500-bomb" }
			}
		},
		{
			"__comment": "Voxels",
			"from": [ 11, 13, 30 ],
			"to": [ 12, 14, 31 ],
			"faces": {
				"down": { "uv": [ 11.125, 10.875, 11.25, 11 ], "texture": "#sc500-bomb" },
				"up": { "uv": [ 11.125, 10.875, 11.25, 10.75 ], "texture": "#sc500-bomb" },
				"north": { "uv": [ 11.25, 10.625, 11.125, 10.75 ], "texture": "#sc500-bomb" },
				"south": { "uv": [ 11.125, 10.5, 11.25, 10.625 ], "texture": "#sc500-bomb" },
				"west": { "uv": [ 11.125, 10.375, 11.25, 10.5 ], "texture": "#sc500-bomb" },
				"east": { "uv": [ 11.25, 10.25, 11.125, 10.375 ], "texture": "#sc500-bomb" }
			}
		},
		{
			"__comment": "Voxels",
			"from": [ 12, 4, 30 ],
			"to": [ 13, 5, 31 ],
			"faces": {
				"down": { "uv": [ 11.125, 10.125, 11.25, 10.25 ], "texture": "#sc500-bomb" },
				"up": { "uv": [ 11.125, 10.125, 11.25, 10 ], "texture": "#sc500-bomb" },
				"north": { "uv": [ 11.25, 9.875, 11.125, 10 ], "texture": "#sc500-bomb" },
				"south": { "uv": [ 11.125, 9.75, 11.25, 9.875 ], "texture": "#sc500-bomb" },
				"west": { "uv": [ 11.125, 9.625, 11.25, 9.75 ], "texture": "#sc500-bomb" },
				"east": { "uv": [ 11.25, 9.5, 11.125, 9.625 ], "texture": "#sc500-bomb" }
			}
		},
		{
			"__comment": "Voxels",
			"from": [ 12, 12, 30 ],
			"to": [ 13, 13, 31 ],
			"faces": {
				"down": { "uv": [ 11.125, 9.375, 11.25, 9.5 ], "texture": "#sc500-bomb" },
				"up": { "uv": [ 11.125, 9.375, 11.25, 9.25 ], "texture": "#sc500-bomb" },
				"north": { "uv": [ 11.25, 9.125, 11.125, 9.25 ], "texture": "#sc500-bomb" },
				"south": { "uv": [ 11.125, 9, 11.25, 9.125 ], "texture": "#sc500-bomb" },
				"west": { "uv": [ 11.125, 8.875, 11.25, 9 ], "texture": "#sc500-bomb" },
				"east": { "uv": [ 11.25, 8.75, 11.125, 8.875 ], "texture": "#sc500-bomb" }
			}
		},
		{
			"__comment": "Voxels",
			"from": [ 13, 5, 30 ],
			"to": [ 14, 6, 31 ],
			"faces": {
				"down": { "uv": [ 11.125, 8.625, 11.25, 8.75 ], "texture": "#sc500-bomb" },
				"up": { "uv": [ 11.125, 8.625, 11.25, 8.5 ], "texture": "#sc500-bomb" },
				"north": { "uv": [ 11.25, 8.375, 11.125, 8.5 ], "texture": "#sc500-bomb" },
				"south": { "uv": [ 11.125, 8.25, 11.25, 8.375 ], "texture": "#sc500-bomb" },
				"west": { "uv": [ 11.125, 8.125, 11.25, 8.25 ], "texture": "#sc500-bomb" },
				"east": { "uv": [ 11.25, 8, 11.125, 8.125 ], "texture": "#sc500-bomb" }
			}
		},
		{
			"__comment": "Voxels",
			"from": [ 13, 11, 30 ],
			"to": [ 14, 12, 31 ],
			"faces": {
				"down": { "uv": [ 11.25, 12.625, 11.375, 12.75 ], "texture": "#sc500-bomb" },
				"up": { "uv": [ 11.375, 12.75, 11.5, 12.625 ], "texture": "#sc500-bomb" },
				"north": { "uv": [ 11.625, 12.625, 11.5, 12.75 ], "texture": "#sc500-bomb" },
				"south": { "uv": [ 11.625, 12.625, 11.75, 12.75 ], "texture": "#sc500-bomb" },
				"west": { "uv": [ 11.75, 12.625, 11.875, 12.75 ], "texture": "#sc500-bomb" },
				"east": { "uv": [ 12, 12.625, 11.875, 12.75 ], "texture": "#sc500-bomb" }
			}
		},
		{
			"__comment": "Voxels",
			"from": [ 14, 6, 30 ],
			"to": [ 15, 7, 31 ],
			"faces": {
				"down": { "uv": [ 12, 12.625, 12.125, 12.75 ], "texture": "#sc500-bomb" },
				"up": { "uv": [ 12.125, 12.75, 12.25, 12.625 ], "texture": "#sc500-bomb" },
				"north": { "uv": [ 12.375, 12.625, 12.25, 12.75 ], "texture": "#sc500-bomb" },
				"south": { "uv": [ 12.375, 12.625, 12.5, 12.75 ], "texture": "#sc500-bomb" },
				"west": { "uv": [ 12.5, 12.625, 12.625, 12.75 ], "texture": "#sc500-bomb" },
				"east": { "uv": [ 12.75, 12.625, 12.625, 12.75 ], "texture": "#sc500-bomb" }
			}
		},
		{
			"__comment": "Voxels",
			"from": [ 14, 10, 30 ],
			"to": [ 15, 11, 31 ],
			"faces": {
				"down": { "uv": [ 12.75, 12.625, 12.875, 12.75 ], "texture": "#sc500-bomb" },
				"up": { "uv": [ 12.875, 12.75, 13, 12.625 ], "texture": "#sc500-bomb" },
				"north": { "uv": [ 13.125, 12.625, 13, 12.75 ], "texture": "#sc500-bomb" },
				"south": { "uv": [ 13.125, 12.625, 13.25, 12.75 ], "texture": "#sc500-bomb" },
				"west": { "uv": [ 13.25, 12.625, 13.375, 12.75 ], "texture": "#sc500-bomb" },
				"east": { "uv": [ 13.5, 12.625, 13.375, 12.75 ], "texture": "#sc500-bomb" }
			}
		},
		{
			"__comment": "Voxels",
			"from": [ 15, 7, 30 ],
			"to": [ 16, 8, 31 ],
			"faces": {
				"down": { "uv": [ 13.5, 12.625, 13.625, 12.75 ], "texture": "#sc500-bomb" },
				"up": { "uv": [ 13.625, 12.75, 13.75, 12.625 ], "texture": "#sc500-bomb" },
				"north": { "uv": [ 13.875, 12.625, 13.75, 12.75 ], "texture": "#sc500-bomb" },
				"south": { "uv": [ 13.875, 12.625, 14, 12.75 ], "texture": "#sc500-bomb" },
				"west": { "uv": [ 14, 12.625, 14.125, 12.75 ], "texture": "#sc500-bomb" },
				"east": { "uv": [ 14.25, 12.625, 14.125, 12.75 ], "texture": "#sc500-bomb" }
			}
		},
		{
			"__comment": "Voxels",
			"from": [ 15, 9, 30 ],
			"to": [ 16, 10, 31 ],
			"faces": {
				"down": { "uv": [ 14.25, 12.625, 14.375, 12.75 ], "texture": "#sc500-bomb" },
				"up": { "uv": [ 14.375, 12.75, 14.5, 12.625 ], "texture": "#sc500-bomb" },
				"north": { "uv": [ 14.625, 12.625, 14.5, 12.75 ], "texture": "#sc500-bomb" },
				"south": { "uv": [ 14.625, 12.625, 14.75, 12.75 ], "texture": "#sc500-bomb" },
				"west": { "uv": [ 14.75, 12.625, 14.875, 12.75 ], "texture": "#sc500-bomb" },
				"east": { "uv": [ 15, 12.625, 14.875, 12.75 ], "texture": "#sc500-bomb" }
			}
		}
	],
	"display": {
		"thirdperson_righthand": {
			"rotation":  [ 0, 0, 45 ],
			"translation":  [ 0, -2, 0 ],
			"scale":  [ 0.6766, 0.6766, 0.6766 ]
		},
		"thirdperson_lefthand": {
			"rotation":  [ 0, 0, 45 ],
			"translation":  [ 0, -2, 0 ],
			"scale":  [ 0.6766, 0.6766, 0.6766 ]
		}
	}
}