{
	"__comment": "Designed by Uran2471 with Cubik Studio - https://cubik.studio",
	"textures": {
		"particle": "blocks/particle",
		"voxels_atlas": "custom/sc50-bomb"
	},
	"elements": [ 	 
		{
			"__comment": "Voxels",
			"from": [ 2, 8, 16 ],
			"to": [ 15, 9, 32 ],
			"faces": {
				"down": { "uv": [ 2.25, 12, 3.875, 14 ], "texture": "#voxels_atlas" },
				"up": { "uv": [ 2.25, 16, 3.875, 14 ], "texture": "#voxels_atlas" },
				"north": { "uv": [ 8.75, 14.75, 7.125, 14.875 ], "texture": "#voxels_atlas" },
				"south": { "uv": [ 7.125, 14.625, 8.75, 14.75 ], "texture": "#voxels_atlas" },
				"west": { "uv": [ 9, 15, 11, 15.125 ], "texture": "#voxels_atlas" },
				"east": { "uv": [ 13, 15, 11, 15.125 ], "texture": "#voxels_atlas" }
			}
		},
		{
			"__comment": "Voxels",
			"from": [ 3, 8, 15 ],
			"to": [ 14, 9, 16 ],
			"faces": {
				"down": { "uv": [ 7.125, 13.875, 8.5, 14 ], "texture": "#voxels_atlas" },
				"up": { "uv": [ 7.125, 14.125, 8.5, 14 ], "texture": "#voxels_atlas" },
				"north": { "uv": [ 8.5, 14.125, 7.125, 14.25 ], "texture": "#voxels_atlas" },
				"south": { "uv": [ 7.125, 14.25, 8.5, 14.375 ], "texture": "#voxels_atlas" },
				"west": { "uv": [ 6.125, 12.125, 6.25, 12.25 ], "texture": "#voxels_atlas" },
				"east": { "uv": [ 7.625, 10, 7.5, 10.125 ], "texture": "#voxels_atlas" }
			}
		},
		{
			"__comment": "Voxels",
			"from": [ 4, 6, -10 ],
			"to": [ 13, 10, 15 ],
			"faces": {
				"down": { "uv": [ 0, 12.875, 1.125, 16 ], "texture": "#voxels_atlas" },
				"up": { "uv": [ 0, 12.875, 1.125, 9.75 ], "texture": "#voxels_atlas" },
				"north": { "uv": [ 1.125, 8, 0, 8.5 ], "texture": "#voxels_atlas" },
				"south": { "uv": [ 1.125, 9.5, 2.25, 10 ], "texture": "#voxels_atlas" },
				"west": { "uv": [ 5.625, 15.5, 8.75, 16 ], "texture": "#voxels_atlas" },
				"east": { "uv": [ 11.875, 15.5, 8.75, 16 ], "texture": "#voxels_atlas" }
			}
		},
		{
			"__comment": "Voxels",
			"from": [ 4, 6, 15 ],
			"to": [ 13, 8, 16 ],
			"faces": {
				"down": { "uv": [ 6, 9.625, 7.125, 9.75 ], "texture": "#voxels_atlas" },
				"up": { "uv": [ 6, 10.125, 7.125, 10 ], "texture": "#voxels_atlas" },
				"north": { "uv": [ 7.125, 14, 6, 14.25 ], "texture": "#voxels_atlas" },
				"south": { "uv": [ 6, 14.25, 7.125, 14.5 ], "texture": "#voxels_atlas" },
				"west": { "uv": [ 15.875, 15.5, 16, 15.75 ], "texture": "#voxels_atlas" },
				"east": { "uv": [ 6.25, 12.25, 6.125, 12.5 ], "texture": "#voxels_atlas" }
			}
		},
		{
			"__comment": "Voxels",
			"from": [ 4, 7, -11 ],
			"to": [ 13, 9, -10 ],
			"faces": {
				"down": { "uv": [ 6, 10.125, 7.125, 10.25 ], "texture": "#voxels_atlas" },
				"up": { "uv": [ 6, 10.375, 7.125, 10.25 ], "texture": "#voxels_atlas" },
				"north": { "uv": [ 15, 15.5, 13.875, 15.75 ], "texture": "#voxels_atlas" },
				"south": { "uv": [ 6, 14.75, 7.125, 15 ], "texture": "#voxels_atlas" },
				"west": { "uv": [ 6.25, 12.25, 6.375, 12.5 ], "texture": "#voxels_atlas" },
				"east": { "uv": [ 7.125, 13.75, 7, 14 ], "texture": "#voxels_atlas" }
			}
		},
		{
			"__comment": "Voxels",
			"from": [ 4, 7, 16 ],
			"to": [ 13, 8, 17 ],
			"faces": {
				"down": { "uv": [ 6, 10.375, 7.125, 10.5 ], "texture": "#voxels_atlas" },
				"up": { "uv": [ 6, 10.625, 7.125, 10.5 ], "texture": "#voxels_atlas" },
				"north": { "uv": [ 7.125, 10.75, 6, 10.875 ], "texture": "#voxels_atlas" },
				"south": { "uv": [ 6, 10.625, 7.125, 10.75 ], "texture": "#voxels_atlas" },
				"west": { "uv": [ 7.375, 9.875, 7.5, 10 ], "texture": "#voxels_atlas" },
				"east": { "uv": [ 9, 10.25, 8.875, 10.375 ], "texture": "#voxels_atlas" }
			}
		},
		{
			"__comment": "Voxels",
			"from": [ 4, 9, 15 ],
			"to": [ 13, 10, 17 ],
			"faces": {
				"down": { "uv": [ 13.875, 15.75, 15, 16 ], "texture": "#voxels_atlas" },
				"up": { "uv": [ 6, 14.75, 7.125, 14.5 ], "texture": "#voxels_atlas" },
				"north": { "uv": [ 7.125, 10.875, 6, 11 ], "texture": "#voxels_atlas" },
				"south": { "uv": [ 6, 11.125, 7.125, 11.25 ], "texture": "#voxels_atlas" },
				"west": { "uv": [ 7.75, 10.375, 8, 10.5 ], "texture": "#voxels_atlas" },
				"east": { "uv": [ 9, 14.625, 8.75, 14.75 ], "texture": "#voxels_atlas" }
			}
		},
		{
			"__comment": "Voxels",
			"from": [ 4, 10, -9 ],
			"to": [ 13, 11, 15 ],
			"faces": {
				"down": { "uv": [ 1.125, 10, 2.25, 13 ], "texture": "#voxels_atlas" },
				"up": { "uv": [ 1.125, 16, 2.25, 13 ], "texture": "#voxels_atlas" },
				"north": { "uv": [ 16, 15, 14.875, 15.125 ], "texture": "#voxels_atlas" },
				"south": { "uv": [ 6, 11, 7.125, 11.125 ], "texture": "#voxels_atlas" },
				"west": { "uv": [ 6, 15.125, 9, 15.25 ], "texture": "#voxels_atlas" },
				"east": { "uv": [ 12, 15.125, 9, 15.25 ], "texture": "#voxels_atlas" }
			}
		},
		{
			"__comment": "Voxels",
			"from": [ 5, 5, -10 ],
			"to": [ 12, 6, 17 ],
			"faces": {
				"down": { "uv": [ 3.875, 12.625, 4.75, 16 ], "texture": "#voxels_atlas" },
				"up": { "uv": [ 2.25, 12, 3.125, 8.625 ], "texture": "#voxels_atlas" },
				"north": { "uv": [ 2, 8, 1.125, 8.125 ], "texture": "#voxels_atlas" },
				"south": { "uv": [ 7.25, 13.125, 8.125, 13.25 ], "texture": "#voxels_atlas" },
				"west": { "uv": [ 6, 15.375, 9.375, 15.5 ], "texture": "#voxels_atlas" },
				"east": { "uv": [ 12.75, 15.375, 9.375, 15.5 ], "texture": "#voxels_atlas" }
			}
		},
		{
			"__comment": "Voxels",
			"from": [ 5, 6, -12 ],
			"to": [ 12, 10, -11 ],
			"faces": {
				"down": { "uv": [ 7.25, 13.25, 8.125, 13.375 ], "texture": "#voxels_atlas" },
				"up": { "uv": [ 7.25, 13.5, 8.125, 13.375 ], "texture": "#voxels_atlas" },
				"north": { "uv": [ 2, 9, 1.125, 9.5 ], "texture": "#voxels_atlas" },
				"south": { "uv": [ 1.125, 8.5, 2, 9 ], "texture": "#voxels_atlas" },
				"west": { "uv": [ 2.125, 8, 2.25, 8.5 ], "texture": "#voxels_atlas" },
				"east": { "uv": [ 6.125, 8.125, 6, 8.625 ], "texture": "#voxels_atlas" }
			}
		},
		{
			"__comment": "Voxels",
			"from": [ 5, 6, -11 ],
			"to": [ 12, 7, -10 ],
			"faces": {
				"down": { "uv": [ 8, 12.625, 8.875, 12.75 ], "texture": "#voxels_atlas" },
				"up": { "uv": [ 7.125, 12.75, 8, 12.625 ], "texture": "#voxels_atlas" },
				"north": { "uv": [ 8.125, 12.875, 7.25, 13 ], "texture": "#voxels_atlas" },
				"south": { "uv": [ 8, 12.75, 8.875, 12.875 ], "texture": "#voxels_atlas" },
				"west": { "uv": [ 8.875, 12.25, 9, 12.375 ], "texture": "#voxels_atlas" },
				"east": { "uv": [ 9, 14, 8.875, 14.125 ], "texture": "#voxels_atlas" }
			}
		},
		{
			"__comment": "Voxels",
			"from": [ 5, 6, 16 ],
			"to": [ 12, 7, 18 ],
			"faces": {
				"down": { "uv": [ 15, 15.5, 15.875, 15.75 ], "texture": "#voxels_atlas" },
				"up": { "uv": [ 4.75, 8.625, 5.625, 8.375 ], "texture": "#voxels_atlas" },
				"north": { "uv": [ 8, 12.75, 7.125, 12.875 ], "texture": "#voxels_atlas" },
				"south": { "uv": [ 6.125, 8.125, 7, 8.25 ], "texture": "#voxels_atlas" },
				"west": { "uv": [ 8.75, 11.125, 9, 11.25 ], "texture": "#voxels_atlas" },
				"east": { "uv": [ 7.75, 10.375, 7.5, 10.5 ], "texture": "#voxels_atlas" }
			}
		},
		{
			"__comment": "Voxels",
			"from": [ 5, 7, 17 ],
			"to": [ 12, 8, 20 ],
			"faces": {
				"down": { "uv": [ 2.25, 8.25, 3.125, 8.625 ], "texture": "#voxels_atlas" },
				"up": { "uv": [ 1.125, 8.5, 2, 8.125 ], "texture": "#voxels_atlas" },
				"north": { "uv": [ 7, 8.75, 6.125, 8.875 ], "texture": "#voxels_atlas" },
				"south": { "uv": [ 6.125, 8.625, 7, 8.75 ], "texture": "#voxels_atlas" },
				"west": { "uv": [ 8.25, 10.75, 8.625, 10.875 ], "texture": "#voxels_atlas" },
				"east": { "uv": [ 9, 10.75, 8.625, 10.875 ], "texture": "#voxels_atlas" }
			}
		},
		{
			"__comment": "Voxels",
			"from": [ 5, 9, -11 ],
			"to": [ 12, 11, -10 ],
			"faces": {
				"down": { "uv": [ 6.125, 8, 7, 8.125 ], "texture": "#voxels_atlas" },
				"up": { "uv": [ 7.25, 13.125, 8.125, 13 ], "texture": "#voxels_atlas" },
				"north": { "uv": [ 3.125, 8, 2.25, 8.25 ], "texture": "#voxels_atlas" },
				"south": { "uv": [ 4.75, 8.625, 5.625, 8.875 ], "texture": "#voxels_atlas" },
				"west": { "uv": [ 7, 13.5, 7.125, 13.75 ], "texture": "#voxels_atlas" },
				"east": { "uv": [ 7.125, 13.25, 7, 13.5 ], "texture": "#voxels_atlas" }
			}
		},
		{
			"__comment": "Voxels",
			"from": [ 5, 9, 17 ],
			"to": [ 12, 10, 19 ],
			"faces": {
				"down": { "uv": [ 4.75, 8.875, 5.625, 9.125 ], "texture": "#voxels_atlas" },
				"up": { "uv": [ 4.75, 9.375, 5.625, 9.125 ], "texture": "#voxels_atlas" },
				"north": { "uv": [ 7, 9, 6.125, 9.125 ], "texture": "#voxels_atlas" },
				"south": { "uv": [ 6.125, 8.875, 7, 9 ], "texture": "#voxels_atlas" },
				"west": { "uv": [ 8.5, 10.375, 8.75, 10.5 ], "texture": "#voxels_atlas" },
				"east": { "uv": [ 2.25, 9, 2, 9.125 ], "texture": "#voxels_atlas" }
			}
		},
		{
			"__comment": "Voxels",
			"from": [ 5, 10, -10 ],
			"to": [ 12, 11, -9 ],
			"faces": {
				"down": { "uv": [ 6.125, 8.5, 7, 8.625 ], "texture": "#voxels_atlas" },
				"up": { "uv": [ 6.125, 8.5, 7, 8.375 ], "texture": "#voxels_atlas" },
				"north": { "uv": [ 7, 9.125, 6.125, 9.25 ], "texture": "#voxels_atlas" },
				"south": { "uv": [ 6.125, 8.25, 7, 8.375 ], "texture": "#voxels_atlas" },
				"west": { "uv": [ 8.875, 14.125, 9, 14.25 ], "texture": "#voxels_atlas" },
				"east": { "uv": [ 9, 14.25, 8.875, 14.375 ], "texture": "#voxels_atlas" }
			}
		},
		{
			"__comment": "Voxels",
			"from": [ 5, 10, 15 ],
			"to": [ 12, 12, 16 ],
			"faces": {
				"down": { "uv": [ 7.25, 13.625, 8.125, 13.75 ], "texture": "#voxels_atlas" },
				"up": { "uv": [ 7.25, 13.625, 8.125, 13.5 ], "texture": "#voxels_atlas" },
				"north": { "uv": [ 15.875, 15.75, 15, 16 ], "texture": "#voxels_atlas" },
				"south": { "uv": [ 4.75, 8.125, 5.625, 8.375 ], "texture": "#voxels_atlas" },
				"west": { "uv": [ 7, 12.75, 7.125, 13 ], "texture": "#voxels_atlas" },
				"east": { "uv": [ 7.125, 13, 7, 13.25 ], "texture": "#voxels_atlas" }
			}
		},
		{
			"__comment": "Voxels",
			"from": [ 5, 10, 16 ],
			"to": [ 12, 11, 17 ],
			"faces": {
				"down": { "uv": [ 4.75, 8, 5.625, 8.125 ], "texture": "#voxels_atlas" },
				"up": { "uv": [ 7.125, 12.625, 8, 12.5 ], "texture": "#voxels_atlas" },
				"north": { "uv": [ 15.875, 15.125, 15, 15.25 ], "texture": "#voxels_atlas" },
				"south": { "uv": [ 6.125, 9.5, 7, 9.625 ], "texture": "#voxels_atlas" },
				"west": { "uv": [ 8.875, 12.75, 9, 12.875 ], "texture": "#voxels_atlas" },
				"east": { "uv": [ 9, 13.75, 8.875, 13.875 ], "texture": "#voxels_atlas" }
			}
		},
		{
			"__comment": "Voxels",
			"from": [ 5, 11, -9 ],
			"to": [ 12, 12, 15 ],
			"faces": {
				"down": { "uv": [ 4.75, 13, 5.625, 16 ], "texture": "#voxels_atlas" },
				"up": { "uv": [ 3.875, 12.625, 4.75, 9.625 ], "texture": "#voxels_atlas" },
				"north": { "uv": [ 7, 9.375, 6.125, 9.5 ], "texture": "#voxels_atlas" },
				"south": { "uv": [ 6.125, 9.25, 7, 9.375 ], "texture": "#voxels_atlas" },
				"west": { "uv": [ 6, 15, 9, 15.125 ], "texture": "#voxels_atlas" },
				"east": { "uv": [ 15, 15.125, 12, 15.25 ], "texture": "#voxels_atlas" }
			}
		},
		{
			"__comment": "Voxels",
			"from": [ 6, 4, -10 ],
			"to": [ 11, 5, 16 ],
			"faces": {
				"down": { "uv": [ 3.125, 8.75, 3.75, 12 ], "texture": "#voxels_atlas" },
				"up": { "uv": [ 4.75, 13, 5.375, 9.75 ], "texture": "#voxels_atlas" },
				"north": { "uv": [ 8.375, 11.125, 7.75, 11.25 ], "texture": "#voxels_atlas" },
				"south": { "uv": [ 7.125, 11.125, 7.75, 11.25 ], "texture": "#voxels_atlas" },
				"west": { "uv": [ 12.75, 15.375, 16, 15.5 ], "texture": "#voxels_atlas" },
				"east": { "uv": [ 9.25, 15.25, 6, 15.375 ], "texture": "#voxels_atlas" }
			}
		},
		{
			"__comment": "Voxels",
			"from": [ 6, 5, -12 ],
			"to": [ 11, 6, -10 ],
			"faces": {
				"down": { "uv": [ 6.375, 13.25, 7, 13.5 ], "texture": "#voxels_atlas" },
				"up": { "uv": [ 6.375, 13.75, 7, 13.5 ], "texture": "#voxels_atlas" },
				"north": { "uv": [ 9, 11.25, 8.375, 11.375 ], "texture": "#voxels_atlas" },
				"south": { "uv": [ 7.75, 11.25, 8.375, 11.375 ], "texture": "#voxels_atlas" },
				"west": { "uv": [ 8.25, 10.375, 8.5, 10.5 ], "texture": "#voxels_atlas" },
				"east": { "uv": [ 8.25, 10.375, 8, 10.5 ], "texture": "#voxels_atlas" }
			}
		},
		{
			"__comment": "Voxels",
			"from": [ 6, 5, 17 ],
			"to": [ 11, 6, 18 ],
			"faces": {
				"down": { "uv": [ 7.125, 11.25, 7.75, 11.375 ], "texture": "#voxels_atlas" },
				"up": { "uv": [ 8.375, 11.5, 9, 11.375 ], "texture": "#voxels_atlas" },
				"north": { "uv": [ 7.75, 11.375, 7.125, 11.5 ], "texture": "#voxels_atlas" },
				"south": { "uv": [ 8.375, 11.5, 9, 11.625 ], "texture": "#voxels_atlas" },
				"west": { "uv": [ 5.5, 9.875, 5.625, 10 ], "texture": "#voxels_atlas" },
				"east": { "uv": [ 8, 10, 7.875, 10.125 ], "texture": "#voxels_atlas" }
			}
		},
		{
			"__comment": "Voxels",
			"from": [ 6, 6, -13 ],
			"to": [ 11, 10, -12 ],
			"faces": {
				"down": { "uv": [ 7.75, 11.5, 8.375, 11.625 ], "texture": "#voxels_atlas" },
				"up": { "uv": [ 7.125, 11.625, 7.75, 11.5 ], "texture": "#voxels_atlas" },
				"north": { "uv": [ 3.75, 8.25, 3.125, 8.75 ], "texture": "#voxels_atlas" },
				"south": { "uv": [ 3.875, 9.125, 4.5, 9.625 ], "texture": "#voxels_atlas" },
				"west": { "uv": [ 4.625, 9.125, 4.75, 9.625 ], "texture": "#voxels_atlas" },
				"east": { "uv": [ 2.125, 8, 2, 8.5 ], "texture": "#voxels_atlas" }
			}
		},
		{
			"__comment": "Voxels",
			"from": [ 6, 6, 18 ],
			"to": [ 11, 7, 21 ],
			"faces": {
				"down": { "uv": [ 4.75, 9.375, 5.375, 9.75 ], "texture": "#voxels_atlas" },
				"up": { "uv": [ 3.875, 9.125, 4.5, 8.75 ], "texture": "#voxels_atlas" },
				"north": { "uv": [ 8.375, 12.125, 7.75, 12.25 ], "texture": "#voxels_atlas" },
				"south": { "uv": [ 8.375, 12.125, 9, 12.25 ], "texture": "#voxels_atlas" },
				"west": { "uv": [ 7.125, 10.75, 7.5, 10.875 ], "texture": "#voxels_atlas" },
				"east": { "uv": [ 8.875, 12.25, 8.5, 12.375 ], "texture": "#voxels_atlas" }
			}
		},
		{
			"__comment": "Voxels",
			"from": [ 6, 7, 20 ],
			"to": [ 11, 8, 23 ],
			"faces": {
				"down": { "uv": [ 3.875, 8.375, 4.5, 8.75 ], "texture": "#voxels_atlas" },
				"up": { "uv": [ 3.875, 8.375, 4.5, 8 ], "texture": "#voxels_atlas" },
				"north": { "uv": [ 7.75, 11.875, 7.125, 12 ], "texture": "#voxels_atlas" },
				"south": { "uv": [ 7.75, 12, 8.375, 12.125 ], "texture": "#voxels_atlas" },
				"west": { "uv": [ 8.25, 10.625, 8.625, 10.75 ], "texture": "#voxels_atlas" },
				"east": { "uv": [ 7.125, 11.25, 6.75, 11.375 ], "texture": "#voxels_atlas" }
			}
		},
		{
			"__comment": "Voxels",
			"from": [ 6, 9, 19 ],
			"to": [ 11, 11, 20 ],
			"faces": {
				"down": { "uv": [ 7.125, 11.75, 7.75, 11.875 ], "texture": "#voxels_atlas" },
				"up": { "uv": [ 7.75, 11.875, 8.375, 11.75 ], "texture": "#voxels_atlas" },
				"north": { "uv": [ 7, 13, 6.375, 13.25 ], "texture": "#voxels_atlas" },
				"south": { "uv": [ 6.375, 12.75, 7, 13 ], "texture": "#voxels_atlas" },
				"west": { "uv": [ 7, 11.625, 7.125, 11.875 ], "texture": "#voxels_atlas" },
				"east": { "uv": [ 7.125, 11.875, 7, 12.125 ], "texture": "#voxels_atlas" }
			}
		},
		{
			"__comment": "Voxels",
			"from": [ 6, 9, 20 ],
			"to": [ 11, 10, 22 ],
			"faces": {
				"down": { "uv": [ 6.375, 12.5, 7, 12.75 ], "texture": "#voxels_atlas" },
				"up": { "uv": [ 6.375, 12.5, 7, 12.25 ], "texture": "#voxels_atlas" },
				"north": { "uv": [ 8.375, 11.625, 7.75, 11.75 ], "texture": "#voxels_atlas" },
				"south": { "uv": [ 7.125, 12, 7.75, 12.125 ], "texture": "#voxels_atlas" },
				"west": { "uv": [ 7.625, 10.125, 7.875, 10.25 ], "texture": "#voxels_atlas" },
				"east": { "uv": [ 7.375, 10.25, 7.125, 10.375 ], "texture": "#voxels_atlas" }
			}
		},
		{
			"__comment": "Voxels",
			"from": [ 6, 10, -12 ],
			"to": [ 11, 11, -11 ],
			"faces": {
				"down": { "uv": [ 7.75, 11.375, 8.375, 11.5 ], "texture": "#voxels_atlas" },
				"up": { "uv": [ 7.125, 11.75, 7.75, 11.625 ], "texture": "#voxels_atlas" },
				"north": { "uv": [ 7, 12.125, 6.375, 12.25 ], "texture": "#voxels_atlas" },
				"south": { "uv": [ 8.375, 11.625, 9, 11.75 ], "texture": "#voxels_atlas" },
				"west": { "uv": [ 8.875, 12.375, 9, 12.5 ], "texture": "#voxels_atlas" },
				"east": { "uv": [ 9, 12.625, 8.875, 12.75 ], "texture": "#voxels_atlas" }
			}
		},
		{
			"__comment": "Voxels",
			"from": [ 6, 10, 17 ],
			"to": [ 11, 11, 19 ],
			"faces": {
				"down": { "uv": [ 6.375, 13.75, 7, 14 ], "texture": "#voxels_atlas" },
				"up": { "uv": [ 3.125, 8.25, 3.75, 8 ], "texture": "#voxels_atlas" },
				"north": { "uv": [ 8.5, 12.25, 7.875, 12.375 ], "texture": "#voxels_atlas" },
				"south": { "uv": [ 8.375, 11.75, 9, 11.875 ], "texture": "#voxels_atlas" },
				"west": { "uv": [ 2, 8.5, 2.25, 8.625 ], "texture": "#voxels_atlas" },
				"east": { "uv": [ 8.875, 10.25, 8.625, 10.375 ], "texture": "#voxels_atlas" }
			}
		},
		{
			"__comment": "Voxels",
			"from": [ 6, 11, -11 ],
			"to": [ 11, 12, -9 ],
			"faces": {
				"down": { "uv": [ 6, 11.625, 6.625, 11.875 ], "texture": "#voxels_atlas" },
				"up": { "uv": [ 6, 12.125, 6.625, 11.875 ], "texture": "#voxels_atlas" },
				"north": { "uv": [ 8.375, 11.875, 7.75, 12 ], "texture": "#voxels_atlas" },
				"south": { "uv": [ 8.375, 11.875, 9, 12 ], "texture": "#voxels_atlas" },
				"west": { "uv": [ 8.75, 10.375, 9, 10.5 ], "texture": "#voxels_atlas" },
				"east": { "uv": [ 7.625, 10.25, 7.375, 10.375 ], "texture": "#voxels_atlas" }
			}
		},
		{
			"__comment": "Voxels",
			"from": [ 6, 11, 16 ],
			"to": [ 11, 12, 17 ],
			"faces": {
				"down": { "uv": [ 8, 12.5, 8.625, 12.625 ], "texture": "#voxels_atlas" },
				"up": { "uv": [ 7.875, 12.5, 8.5, 12.375 ], "texture": "#voxels_atlas" },
				"north": { "uv": [ 7.75, 12.125, 7.125, 12.25 ], "texture": "#voxels_atlas" },
				"south": { "uv": [ 8.375, 12, 9, 12.125 ], "texture": "#voxels_atlas" },
				"west": { "uv": [ 7, 8.75, 7.125, 8.875 ], "texture": "#voxels_atlas" },
				"east": { "uv": [ 7.125, 8.875, 7, 9 ], "texture": "#voxels_atlas" }
			}
		},
		{
			"__comment": "Voxels",
			"from": [ 7, 4, -11 ],
			"to": [ 10, 5, -10 ],
			"faces": {
				"down": { "uv": [ 7.875, 10.5, 8.25, 10.625 ], "texture": "#voxels_atlas" },
				"up": { "uv": [ 8.25, 10.625, 8.625, 10.5 ], "texture": "#voxels_atlas" },
				"north": { "uv": [ 9, 10.5, 8.625, 10.625 ], "texture": "#voxels_atlas" },
				"south": { "uv": [ 15.5, 15.25, 15.875, 15.375 ], "texture": "#voxels_atlas" },
				"west": { "uv": [ 7, 9.25, 7.125, 9.375 ], "texture": "#voxels_atlas" },
				"east": { "uv": [ 7.125, 9.375, 7, 9.5 ], "texture": "#voxels_atlas" }
			}
		},
		{
			"__comment": "Voxels",
			"from": [ 7, 4, 16 ],
			"to": [ 10, 5, 17 ],
			"faces": {
				"down": { "uv": [ 8.625, 14.5, 9, 14.625 ], "texture": "#voxels_atlas" },
				"up": { "uv": [ 8.625, 14.5, 9, 14.375 ], "texture": "#voxels_atlas" },
				"north": { "uv": [ 9, 10.875, 8.625, 11 ], "texture": "#voxels_atlas" },
				"south": { "uv": [ 8.375, 11.125, 8.75, 11.25 ], "texture": "#voxels_atlas" },
				"west": { "uv": [ 15.875, 15.125, 16, 15.25 ], "texture": "#voxels_atlas" },
				"east": { "uv": [ 7.875, 9.875, 7.75, 10 ], "texture": "#voxels_atlas" }
			}
		},
		{
			"__comment": "Voxels",
			"from": [ 7, 5, 18 ],
			"to": [ 10, 6, 20 ],
			"faces": {
				"down": { "uv": [ 8.625, 13, 9, 13.25 ], "texture": "#voxels_atlas" },
				"up": { "uv": [ 7.125, 12.5, 7.5, 12.25 ], "texture": "#voxels_atlas" },
				"north": { "uv": [ 8.625, 12.875, 8.25, 13 ], "texture": "#voxels_atlas" },
				"south": { "uv": [ 8.625, 12.875, 9, 13 ], "texture": "#voxels_atlas" },
				"west": { "uv": [ 7.625, 10.25, 7.875, 10.375 ], "texture": "#voxels_atlas" },
				"east": { "uv": [ 8.125, 10.25, 7.875, 10.375 ], "texture": "#voxels_atlas" }
			}
		},
		{
			"__comment": "Voxels",
			"from": [ 7, 6, 21 ],
			"to": [ 10, 7, 23 ],
			"faces": {
				"down": { "uv": [ 7.5, 12.25, 7.875, 12.5 ], "texture": "#voxels_atlas" },
				"up": { "uv": [ 5.625, 8.25, 6, 8 ], "texture": "#voxels_atlas" },
				"north": { "uv": [ 7.5, 11, 7.125, 11.125 ], "texture": "#voxels_atlas" },
				"south": { "uv": [ 7.5, 11, 7.875, 11.125 ], "texture": "#voxels_atlas" },
				"west": { "uv": [ 8.125, 10.25, 8.375, 10.375 ], "texture": "#voxels_atlas" },
				"east": { "uv": [ 8.625, 10.25, 8.375, 10.375 ], "texture": "#voxels_atlas" }
			}
		},
		{
			"__comment": "Voxels",
			"from": [ 7, 7, -14 ],
			"to": [ 10, 10, -13 ],
			"faces": {
				"down": { "uv": [ 8.625, 11, 9, 11.125 ], "texture": "#voxels_atlas" },
				"up": { "uv": [ 7.125, 11, 7.5, 10.875 ], "texture": "#voxels_atlas" },
				"north": { "uv": [ 6.75, 11.25, 6.375, 11.625 ], "texture": "#voxels_atlas" },
				"south": { "uv": [ 6, 11.25, 6.375, 11.625 ], "texture": "#voxels_atlas" },
				"west": { "uv": [ 4.5, 8.75, 4.625, 9.125 ], "texture": "#voxels_atlas" },
				"east": { "uv": [ 4.75, 8.75, 4.625, 9.125 ], "texture": "#voxels_atlas" }
			}
		},
		{
			"__comment": "Voxels",
			"from": [ 7, 7, 23 ],
			"to": [ 10, 8, 25 ],
			"faces": {
				"down": { "uv": [ 6.625, 11.875, 7, 12.125 ], "texture": "#voxels_atlas" },
				"up": { "uv": [ 6.625, 11.875, 7, 11.625 ], "texture": "#voxels_atlas" },
				"north": { "uv": [ 8.625, 10.875, 8.25, 11 ], "texture": "#voxels_atlas" },
				"south": { "uv": [ 7.5, 10.75, 7.875, 10.875 ], "texture": "#voxels_atlas" },
				"west": { "uv": [ 7.125, 10.125, 7.375, 10.25 ], "texture": "#voxels_atlas" },
				"east": { "uv": [ 7.625, 10.125, 7.375, 10.25 ], "texture": "#voxels_atlas" }
			}
		},
		{
			"__comment": "Voxels",
			"from": [ 7, 9, 22 ],
			"to": [ 10, 10, 24 ],
			"faces": {
				"down": { "uv": [ 6.75, 11.375, 7.125, 11.625 ], "texture": "#voxels_atlas" },
				"up": { "uv": [ 8.25, 13.75, 8.625, 13.5 ], "texture": "#voxels_atlas" },
				"north": { "uv": [ 8.25, 10.625, 7.875, 10.75 ], "texture": "#voxels_atlas" },
				"south": { "uv": [ 8.625, 10.625, 9, 10.75 ], "texture": "#voxels_atlas" },
				"west": { "uv": [ 7.875, 10.125, 8.125, 10.25 ], "texture": "#voxels_atlas" },
				"east": { "uv": [ 8.375, 10.125, 8.125, 10.25 ], "texture": "#voxels_atlas" }
			}
		},
		{
			"__comment": "Voxels",
			"from": [ 7, 10, -13 ],
			"to": [ 10, 11, -12 ],
			"faces": {
				"down": { "uv": [ 8.5, 12.375, 8.875, 12.5 ], "texture": "#voxels_atlas" },
				"up": { "uv": [ 7.875, 11.125, 8.25, 11 ], "texture": "#voxels_atlas" },
				"north": { "uv": [ 8.625, 11, 8.25, 11.125 ], "texture": "#voxels_atlas" },
				"south": { "uv": [ 7.5, 10.875, 7.875, 11 ], "texture": "#voxels_atlas" },
				"west": { "uv": [ 7, 9.5, 7.125, 9.625 ], "texture": "#voxels_atlas" },
				"east": { "uv": [ 6.125, 8, 6, 8.125 ], "texture": "#voxels_atlas" }
			}
		},
		{
			"__comment": "Voxels",
			"from": [ 7, 10, 20 ],
			"to": [ 10, 11, 21 ],
			"faces": {
				"down": { "uv": [ 7.125, 10.625, 7.5, 10.75 ], "texture": "#voxels_atlas" },
				"up": { "uv": [ 7.5, 10.75, 7.875, 10.625 ], "texture": "#voxels_atlas" },
				"north": { "uv": [ 7.5, 10.5, 7.125, 10.625 ], "texture": "#voxels_atlas" },
				"south": { "uv": [ 8.625, 12.5, 9, 12.625 ], "texture": "#voxels_atlas" },
				"west": { "uv": [ 8.875, 13.875, 9, 14 ], "texture": "#voxels_atlas" },
				"east": { "uv": [ 16, 15.25, 15.875, 15.375 ], "texture": "#voxels_atlas" }
			}
		},
		{
			"__comment": "Voxels",
			"from": [ 7, 11, -12 ],
			"to": [ 10, 12, -11 ],
			"faces": {
				"down": { "uv": [ 7.875, 10.75, 8.25, 10.875 ], "texture": "#voxels_atlas" },
				"up": { "uv": [ 7.875, 11, 8.25, 10.875 ], "texture": "#voxels_atlas" },
				"north": { "uv": [ 8.875, 13.875, 8.5, 14 ], "texture": "#voxels_atlas" },
				"south": { "uv": [ 7.125, 10.375, 7.5, 10.5 ], "texture": "#voxels_atlas" },
				"west": { "uv": [ 7.625, 9.875, 7.75, 10 ], "texture": "#voxels_atlas" },
				"east": { "uv": [ 7.875, 10, 7.75, 10.125 ], "texture": "#voxels_atlas" }
			}
		},
		{
			"__comment": "Voxels",
			"from": [ 7, 11, 17 ],
			"to": [ 10, 12, 19 ],
			"faces": {
				"down": { "uv": [ 8.625, 13.5, 9, 13.75 ], "texture": "#voxels_atlas" },
				"up": { "uv": [ 8.25, 13.5, 8.625, 13.25 ], "texture": "#voxels_atlas" },
				"north": { "uv": [ 8.875, 14, 8.5, 14.125 ], "texture": "#voxels_atlas" },
				"south": { "uv": [ 8.5, 14.25, 8.875, 14.375 ], "texture": "#voxels_atlas" },
				"west": { "uv": [ 5.375, 9.75, 5.625, 9.875 ], "texture": "#voxels_atlas" },
				"east": { "uv": [ 9, 14.75, 8.75, 14.875 ], "texture": "#voxels_atlas" }
			}
		},
		{
			"__comment": "Voxels",
			"from": [ 7, 12, -9 ],
			"to": [ 10, 13, 16 ],
			"faces": {
				"down": { "uv": [ 5.625, 9.25, 6, 12.375 ], "texture": "#voxels_atlas" },
				"up": { "uv": [ 5.625, 15.5, 6, 12.375 ], "texture": "#voxels_atlas" },
				"north": { "uv": [ 8.875, 14.125, 8.5, 14.25 ], "texture": "#voxels_atlas" },
				"south": { "uv": [ 7.5, 10.5, 7.875, 10.625 ], "texture": "#voxels_atlas" },
				"west": { "uv": [ 12.375, 15.25, 15.5, 15.375 ], "texture": "#voxels_atlas" },
				"east": { "uv": [ 12.375, 15.25, 9.25, 15.375 ], "texture": "#voxels_atlas" }
			}
		},
		{
			"__comment": "Voxels",
			"from": [ 8, 2, 16 ],
			"to": [ 9, 4, 32 ],
			"faces": {
				"down": { "uv": [ 3.75, 10, 3.875, 12 ], "texture": "#voxels_atlas" },
				"up": { "uv": [ 5.375, 13, 5.5, 11 ], "texture": "#voxels_atlas" },
				"north": { "uv": [ 3.875, 8, 3.75, 8.25 ], "texture": "#voxels_atlas" },
				"south": { "uv": [ 15.875, 15.75, 16, 16 ], "texture": "#voxels_atlas" },
				"west": { "uv": [ 11.875, 15.5, 13.875, 15.75 ], "texture": "#voxels_atlas" },
				"east": { "uv": [ 13.875, 15.75, 11.875, 16 ], "texture": "#voxels_atlas" }
			}
		},
		{
			"__comment": "Voxels",
			"from": [ 8, 3, 15 ],
			"to": [ 9, 4, 16 ],
			"faces": {
				"down": { "uv": [ 8.375, 10.125, 8.5, 10.25 ], "texture": "#voxels_atlas" },
				"up": { "uv": [ 8.5, 10.25, 8.625, 10.125 ], "texture": "#voxels_atlas" },
				"north": { "uv": [ 8.75, 10.125, 8.625, 10.25 ], "texture": "#voxels_atlas" },
				"south": { "uv": [ 8.75, 10.125, 8.875, 10.25 ], "texture": "#voxels_atlas" },
				"west": { "uv": [ 8.875, 10.125, 9, 10.25 ], "texture": "#voxels_atlas" },
				"east": { "uv": [ 7.5, 10, 7.375, 10.125 ], "texture": "#voxels_atlas" }
			}
		},
		{
			"__comment": "Voxels",
			"from": [ 8, 4, 17 ],
			"to": [ 9, 5, 32 ],
			"faces": {
				"down": { "uv": [ 5.5, 11.125, 5.625, 13 ], "texture": "#voxels_atlas" },
				"up": { "uv": [ 6, 14, 6.125, 12.125 ], "texture": "#voxels_atlas" },
				"north": { "uv": [ 7.625, 9.875, 7.5, 10 ], "texture": "#voxels_atlas" },
				"south": { "uv": [ 7.625, 10, 7.75, 10.125 ], "texture": "#voxels_atlas" },
				"west": { "uv": [ 13, 15, 14.875, 15.125 ], "texture": "#voxels_atlas" },
				"east": { "uv": [ 9, 14.875, 7.125, 15 ], "texture": "#voxels_atlas" }
			}
		},
		{
			"__comment": "Voxels",
			"from": [ 8, 5, 20 ],
			"to": [ 9, 6, 32 ],
			"faces": {
				"down": { "uv": [ 6.25, 12.5, 6.375, 14 ], "texture": "#voxels_atlas" },
				"up": { "uv": [ 6.125, 14, 6.25, 12.5 ], "texture": "#voxels_atlas" },
				"north": { "uv": [ 3.875, 8.75, 3.75, 8.875 ], "texture": "#voxels_atlas" },
				"south": { "uv": [ 5.5, 11, 5.625, 11.125 ], "texture": "#voxels_atlas" },
				"west": { "uv": [ 7.125, 14.375, 8.625, 14.5 ], "texture": "#voxels_atlas" },
				"east": { "uv": [ 8.625, 14.5, 7.125, 14.625 ], "texture": "#voxels_atlas" }
			}
		},
		{
			"__comment": "Voxels",
			"from": [ 8, 6, 23 ],
			"to": [ 9, 7, 32 ],
			"faces": {
				"down": { "uv": [ 5.375, 9.875, 5.5, 11 ], "texture": "#voxels_atlas" },
				"up": { "uv": [ 3.75, 10, 3.875, 8.875 ], "texture": "#voxels_atlas" },
				"north": { "uv": [ 6.375, 12.125, 6.25, 12.25 ], "texture": "#voxels_atlas" },
				"south": { "uv": [ 7, 12.125, 7.125, 12.25 ], "texture": "#voxels_atlas" },
				"west": { "uv": [ 6, 9.75, 7.125, 9.875 ], "texture": "#voxels_atlas" },
				"east": { "uv": [ 7.125, 9.875, 6, 10 ], "texture": "#voxels_atlas" }
			}
		},
		{
			"__comment": "Voxels",
			"from": [ 8, 7, 25 ],
			"to": [ 9, 8, 32 ],
			"faces": {
				"down": { "uv": [ 8.125, 12.875, 8.25, 13.75 ], "texture": "#voxels_atlas" },
				"up": { "uv": [ 7.125, 13.75, 7.25, 12.875 ], "texture": "#voxels_atlas" },
				"north": { "uv": [ 7.125, 9.125, 7, 9.25 ], "texture": "#voxels_atlas" },
				"south": { "uv": [ 7, 9, 7.125, 9.125 ], "texture": "#voxels_atlas" },
				"west": { "uv": [ 8, 13.75, 8.875, 13.875 ], "texture": "#voxels_atlas" },
				"east": { "uv": [ 8, 13.75, 7.125, 13.875 ], "texture": "#voxels_atlas" }
			}
		},
		{
			"__comment": "Voxels",
			"from": [ 8, 8, -15 ],
			"to": [ 9, 9, -14 ],
			"faces": {
				"down": { "uv": [ 7, 8.625, 7.125, 8.75 ], "texture": "#voxels_atlas" },
				"up": { "uv": [ 7, 8.625, 7.125, 8.5 ], "texture": "#voxels_atlas" },
				"north": { "uv": [ 7.125, 8.375, 7, 8.5 ], "texture": "#voxels_atlas" },
				"south": { "uv": [ 7, 8.25, 7.125, 8.375 ], "texture": "#voxels_atlas" },
				"west": { "uv": [ 7, 8.125, 7.125, 8.25 ], "texture": "#voxels_atlas" },
				"east": { "uv": [ 7.125, 8, 7, 8.125 ], "texture": "#voxels_atlas" }
			}
		},
		{
			"__comment": "Voxels",
			"from": [ 8, 9, 24 ],
			"to": [ 9, 14, 32 ],
			"faces": {
				"down": { "uv": [ 6, 8.625, 6.125, 9.625 ], "texture": "#voxels_atlas" },
				"up": { "uv": [ 5.5, 11, 5.625, 10 ], "texture": "#voxels_atlas" },
				"north": { "uv": [ 1.125, 8.5, 1, 9.125 ], "texture": "#voxels_atlas" },
				"south": { "uv": [ 1, 9.125, 1.125, 9.75 ], "texture": "#voxels_atlas" },
				"west": { "uv": [ 0, 9.125, 1, 9.75 ], "texture": "#voxels_atlas" },
				"east": { "uv": [ 1, 8.5, 0, 9.125 ], "texture": "#voxels_atlas" }
			}
		},
		{
			"__comment": "Voxels",
			"from": [ 8, 10, 21 ],
			"to": [ 9, 14, 24 ],
			"faces": {
				"down": { "uv": [ 4.5, 8.375, 4.625, 8.75 ], "texture": "#voxels_atlas" },
				"up": { "uv": [ 4.625, 8.75, 4.75, 8.375 ], "texture": "#voxels_atlas" },
				"north": { "uv": [ 3.875, 8.25, 3.75, 8.75 ], "texture": "#voxels_atlas" },
				"south": { "uv": [ 4.5, 9.125, 4.625, 9.625 ], "texture": "#voxels_atlas" },
				"west": { "uv": [ 5.625, 8.75, 6, 9.25 ], "texture": "#voxels_atlas" },
				"east": { "uv": [ 6, 8.25, 5.625, 8.75 ], "texture": "#voxels_atlas" }
			}
		},
		{
			"__comment": "Voxels",
			"from": [ 8, 11, 19 ],
			"to": [ 9, 14, 21 ],
			"faces": {
				"down": { "uv": [ 7, 12.5, 7.125, 12.75 ], "texture": "#voxels_atlas" },
				"up": { "uv": [ 7, 12.5, 7.125, 12.25 ], "texture": "#voxels_atlas" },
				"north": { "uv": [ 4.625, 8, 4.5, 8.375 ], "texture": "#voxels_atlas" },
				"south": { "uv": [ 4.625, 8, 4.75, 8.375 ], "texture": "#voxels_atlas" },
				"west": { "uv": [ 2, 9.125, 2.25, 9.5 ], "texture": "#voxels_atlas" },
				"east": { "uv": [ 2.25, 8.625, 2, 9 ], "texture": "#voxels_atlas" }
			}
		},
		{
			"__comment": "Voxels",
			"from": [ 8, 12, 16 ],
			"to": [ 9, 14, 19 ],
			"faces": {
				"down": { "uv": [ 5.375, 9.375, 5.5, 9.75 ], "texture": "#voxels_atlas" },
				"up": { "uv": [ 5.5, 9.75, 5.625, 9.375 ], "texture": "#voxels_atlas" },
				"north": { "uv": [ 7.25, 9.875, 7.125, 10.125 ], "texture": "#voxels_atlas" },
				"south": { "uv": [ 7.25, 9.875, 7.375, 10.125 ], "texture": "#voxels_atlas" },
				"west": { "uv": [ 8.625, 13.25, 9, 13.5 ], "texture": "#voxels_atlas" },
				"east": { "uv": [ 8.625, 13, 8.25, 13.25 ], "texture": "#voxels_atlas" }
			}
		}
	],
	"display": {
		"thirdperson_righthand": {
			"rotation":  [ 0, 0, 45 ],
			"translation":  [ 0, -2, 0 ],
			"scale":  [ 0.3903, 0.3903, 0.3903 ]
		},
		"thirdperson_lefthand": {
			"rotation":  [ 0, 0, 45 ],
			"translation":  [ 0, -2, 0 ],
			"scale":  [ 0.3903, 0.3903, 0.3903 ]
		}
	}
}