{
	"credit": "Made with Blockbench",
	"textures": {
		"1": "bullet/tracer",
		"particle": "bullet/tracer"
	},
	"elements": [
		{
			"from": [ 7, -1, 7 ],
			"to": [ 9, 1, 9 ],
			"faces": {
				"north": {"uv": [0, 0, 1, 1], "texture": "#1", "tintindex": 0},
				"east": {"uv": [0, 0, 1, 1], "texture": "#1", "tintindex": 0},
				"south": {"uv": [0, 0, 1, 1], "texture": "#1", "tintindex": 0},
				"west": {"uv": [0, 0, 1, 1], "texture": "#1", "tintindex": 0},
				"up": {"uv": [0, 0, 1, 1], "texture": "#1", "tintindex": 0},
				"down": {"uv": [0, 0, 1, 1], "texture": "#1", "tintindex": 0}
			}
		}
	],
	"display": {
		"head": {
			"translation":  [ 0, -15, 0 ],
			"scale":  [ 4, 4, 4 ]
		}
	}
}